# column 1: z  (column position)
# column 2: V  (velocity)
# column 3: Pt (total pressure)
# column 4: component 0 Q     (loading) 
# column 5: component 0 Qeq   (equilibrium loading)
# column 6: component 0 P     (partial pressure)
# column 7: component 0 Pnorm (normalized partial pressure)
# column 8: component 0 Dpdt  (derivative P with t)
# column 9: component 0 Dqdt  (derivative Q with t)
# column 10: component 1 Q     (loading) 
# column 11: component 1 Qeq   (equilibrium loading)
# column 12: component 1 P     (partial pressure)
# column 13: component 1 Pnorm (normalized partial pressure)
# column 14: component 1 Dpdt  (derivative P with t)
# column 15: component 1 Dqdt  (derivative Q with t)
0 0.0112 2.03e+06 0 0 1.5225e+06 1 0 0 0 1.01407 507500 1 0 0 
0.00365 0.0112003 2.02995e+06 0 0 2.02995e+06 1.33333 0 0 0 0 0 0 0 0 
0.0073 0.0112006 2.0299e+06 0 0 2.0299e+06 1.33333 0 0 0 0 0 0 0 0 
0.01095 0.0112008 2.02985e+06 0 0 2.02985e+06 1.33333 0 0 0 0 0 0 0 0 
0.0146 0.0112011 2.0298e+06 0 0 2.0298e+06 1.33333 0 0 0 0 0 0 0 0 
0.01825 0.0112014 2.02975e+06 0 0 2.02975e+06 1.33333 0 0 0 0 0 0 0 0 
0.0219 0.0112017 2.0297e+06 0 0 2.0297e+06 1.33333 0 0 0 0 0 0 0 0 
0.02555 0.0112019 2.02965e+06 0 0 2.02965e+06 1.33333 0 0 0 0 0 0 0 0 
0.0292 0.0112022 2.0296e+06 0 0 2.0296e+06 1.33333 0 0 0 0 0 0 0 0 
0.03285 0.0112025 2.02955e+06 0 0 2.02955e+06 1.33333 0 0 0 0 0 0 0 0 
0.0365 0.0112028 2.0295e+06 0 0 2.0295e+06 1.33333 0 0 0 0 0 0 0 0 
0.04015 0.011203 2.02945e+06 0 0 2.02945e+06 1.33333 0 0 0 0 0 0 0 0 
0.0438 0.0112033 2.0294e+06 0 0 2.0294e+06 1.33333 0 0 0 0 0 0 0 0 
0.04745 0.0112036 2.02935e+06 0 0 2.02935e+06 1.33333 0 0 0 0 0 0 0 0 
0.0511 0.0112039 2.0293e+06 0 0 2.0293e+06 1.33333 0 0 0 0 0 0 0 0 
0.05475 0.0112041 2.02925e+06 0 0 2.02925e+06 1.33333 0 0 0 0 0 0 0 0 
0.0584 0.0112044 2.0292e+06 0 0 2.0292e+06 1.33333 0 0 0 0 0 0 0 0 
0.06205 0.0112047 2.02915e+06 0 0 2.02915e+06 1.33333 0 0 0 0 0 0 0 0 
0.0657 0.011205 2.0291e+06 0 0 2.0291e+06 1.33333 0 0 0 0 0 0 0 0 
0.06935 0.0112052 2.02905e+06 0 0 2.02905e+06 1.33333 0 0 0 0 0 0 0 0 
0.073 0.0112055 2.029e+06 0 0 2.029e+06 1.33333 0 0 0 0 0 0 0 0 
0.07665 0.0112058 2.02895e+06 0 0 2.02895e+06 1.33333 0 0 0 0 0 0 0 0 
0.0803 0.0112061 2.0289e+06 0 0 2.0289e+06 1.33333 0 0 0 0 0 0 0 0 
0.08395 0.0112063 2.02885e+06 0 0 2.02885e+06 1.33333 0 0 0 0 0 0 0 0 
0.0876 0.0112066 2.0288e+06 0 0 2.0288e+06 1.33333 0 0 0 0 0 0 0 0 
0.09125 0.0112069 2.02875e+06 0 0 2.02875e+06 1.33333 0 0 0 0 0 0 0 0 
0.0949 0.0112072 2.0287e+06 0 0 2.0287e+06 1.33333 0 0 0 0 0 0 0 0 
0.09855 0.0112075 2.02865e+06 0 0 2.02865e+06 1.33333 0 0 0 0 0 0 0 0 
0.1022 0.0112077 2.0286e+06 0 0 2.0286e+06 1.33333 0 0 0 0 0 0 0 0 
0.10585 0.011208 2.02855e+06 0 0 2.02855e+06 1.33333 0 0 0 0 0 0 0 0 
0.1095 0.0112083 2.0285e+06 0 0 2.0285e+06 1.33333 0 0 0 0 0 0 0 0 
0.11315 0.0112086 2.02845e+06 0 0 2.02845e+06 1.33333 0 0 0 0 0 0 0 0 
0.1168 0.0112088 2.0284e+06 0 0 2.0284e+06 1.33333 0 0 0 0 0 0 0 0 
0.12045 0.0112091 2.02835e+06 0 0 2.02835e+06 1.33333 0 0 0 0 0 0 0 0 
0.1241 0.0112094 2.0283e+06 0 0 2.0283e+06 1.33333 0 0 0 0 0 0 0 0 
0.12775 0.0112097 2.02825e+06 0 0 2.02825e+06 1.33333 0 0 0 0 0 0 0 0 
0.1314 0.0112099 2.0282e+06 0 0 2.0282e+06 1.33333 0 0 0 0 0 0 0 0 
0.13505 0.0112102 2.02815e+06 0 0 2.02815e+06 1.33333 0 0 0 0 0 0 0 0 
0.1387 0.0112105 2.0281e+06 0 0 2.0281e+06 1.33333 0 0 0 0 0 0 0 0 
0.14235 0.0112108 2.02805e+06 0 0 2.02805e+06 1.33333 0 0 0 0 0 0 0 0 
0.146 0.011211 2.028e+06 0 0 2.028e+06 1.33333 0 0 0 0 0 0 0 0 
0.14965 0.0112113 2.02795e+06 0 0 2.02795e+06 1.33333 0 0 0 0 0 0 0 0 
0.1533 0.0112116 2.0279e+06 0 0 2.0279e+06 1.33333 0 0 0 0 0 0 0 0 
0.15695 0.0112119 2.02785e+06 0 0 2.02785e+06 1.33333 0 0 0 0 0 0 0 0 
0.1606 0.0112122 2.0278e+06 0 0 2.0278e+06 1.33333 0 0 0 0 0 0 0 0 
0.16425 0.0112124 2.02775e+06 0 0 2.02775e+06 1.33333 0 0 0 0 0 0 0 0 
0.1679 0.0112127 2.0277e+06 0 0 2.0277e+06 1.33333 0 0 0 0 0 0 0 0 
0.17155 0.011213 2.02765e+06 0 0 2.02765e+06 1.33333 0 0 0 0 0 0 0 0 
0.1752 0.0112133 2.0276e+06 0 0 2.0276e+06 1.33333 0 0 0 0 0 0 0 0 
0.17885 0.0112135 2.02755e+06 0 0 2.02755e+06 1.33333 0 0 0 0 0 0 0 0 
0.1825 0.0112138 2.0275e+06 0 0 2.0275e+06 1.33333 0 0 0 0 0 0 0 0 
0.18615 0.0112141 2.02745e+06 0 0 2.02745e+06 1.33333 0 0 0 0 0 0 0 0 
0.1898 0.0112144 2.0274e+06 0 0 2.0274e+06 1.33333 0 0 0 0 0 0 0 0 
0.19345 0.0112146 2.02735e+06 0 0 2.02735e+06 1.33333 0 0 0 0 0 0 0 0 
0.1971 0.0112149 2.0273e+06 0 0 2.0273e+06 1.33333 0 0 0 0 0 0 0 0 
0.20075 0.0112152 2.02725e+06 0 0 2.02725e+06 1.33333 0 0 0 0 0 0 0 0 
0.2044 0.0112155 2.0272e+06 0 0 2.0272e+06 1.33333 0 0 0 0 0 0 0 0 
0.20805 0.0112157 2.02715e+06 0 0 2.02715e+06 1.33333 0 0 0 0 0 0 0 0 
0.2117 0.011216 2.0271e+06 0 0 2.0271e+06 1.33333 0 0 0 0 0 0 0 0 
0.21535 0.0112163 2.02705e+06 0 0 2.02705e+06 1.33333 0 0 0 0 0 0 0 0 
0.219 0.0112166 2.027e+06 0 0 2.027e+06 1.33333 0 0 0 0 0 0 0 0 
0.22265 0.0112169 2.02695e+06 0 0 2.02695e+06 1.33333 0 0 0 0 0 0 0 0 
0.2263 0.0112171 2.0269e+06 0 0 2.0269e+06 1.33333 0 0 0 0 0 0 0 0 
0.22995 0.0112174 2.02685e+06 0 0 2.02685e+06 1.33333 0 0 0 0 0 0 0 0 
0.2336 0.0112177 2.0268e+06 0 0 2.0268e+06 1.33333 0 0 0 0 0 0 0 0 
0.23725 0.011218 2.02675e+06 0 0 2.02675e+06 1.33333 0 0 0 0 0 0 0 0 
0.2409 0.0112182 2.0267e+06 0 0 2.0267e+06 1.33333 0 0 0 0 0 0 0 0 
0.24455 0.0112185 2.02665e+06 0 0 2.02665e+06 1.33333 0 0 0 0 0 0 0 0 
0.2482 0.0112188 2.0266e+06 0 0 2.0266e+06 1.33333 0 0 0 0 0 0 0 0 
0.25185 0.0112191 2.02655e+06 0 0 2.02655e+06 1.33333 0 0 0 0 0 0 0 0 
0.2555 0.0112193 2.0265e+06 0 0 2.0265e+06 1.33333 0 0 0 0 0 0 0 0 
0.25915 0.0112196 2.02645e+06 0 0 2.02645e+06 1.33333 0 0 0 0 0 0 0 0 
0.2628 0.0112199 2.0264e+06 0 0 2.0264e+06 1.33333 0 0 0 0 0 0 0 0 
0.26645 0.0112202 2.02635e+06 0 0 2.02635e+06 1.33333 0 0 0 0 0 0 0 0 
0.2701 0.0112205 2.0263e+06 0 0 2.0263e+06 1.33333 0 0 0 0 0 0 0 0 
0.27375 0.0112207 2.02625e+06 0 0 2.02625e+06 1.33333 0 0 0 0 0 0 0 0 
0.2774 0.011221 2.0262e+06 0 0 2.0262e+06 1.33333 0 0 0 0 0 0 0 0 
0.28105 0.0112213 2.02615e+06 0 0 2.02615e+06 1.33333 0 0 0 0 0 0 0 0 
0.2847 0.0112216 2.0261e+06 0 0 2.0261e+06 1.33333 0 0 0 0 0 0 0 0 
0.28835 0.0112218 2.02605e+06 0 0 2.02605e+06 1.33333 0 0 0 0 0 0 0 0 
0.292 0.0112221 2.026e+06 0 0 2.026e+06 1.33333 0 0 0 0 0 0 0 0 
0.29565 0.0112224 2.02595e+06 0 0 2.02595e+06 1.33333 0 0 0 0 0 0 0 0 
0.2993 0.0112227 2.0259e+06 0 0 2.0259e+06 1.33333 0 0 0 0 0 0 0 0 
0.30295 0.0112229 2.02585e+06 0 0 2.02585e+06 1.33333 0 0 0 0 0 0 0 0 
0.3066 0.0112232 2.0258e+06 0 0 2.0258e+06 1.33333 0 0 0 0 0 0 0 0 
0.31025 0.0112235 2.02575e+06 0 0 2.02575e+06 1.33333 0 0 0 0 0 0 0 0 
0.3139 0.0112238 2.0257e+06 0 0 2.0257e+06 1.33333 0 0 0 0 0 0 0 0 
0.31755 0.0112241 2.02565e+06 0 0 2.02565e+06 1.33333 0 0 0 0 0 0 0 0 
0.3212 0.0112243 2.0256e+06 0 0 2.0256e+06 1.33333 0 0 0 0 0 0 0 0 
0.32485 0.0112246 2.02555e+06 0 0 2.02555e+06 1.33333 0 0 0 0 0 0 0 0 
0.3285 0.0112249 2.0255e+06 0 0 2.0255e+06 1.33333 0 0 0 0 0 0 0 0 
0.33215 0.0112252 2.02545e+06 0 0 2.02545e+06 1.33333 0 0 0 0 0 0 0 0 
0.3358 0.0112254 2.0254e+06 0 0 2.0254e+06 1.33333 0 0 0 0 0 0 0 0 
0.33945 0.0112257 2.02535e+06 0 0 2.02535e+06 1.33333 0 0 0 0 0 0 0 0 
0.3431 0.011226 2.0253e+06 0 0 2.0253e+06 1.33333 0 0 0 0 0 0 0 0 
0.34675 0.0112263 2.02525e+06 0 0 2.02525e+06 1.33333 0 0 0 0 0 0 0 0 
0.3504 0.0112265 2.0252e+06 0 0 2.0252e+06 1.33333 0 0 0 0 0 0 0 0 
0.35405 0.0112268 2.02515e+06 0 0 2.02515e+06 1.33333 0 0 0 0 0 0 0 0 
0.3577 0.0112271 2.0251e+06 0 0 2.0251e+06 1.33333 0 0 0 0 0 0 0 0 
0.36135 0.0112274 2.02505e+06 0 0 2.02505e+06 1.33333 0 0 0 0 0 0 0 0 
0.365 0.0112277 2.025e+06 0 0 2.025e+06 1.33333 0 0 0 0 0 0 0 0 


0 0.0112 2.03e+06 0 0 1.5225e+06 1 0 0 0.395924 1.01407 507500 1 0 0.0615006 
0.00365 0.0107212 2.02995e+06 0 0 1.59232e+06 1.04588 -5366.62 0 0.377755 0.98343 437630 0.862346 5366.59 0.0602462 
0.0073 0.0102877 2.0299e+06 0 0 1.66296e+06 1.09231 -10045.4 0 0.353378 0.943532 366941 0.723071 10045 0.0586829 
0.01095 0.00990648 2.02985e+06 0 0 1.73194e+06 1.13765 -13562.6 0 0.322127 0.89164 297911 0.587059 13558.8 0.0566027 
0.0146 0.00958163 2.02981e+06 0 0 1.79658e+06 1.18013 -15573.2 0 0.28416 0.824766 233226 0.459602 15551.9 0.0536912 
0.01825 0.00931441 2.02979e+06 0 0 1.85438e+06 1.21811 -15974.2 0 0.240315 0.740462 175410 0.345672 15892.1 0.0496226 
0.0219 0.00910318 2.02982e+06 0 0 1.9034e+06 1.25029 -14969.8 0 0.192955 0.638442 126418 0.249122 14734.9 0.0441393 
0.02555 0.00894352 2.02997e+06 0 0 1.9427e+06 1.27601 -13031.1 0 0.14597 0.522755 87268.2 0.17196 12510.2 0.0372684 
0.0292 0.00882855 2.03027e+06 0 0 1.97243e+06 1.29534 -10729.1 0 0.103746 0.402863 57846.4 0.113968 9804.55 0.029528 
0.03285 0.00874972 2.03076e+06 0 0 1.99374e+06 1.30903 -8509.87 0 0.0695186 0.291334 37015.8 0.0729102 7168.2 0.0218525 
0.0365 0.00869805 2.03137e+06 0 0 2.00834e+06 1.31822 -6562.04 0 0.0443093 0.198587 23026.9 0.0453427 4954 0.0151698 
0.04015 0.00866544 2.03198e+06 0 0 2.01795e+06 1.32413 -4861.87 0 0.027169 0.128896 14025.1 0.0276088 3281.41 0.00998597 
0.0438 0.00864547 2.03246e+06 0 0 2.02404e+06 1.32781 -3325.19 0 0.0162017 0.0806272 8413.94 0.0165591 2108.48 0.00631548 
0.04745 0.00863351 2.03269e+06 0 0 2.0277e+06 1.33006 -1926.39 0 0.00947876 0.0491336 4994.03 0.00982742 1326.45 0.00388277 
0.0511 0.00862648 2.03263e+06 0 0 2.02969e+06 1.3314 -719.28 0 0.00547468 0.0294125 2941.63 0.00578881 822.296 0.00234156 
0.05475 0.00862243 2.03231e+06 0 0 2.03059e+06 1.3322 212.728 0 0.0031346 0.0173955 1722.95 0.00339112 504.456 0.00139378 
0.0584 0.00862015 2.03181e+06 0 0 2.0308e+06 1.33267 817.089 0 0.00178384 0.0102029 1004.73 0.00197801 307.084 0.000822189 
0.06205 0.00861892 2.03122e+06 0 0 2.03064e+06 1.33295 1102.74 0 0.0010106 0.00594853 583.799 0.00114965 185.811 0.000481879 
0.0657 0.00861829 2.03064e+06 0 0 2.0303e+06 1.33311 1133.75 0 0.000570522 0.00345247 338.158 0.000666112 111.876 0.000281044 
0.06935 0.00861802 2.03013e+06 0 0 2.02993e+06 1.33321 1001.25 0 0.000321133 0.00199649 195.324 0.00038485 67.0747 0.000163267 
0.073 0.00861795 2.02971e+06 0 0 2.0296e+06 1.33326 793.507 0 0.000180288 0.00115096 112.526 0.000221758 40.0621 9.45293e-05 
0.07665 0.008618 2.0294e+06 0 0 2.02933e+06 1.33329 576.716 0 0.000100973 0.000661679 64.6658 0.000127458 23.8452 5.45678e-05 
0.0803 0.00861813 2.02917e+06 0 0 2.02913e+06 1.33331 389.358 0 5.64225e-05 0.000379424 37.0727 7.30796e-05 14.1468 3.14129e-05 
0.08395 0.00861829 2.029e+06 0 0 2.02898e+06 1.33332 246.264 0 3.14585e-05 0.000217044 21.2041 4.18021e-05 8.36723 1.80363e-05 
0.0876 0.00861847 2.02888e+06 0 0 2.02887e+06 1.33333 146.807 0 1.75017e-05 0.000123866 12.1003 2.3856e-05 4.93434 1.033e-05 
0.09125 0.00861866 2.02879e+06 0 0 2.02879e+06 1.33333 82.8621 0 9.71593e-06 7.05292e-05 6.88957 1.35836e-05 2.90167 5.90194e-06 
0.0949 0.00861887 2.02872e+06 0 0 2.02872e+06 1.33333 44.4352 0 5.38218e-06 4.00693e-05 3.91403 7.71724e-06 1.70169 3.36399e-06 
0.09855 0.00861907 2.02866e+06 0 0 2.02866e+06 1.33333 22.6983 0 2.97509e-06 2.27141e-05 2.21871 4.37474e-06 0.995322 1.91291e-06 
0.1022 0.00861928 2.0286e+06 0 0 2.0286e+06 1.33333 11.0649 0 1.641e-06 1.28477e-05 1.25496 2.47453e-06 0.580667 1.08524e-06 
0.10585 0.00861949 2.02855e+06 0 0 2.02855e+06 1.33333 5.15248 0 9.03184e-07 7.25128e-06 0.708298 1.39666e-06 0.337909 6.14275e-07 
0.1095 0.00861971 2.0285e+06 0 0 2.0285e+06 1.33333 2.29159 0 4.96021e-07 4.08378e-06 0.398898 7.86588e-07 0.196159 3.46902e-07 
0.11315 0.00861992 2.02845e+06 0 0 2.02845e+06 1.33333 0.971653 0 2.71816e-07 2.29494e-06 0.224167 4.42045e-07 0.113598 1.95463e-07 
0.1168 0.00862013 2.0284e+06 0 0 2.0284e+06 1.33333 0.390881 0 1.48623e-07 1.2869e-06 0.125702 2.47885e-07 0.065632 1.09885e-07 
0.12045 0.00862034 2.02835e+06 0 0 2.02835e+06 1.33333 0.147603 0 8.10825e-08 7.20075e-07 0.0703359 1.38706e-07 0.0378316 6.16347e-08 
0.1241 0.00862055 2.0283e+06 0 0 2.0283e+06 1.33333 0.0510718 0 4.41341e-08 4.02041e-07 0.0392708 7.74457e-08 0.0217574 3.44929e-08 
0.12775 0.00862077 2.02825e+06 0 0 2.02825e+06 1.33333 0.0152043 0 2.39684e-08 2.23985e-07 0.0218785 4.31476e-08 0.0124849 1.92595e-08 
0.1314 0.00862098 2.0282e+06 0 0 2.0282e+06 1.33333 0.00305356 0 1.29884e-08 1.24515e-07 0.0121625 2.39867e-08 0.00714823 1.07292e-08 
0.13505 0.00862119 2.02815e+06 0 0 2.02815e+06 1.33333 -0.000437286 0 7.02156e-09 6.90686e-08 0.00674652 1.33058e-08 0.0040835 5.96357e-09 
0.1387 0.0086214 2.0281e+06 0 0 2.0281e+06 1.33333 -0.00106175 0 3.78418e-09 3.82315e-08 0.0037344 7.36531e-09 0.00232711 3.30775e-09 
0.14235 0.00862162 2.02805e+06 0 0 2.02805e+06 1.33333 -0.00089495 0 2.03713e-09 2.11253e-08 0.00206348 4.06989e-09 0.00132169 1.83122e-09 
0.146 0.00862183 2.028e+06 0 0 2.028e+06 1.33333 -0.000605974 0 1.08895e-09 1.16679e-08 0.0011397 2.24793e-09 0.000745947 1.01416e-09 
0.14965 0.00862204 2.02795e+06 0 0 2.02795e+06 1.33333 -0.000370353 0 5.74357e-10 6.47759e-09 0.000632721 1.248e-09 0.00041504 5.65911e-10 
0.1533 0.00862226 2.0279e+06 0 0 2.0279e+06 1.33333 -0.000211494 0 2.93052e-10 3.69791e-09 0.000361207 7.12474e-10 0.000225392 3.27017e-10 
0.15695 0.00862247 2.02785e+06 0 0 2.02785e+06 1.33333 -0.000116605 0 1.08539e-10 2.33304e-09 0.000227888 4.49516e-10 0.000120817 2.17764e-10 
0.1606 0.00862268 2.0278e+06 0 0 2.0278e+06 1.33333 -7.39347e-05 0 1.72702e-12 2.09735e-09 0.000204866 4.04114e-10 7.51811e-05 0 
0.16425 0.00862289 2.02775e+06 0 0 2.02775e+06 1.33333 -5.13035e-05 0 0 0 0.000181075 3.57195e-10 5.16612e-05 0 
0.1679 0.00862311 2.0277e+06 0 0 2.0277e+06 1.33333 -4.57209e-05 0 0 0 0.000165275 3.26035e-10 4.58226e-05 0 
0.17155 0.00862332 2.02765e+06 0 0 2.02765e+06 1.33333 -4.74472e-05 0 0 0 0.000146274 2.88558e-10 4.74767e-05 0 
0.1752 0.00862353 2.0276e+06 0 0 2.0276e+06 1.33333 -4.98074e-05 0 0 0 0.000127713 2.51949e-10 4.98131e-05 0 
0.17885 0.00862374 2.02755e+06 0 0 2.02755e+06 1.33333 -5.07174e-05 0 0 0 0.000109877 2.16769e-10 5.07197e-05 0 
0.1825 0.00862396 2.0275e+06 0 0 2.0275e+06 1.33333 -5.01642e-05 0 0 0 9.31041e-05 1.83683e-10 5.0162e-05 0 
0.18615 0.00862417 2.02745e+06 0 0 2.02745e+06 1.33333 -4.82705e-05 0 0 0 7.76756e-05 1.53248e-10 4.82701e-05 0 
0.1898 0.00862438 2.0274e+06 0 0 2.0274e+06 1.33333 -4.52505e-05 0 0 0 6.37932e-05 1.25862e-10 4.52485e-05 0 
0.19345 0.00862459 2.02735e+06 0 0 2.02735e+06 1.33333 -4.13384e-05 0 0 0 5.15708e-05 1.0175e-10 4.13388e-05 0 
0.1971 0.00862481 2.0273e+06 0 0 2.0273e+06 1.33333 -3.68243e-05 0 0 0 4.10377e-05 8.09702e-11 3.68231e-05 0 
0.20075 0.00862502 2.02725e+06 0 0 2.02725e+06 1.33333 -3.20013e-05 0 0 0 3.21482e-05 6.34322e-11 3.20013e-05 0 
0.2044 0.00862523 2.0272e+06 0 0 2.0272e+06 1.33333 -2.71662e-05 0 0 0 2.47967e-05 4.8928e-11 2.71665e-05 0 
0.20805 0.00862545 2.02715e+06 0 0 2.02715e+06 1.33333 -2.25505e-05 0 0 0 1.88354e-05 3.71662e-11 2.25502e-05 0 
0.2117 0.00862566 2.0271e+06 0 0 2.0271e+06 1.33333 -1.83225e-05 0 0 0 1.40923e-05 2.78078e-11 1.83226e-05 0 
0.21535 0.00862587 2.02705e+06 0 0 2.02705e+06 1.33333 -1.45868e-05 0 0 0 1.03874e-05 2.04976e-11 1.45855e-05 0 
0.219 0.00862608 2.027e+06 0 0 2.027e+06 1.33333 -1.13834e-05 0 0 0 7.54471e-06 1.48884e-11 1.13843e-05 0 
0.22265 0.0086263 2.02695e+06 0 0 2.02695e+06 1.33333 -8.71919e-06 0 0 0 5.40105e-06 1.06585e-11 8.71848e-06 0 
0.2263 0.00862651 2.0269e+06 0 0 2.0269e+06 1.33333 -6.55733e-06 0 0 0 3.81161e-06 7.52204e-12 6.55552e-06 0 
0.22995 0.00862672 2.02685e+06 0 0 2.02685e+06 1.33333 -4.843e-06 0 0 0 2.65231e-06 5.23434e-12 4.84238e-06 0 
0.2336 0.00862694 2.0268e+06 0 0 2.0268e+06 1.33333 -3.51738e-06 0 0 0 1.82019e-06 3.59225e-12 3.51586e-06 0 
0.23725 0.00862715 2.02675e+06 0 0 2.02675e+06 1.33333 -2.5117e-06 0 0 0 1.23219e-06 2.43185e-12 2.51041e-06 0 
0.2409 0.00862736 2.0267e+06 0 0 2.0267e+06 1.33333 -1.76517e-06 0 0 0 8.22982e-07 1.62428e-12 1.7636e-06 0 
0.24455 0.00862757 2.02665e+06 0 0 2.02665e+06 1.33333 -1.21997e-06 0 0 0 5.42425e-07 1.07059e-12 1.2195e-06 0 
0.2482 0.00862779 2.0266e+06 0 0 2.0266e+06 1.33333 -8.30257e-07 0 0 0 3.52864e-07 6.96465e-13 8.30351e-07 0 
0.25185 0.008628 2.02655e+06 0 0 2.02655e+06 1.33333 -5.59152e-07 0 0 0 2.26605e-07 4.47273e-13 5.56927e-07 0 
0.2555 0.00862821 2.0265e+06 0 0 2.0265e+06 1.33333 -3.65791e-07 0 0 0 1.43682e-07 2.83606e-13 3.68075e-07 0 
0.25915 0.00862843 2.02645e+06 0 0 2.02645e+06 1.33333 -2.422e-07 0 0 0 8.99653e-08 1.77582e-13 2.39779e-07 0 
0.2628 0.00862864 2.0264e+06 0 0 2.0264e+06 1.33333 -1.53493e-07 0 0 0 5.56365e-08 1.09823e-13 1.5401e-07 0 
0.26645 0.00862885 2.02635e+06 0 0 2.02635e+06 1.33333 -9.96707e-08 0 0 0 3.39878e-08 6.70916e-14 9.75587e-08 0 
0.2701 0.00862906 2.0263e+06 0 0 2.0263e+06 1.33333 -6.37892e-08 0 0 0 2.0513e-08 4.04934e-14 6.0964e-08 0 
0.27375 0.00862928 2.02625e+06 0 0 2.02625e+06 1.33333 -3.68781e-08 0 0 0 1.22332e-08 2.41494e-14 3.75902e-08 0 
0.2774 0.00862949 2.0262e+06 0 0 2.0262e+06 1.33333 -2.3921e-08 0 0 0 7.20969e-09 1.42329e-14 2.28753e-08 0 
0.28105 0.0086297 2.02615e+06 0 0 2.02615e+06 1.33333 -1.59473e-08 0 0 0 4.1997e-09 8.291e-15 1.37417e-08 0 
0.2847 0.00862992 2.0261e+06 0 0 2.0261e+06 1.33333 -7.97365e-09 0 0 0 2.41825e-09 4.77421e-15 8.15059e-09 0 
0.28835 0.00863013 2.02605e+06 0 0 2.02605e+06 1.33333 -4.98353e-09 0 0 0 1.37665e-09 2.71789e-15 4.7741e-09 0 
0.292 0.00863034 2.026e+06 0 0 2.026e+06 1.33333 -4.98353e-09 0 0 0 7.74879e-10 1.52987e-15 2.76202e-09 0 
0.29565 0.00863055 2.02595e+06 0 0 2.02595e+06 1.33333 0 0 0 0 4.31309e-10 8.51568e-16 1.57861e-09 0 
0.2993 0.00863077 2.0259e+06 0 0 2.0259e+06 1.33333 -9.96707e-10 0 0 0 2.3743e-10 4.68789e-16 8.91465e-10 0 
0.30295 0.00863098 2.02585e+06 0 0 2.02585e+06 1.33333 -9.96707e-10 0 0 0 1.29278e-10 2.55257e-16 4.97493e-10 0 
0.3066 0.00863119 2.0258e+06 0 0 2.0258e+06 1.33333 0 0 0 0 6.96314e-11 1.37489e-16 2.74402e-10 0 
0.31025 0.00863141 2.02575e+06 0 0 2.02575e+06 1.33333 9.96707e-10 0 0 0 3.71041e-11 7.32649e-17 1.49614e-10 0 
0.3139 0.00863162 2.0257e+06 0 0 2.0257e+06 1.33333 -9.96707e-10 0 0 0 1.95623e-11 3.86283e-17 8.06494e-11 0 
0.31755 0.00863183 2.02565e+06 0 0 2.02565e+06 1.33333 -9.96707e-10 0 0 0 1.02058e-11 2.0153e-17 4.29867e-11 0 
0.3212 0.00863205 2.0256e+06 0 0 2.0256e+06 1.33333 0 0 0 0 5.26913e-12 1.04051e-17 2.26583e-11 0 
0.32485 0.00863226 2.02555e+06 0 0 2.02555e+06 1.33333 9.96707e-10 0 0 0 2.69242e-12 5.31692e-18 1.18124e-11 0 
0.3285 0.00863247 2.0255e+06 0 0 2.0255e+06 1.33333 -9.96707e-10 0 0 0 1.36176e-12 2.68923e-18 6.09138e-12 0 
0.33215 0.00863269 2.02545e+06 0 0 2.02545e+06 1.33333 0 0 0 0 6.81785e-13 1.34644e-18 3.10753e-12 0 
0.3358 0.0086329 2.0254e+06 0 0 2.0254e+06 1.33333 9.96707e-10 0 0 0 3.37929e-13 6.67383e-19 1.5685e-12 0 
0.33945 0.00863311 2.02535e+06 0 0 2.02535e+06 1.33333 9.96707e-10 0 0 0 1.65833e-13 3.27515e-19 7.83379e-13 0 
0.3431 0.00863333 2.0253e+06 0 0 2.0253e+06 1.33333 -9.96707e-10 0 0 0 8.05795e-14 1.59146e-19 3.87192e-13 0 
0.34675 0.00863354 2.02525e+06 0 0 2.02525e+06 1.33333 0 0 0 0 3.87727e-14 7.65787e-20 1.89409e-13 0 
0.3504 0.00863375 2.0252e+06 0 0 2.0252e+06 1.33333 0 0 0 0 1.84782e-14 3.64965e-20 9.17251e-14 0 
0.35405 0.00863396 2.02515e+06 0 0 2.02515e+06 1.33333 9.96707e-10 0 0 0 8.72872e-15 1.72406e-20 4.40099e-14 0 
0.3577 0.00863418 2.0251e+06 0 0 2.0251e+06 1.33333 -9.96707e-10 0 0 0 4.10473e-15 8.10771e-21 2.1017e-14 0 
0.36135 0.00863439 2.02505e+06 0 0 2.02505e+06 1.33333 0 0 0 0 1.97296e-15 3.89711e-21 1.02623e-14 0 
0.365 0.0086346 2.025e+06 0 0 2.025e+06 1.33333 -9.96707e-10 0 0 0 1.11588e-15 2.20422e-21 5.89004e-15 0 


0 0.0112 2.03e+06 0 0 1.5225e+06 1 0 0 0.637268 1.01407 507500 1 0 0.037489 
0.00365 0.0108703 2.02995e+06 0 0 1.56993e+06 1.03118 -3715.29 0 0.616624 0.994051 460022 0.90647 3715.29 0.0375422 
0.0073 0.0105492 2.0299e+06 0 0 1.6202e+06 1.06422 -7235.67 0 0.589562 0.968933 409703 0.807336 7235.67 0.0377245 
0.01095 0.0102415 2.02985e+06 0 0 1.67255e+06 1.09863 -10325.4 0 0.554887 0.937182 357302 0.704095 10325.4 0.0380006 
0.0146 0.0099522 2.0298e+06 0 0 1.72583e+06 1.13366 -12736.1 0 0.511761 0.896869 303973 0.59902 12736.1 0.0382611 
0.01825 0.00968661 2.02975e+06 0 0 1.77851e+06 1.16829 -14247.8 0 0.459724 0.845714 251242 0.49512 14247.8 0.0383243 
0.0219 0.00944968 2.0297e+06 0 0 1.82878e+06 1.20135 -14719.6 0 0.399492 0.781366 200919 0.395957 14719.6 0.037885 
0.02555 0.00924547 2.02965e+06 0 0 1.87476e+06 1.23158 -14139.4 0 0.333495 0.702109 154890 0.305255 14139.3 0.0365327 
0.0292 0.00907641 2.0296e+06 0 0 1.91478e+06 1.2579 -12656.8 0 0.265861 0.608148 114823 0.226297 12656.6 0.0338819 
0.03285 0.00894269 2.02955e+06 0 0 1.94774e+06 1.27958 -10573.5 0 0.201624 0.503132 81814.8 0.161247 10572.6 0.0298029 
0.0365 0.00884196 2.0295e+06 0 0 1.97335e+06 1.29645 -8272.34 0 0.14537 0.394742 56148.3 0.110664 8269.12 0.0246114 
0.04015 0.00876968 2.02946e+06 0 0 1.99217e+06 1.30884 -6105.38 0 0.0999602 0.292947 37282.8 0.0734833 6096.21 0.0190173 
0.0438 0.00872006 2.02941e+06 0 0 2.00532e+06 1.3175 -4300.34 0 0.0659794 0.206305 24097.1 0.0474957 4277.66 0.0138086 
0.04745 0.00868727 2.02938e+06 0 0 2.01413e+06 1.32331 -2937.85 0 0.0421504 0.138958 15255.6 0.0300695 2888.37 0.00951481 
0.0511 0.00866624 2.02937e+06 0 0 2.01986e+06 1.32708 -1992.28 0 0.0262774 0.0903983 9512.43 0.0187495 1895.92 0.00629611 
0.05475 0.00865306 2.02939e+06 0 0 2.02352e+06 1.32948 -1388.98 0 0.0160982 0.0573305 5866.9 0.0115639 1219.77 0.00404554 
0.0584 0.00864495 2.02945e+06 0 0 2.02586e+06 1.33097 -1043.93 0 0.00974284 0.0357131 3590.16 0.00707614 773.832 0.00254653 
0.06205 0.00864005 2.02956e+06 0 0 2.02737e+06 1.3319 -880.364 0 0.00584673 0.0219723 2184.31 0.00430499 486.096 0.0015804 
0.0657 0.00863715 2.02973e+06 0 0 2.0284e+06 1.33246 -831.59 0 0.00348768 0.0134018 1323.14 0.00260752 303.174 0.000971217 
0.06935 0.00863547 2.02994e+06 0 0 2.02915e+06 1.33281 -839.56 0 0.00207135 0.00812388 798.677 0.00157379 188.07 0.000592697 
0.073 0.00863454 2.0302e+06 0 0 2.02972e+06 1.33302 -854.547 0 0.00122605 0.00490199 480.689 0.000947076 116.17 0.00035984 
0.07665 0.00863407 2.03047e+06 0 0 2.03019e+06 1.33314 -837.294 0 0.000723737 0.00294733 288.565 0.000568469 71.5031 0.000217594 
0.0803 0.00863387 2.03073e+06 0 0 2.03056e+06 1.33322 -762.467 0 0.000426237 0.0017669 172.83 0.00034043 43.8748 0.00013115 
0.08395 0.00863383 2.03094e+06 0 0 2.03083e+06 1.33327 -621.298 0 0.000250515 0.00105657 103.291 0.000203435 26.8472 7.88272e-05 
0.0876 0.0086339 2.03107e+06 0 0 2.03101e+06 1.33329 -421.622 0 0.000146961 0.000630392 61.6065 0.000121328 16.3856 4.72611e-05 
0.09125 0.00863402 2.0311e+06 0 0 2.03107e+06 1.33331 -184.636 0 8.60617e-05 0.000375337 36.6732 7.22233e-05 9.97643 2.8271e-05 
0.0949 0.00863418 2.03104e+06 0 0 2.03101e+06 1.33332 60.9708 0 5.03141e-05 0.000223041 21.7902 4.29144e-05 6.06014 1.68753e-05 
0.09855 0.00863437 2.03088e+06 0 0 2.03086e+06 1.33332 285.931 0 2.93676e-05 0.000132294 12.9236 2.54543e-05 3.67302 1.00527e-05 
0.1022 0.00863456 2.03064e+06 0 0 2.03063e+06 1.33333 466.516 0 1.71146e-05 7.83282e-05 7.65145 1.5072e-05 2.22141 5.97672e-06 
0.10585 0.00863476 2.03034e+06 0 0 2.03034e+06 1.33333 588.458 0 9.95868e-06 4.62957e-05 4.52226 8.90935e-06 1.34069 3.54671e-06 
0.1095 0.00863497 2.03002e+06 0 0 2.03002e+06 1.33333 648.104 0 5.78609e-06 2.73167e-05 2.66831 5.2577e-06 0.807498 2.10084e-06 
0.11315 0.00863518 2.0297e+06 0 0 2.0297e+06 1.33333 651.087 0 3.35684e-06 1.60916e-05 1.57182 3.09764e-06 0.485395 1.24218e-06 
0.1168 0.00863539 2.02939e+06 0 0 2.02939e+06 1.33333 609.395 0 1.94468e-06 9.4638e-06 0.924416 1.82206e-06 0.291211 7.33198e-07 
0.12045 0.0086356 2.02911e+06 0 0 2.02911e+06 1.33333 537.9 0 1.12499e-06 5.55704e-06 0.542805 1.07004e-06 0.174381 4.32033e-07 
0.1241 0.00863581 2.02886e+06 0 0 2.02886e+06 1.33333 451.264 0 6.49889e-07 3.25795e-06 0.318233 6.27411e-07 0.104229 2.54149e-07 
0.12775 0.00863602 2.02865e+06 0 0 2.02865e+06 1.33333 361.772 0 3.74913e-07 1.90714e-06 0.186286 3.67311e-07 0.0621853 1.49262e-07 
0.1314 0.00863624 2.02848e+06 0 0 2.02848e+06 1.33333 278.257 0 2.15989e-07 1.11472e-06 0.108884 2.14711e-07 0.0370355 8.75213e-08 
0.13505 0.00863645 2.02834e+06 0 0 2.02834e+06 1.33333 205.97 0 1.24265e-07 6.5059e-07 0.0635486 1.25321e-07 0.0220188 5.12381e-08 
0.1387 0.00863666 2.02823e+06 0 0 2.02823e+06 1.33333 147.088 0 7.13971e-08 3.79154e-07 0.0370352 7.30395e-08 0.0130686 2.99504e-08 
0.14235 0.00863687 2.02813e+06 0 0 2.02813e+06 1.33333 101.543 0 4.09702e-08 2.20648e-07 0.0215526 4.25073e-08 0.00774347 1.74801e-08 
0.146 0.00863709 2.02805e+06 0 0 2.02805e+06 1.33333 67.8847 0 2.34779e-08 1.28225e-07 0.0125248 2.47031e-08 0.00458071 1.01869e-08 
0.14965 0.0086373 2.02798e+06 0 0 2.02798e+06 1.33333 44.013 0 1.34364e-08 7.44109e-08 0.00726835 1.43361e-08 0.00270516 5.92795e-09 
0.1533 0.00863751 2.02792e+06 0 0 2.02792e+06 1.33333 27.7103 0 7.68252e-09 4.31236e-08 0.00421224 8.30851e-09 0.00159567 3.44438e-09 
0.15695 0.00863773 2.02786e+06 0 0 2.02786e+06 1.33333 16.9609 0 4.38013e-09 2.49578e-08 0.00243784 4.80869e-09 0.000937152 1.99928e-09 
0.1606 0.00863794 2.02781e+06 0 0 2.02781e+06 1.33333 10.1031 0 2.48241e-09 1.44314e-08 0.00140964 2.78061e-09 0.000557696 1.16033e-09 
0.16425 0.00863815 2.02775e+06 0 0 2.02775e+06 1.33333 5.86213 0 1.39151e-09 8.34798e-09 0.000815417 1.60851e-09 0.000302891 6.76362e-10 
0.1679 0.00863837 2.0277e+06 0 0 2.0277e+06 1.33333 3.31599 0 7.62362e-10 4.89995e-09 0.00047862 9.44162e-10 0.000250625 3.99242e-10 
0.17155 0.00863858 2.02765e+06 0 0 2.02765e+06 1.33333 1.83038 0 3.76089e-10 2.96297e-09 0.000289418 5.70943e-10 -0.0001069 2.60071e-10 
0.1752 0.00863879 2.0276e+06 0 0 2.0276e+06 1.33333 0.985302 0 1.12398e-10 2.40012e-09 0.00023444 4.62498e-10 0.000983081 -1.09752e-11 
0.17885 0.008639 2.02755e+06 0 0 2.02755e+06 1.33333 0.519432 0 1.87537e-11 0 0.000165833 3.27159e-10 -0.000163229 -1.17439e-12 
0.1825 0.00863922 2.0275e+06 0 0 2.0275e+06 1.33333 0.267075 0 0 0 0.000189829 3.74509e-10 0.00019793 0 
0.18615 0.00863943 2.02745e+06 0 0 2.02745e+06 1.33333 0.134608 0 0 0 0.000181142 3.57379e-10 -3.96695e-05 0 
0.1898 0.00863964 2.0274e+06 0 0 2.0274e+06 1.33333 0.066302 0 0 0 0.000177886 3.50964e-10 9.61013e-06 0 
0.19345 0.00863986 2.02735e+06 0 0 2.02735e+06 1.33333 0.0319964 0 0 0 0.000172633 3.40609e-10 1.44982e-06 0 
0.1971 0.00864007 2.0273e+06 0 0 2.0273e+06 1.33333 0.0151159 0 0 0 0.000166988 3.2948e-10 1.08681e-05 0 
0.20075 0.00864028 2.02725e+06 0 0 2.02725e+06 1.33333 0.00699807 0 0 0 0.000160516 3.16717e-10 1.10223e-05 0 
0.2044 0.0086405 2.0272e+06 0 0 2.0272e+06 1.33333 0.00317059 0 0 0 0.000153544 3.02968e-10 1.40299e-05 0 
0.20805 0.00864071 2.02715e+06 0 0 2.02715e+06 1.33333 0.0014043 0 0 0 0.000146125 2.88336e-10 1.51233e-05 0 
0.2117 0.00864092 2.0271e+06 0 0 2.0271e+06 1.33333 0.000604315 0 0 0 0.000138369 2.73039e-10 1.65499e-05 0 
0.21535 0.00864114 2.02705e+06 0 0 2.02705e+06 1.33333 0.000248876 0 0 0 0.000130338 2.57198e-10 1.77319e-05 0 
0.219 0.00864135 2.027e+06 0 0 2.027e+06 1.33333 9.36286e-05 0 0 0 0.000122114 2.40974e-10 1.88063e-05 0 
0.22265 0.00864156 2.02695e+06 0 0 2.02695e+06 1.33333 2.68921e-05 0 0 0 0.000113775 2.24525e-10 1.96892e-05 0 
0.2263 0.00864178 2.0269e+06 0 0 2.0269e+06 1.33333 -1.39938e-06 0 0 0 0.000105407 2.08015e-10 2.0365e-05 0 
0.22995 0.00864199 2.02685e+06 0 0 2.02685e+06 1.33333 -1.32233e-05 0 0 0 9.70903e-05 1.91608e-10 2.08141e-05 0 
0.2336 0.0086422 2.0268e+06 0 0 2.0268e+06 1.33333 -1.80424e-05 0 0 0 8.89057e-05 1.7546e-10 2.10303e-05 0 
0.23725 0.00864241 2.02675e+06 0 0 2.02675e+06 1.33333 -1.98584e-05 0 0 0 8.09268e-05 1.59717e-10 2.10146e-05 0 
0.2409 0.00864263 2.0267e+06 0 0 2.0267e+06 1.33333 -2.03358e-05 0 0 0 7.32202e-05 1.44511e-10 2.07752e-05 0 
0.24455 0.00864284 2.02665e+06 0 0 2.02665e+06 1.33333 -2.01624e-05 0 0 0 6.5844e-05 1.29956e-10 2.03265e-05 0 
0.2482 0.00864305 2.0266e+06 0 0 2.0266e+06 1.33333 -1.96271e-05 0 0 0 5.88468e-05 1.16149e-10 1.96879e-05 0 
0.25185 0.00864327 2.02655e+06 0 0 2.02655e+06 1.33333 -1.88627e-05 0 0 0 5.22671e-05 1.03165e-10 1.88829e-05 0 
0.2555 0.00864348 2.0265e+06 0 0 2.0265e+06 1.33333 -1.79278e-05 0 0 0 4.61332e-05 9.10599e-11 1.79379e-05 0 
0.25915 0.00864369 2.02645e+06 0 0 2.02645e+06 1.33333 -1.68792e-05 0 0 0 4.04634e-05 7.98705e-11 1.68808e-05 0 
0.2628 0.00864391 2.0264e+06 0 0 2.0264e+06 1.33333 -1.574e-05 0 0 0 3.52663e-05 6.96137e-11 1.57404e-05 0 
0.26645 0.00864412 2.02635e+06 0 0 2.02635e+06 1.33333 -1.45449e-05 0 0 0 3.05419e-05 6.02895e-11 1.45449e-05 0 
0.2701 0.00864433 2.0263e+06 0 0 2.0263e+06 1.33333 -1.3322e-05 0 0 0 2.62821e-05 5.1882e-11 1.33213e-05 0 
0.27375 0.00864455 2.02625e+06 0 0 2.02625e+06 1.33333 -1.2096e-05 0 0 0 2.24722e-05 4.43623e-11 1.20944e-05 0 
0.2774 0.00864476 2.0262e+06 0 0 2.0262e+06 1.33333 -1.0886e-05 0 0 0 1.90919e-05 3.769e-11 1.08863e-05 0 
0.28105 0.00864497 2.02615e+06 0 0 2.02615e+06 1.33333 -9.7149e-06 0 0 0 1.61162e-05 3.18165e-11 9.71599e-06 0 
0.2847 0.00864519 2.0261e+06 0 0 2.0261e+06 1.33333 -8.60058e-06 0 0 0 1.35173e-05 2.66863e-11 8.5992e-06 0 
0.28835 0.0086454 2.02605e+06 0 0 2.02605e+06 1.33333 -7.55105e-06 0 0 0 1.12648e-05 2.22399e-11 7.54814e-06 0 
0.292 0.00864561 2.026e+06 0 0 2.026e+06 1.33333 -6.57129e-06 0 0 0 9.32756e-06 1.84157e-11 6.57172e-06 0 
0.29565 0.00864583 2.02595e+06 0 0 2.02595e+06 1.33333 -5.67724e-06 0 0 0 7.67404e-06 1.51515e-11 5.67567e-06 0 
0.2993 0.00864604 2.0259e+06 0 0 2.0259e+06 1.33333 -4.86393e-06 0 0 0 6.27327e-06 1.23861e-11 4.8629e-06 0 
0.30295 0.00864625 2.02585e+06 0 0 2.02585e+06 1.33333 -4.13235e-06 0 0 0 5.09543e-06 1.00608e-11 4.13384e-06 0 
0.3066 0.00864647 2.0258e+06 0 0 2.0258e+06 1.33333 -3.48847e-06 0 0 0 4.11234e-06 8.11993e-12 3.48681e-06 0 
0.31025 0.00864668 2.02575e+06 0 0 2.02575e+06 1.33333 -2.91935e-06 0 0 0 3.29779e-06 6.51174e-12 2.91846e-06 0 
0.3139 0.00864689 2.0257e+06 0 0 2.0257e+06 1.33333 -2.42698e-06 0 0 0 2.62778e-06 5.18888e-12 2.42419e-06 0 
0.31755 0.00864711 2.02565e+06 0 0 2.02565e+06 1.33333 -1.99939e-06 0 0 0 2.08061e-06 4.10854e-12 1.99847e-06 0 
0.3212 0.00864732 2.0256e+06 0 0 2.0256e+06 1.33333 -1.6356e-06 0 0 0 1.63696e-06 3.23255e-12 1.63523e-06 0 
0.32485 0.00864754 2.02555e+06 0 0 2.02555e+06 1.33333 -1.32761e-06 0 0 0 1.27979e-06 2.5273e-12 1.32814e-06 0 
0.3285 0.00864775 2.0255e+06 0 0 2.0255e+06 1.33333 -1.07246e-06 0 0 0 9.94268e-07 1.9635e-12 1.07084e-06 0 
0.33215 0.00864796 2.02545e+06 0 0 2.02545e+06 1.33333 -8.58164e-07 0 0 0 7.67622e-07 1.51595e-12 8.5717e-07 0 
0.3358 0.00864818 2.0254e+06 0 0 2.0254e+06 1.33333 -6.82744e-07 0 0 0 5.88982e-07 1.16319e-12 6.81277e-07 0 
0.33945 0.00864839 2.02535e+06 0 0 2.02535e+06 1.33333 -5.40215e-07 0 0 0 4.4919e-07 8.87135e-13 5.37767e-07 0 
0.3431 0.0086486 2.0253e+06 0 0 2.0253e+06 1.33333 -4.22604e-07 0 0 0 3.40624e-07 6.72738e-13 4.21767e-07 0 
0.34675 0.00864882 2.02525e+06 0 0 2.02525e+06 1.33333 -3.2991e-07 0 0 0 2.5703e-07 5.07651e-13 3.28985e-07 0 
0.3504 0.00864903 2.0252e+06 0 0 2.0252e+06 1.33333 -2.53163e-07 0 0 0 1.93372e-07 3.81931e-13 2.55764e-07 0 
0.35405 0.00864924 2.02515e+06 0 0 2.02515e+06 1.33333 -2.00338e-07 0 0 0 1.45723e-07 2.87826e-13 1.99146e-07 0 
0.3577 0.00864946 2.0251e+06 0 0 2.0251e+06 1.33333 -1.59473e-07 0 0 0 1.11218e-07 2.19679e-13 1.56975e-07 0 
0.36135 0.00864967 2.02505e+06 0 0 2.02505e+06 1.33333 -1.28575e-07 0 0 0 8.80973e-08 1.74015e-13 1.28085e-07 0 
0.365 0.00864988 2.025e+06 0 0 2.025e+06 1.33333 -1.13625e-07 0 0 0 7.5899e-08 1.49924e-13 1.12623e-07 0 


0 0.0112 2.03e+06 0 0 1.5225e+06 1 0 0 0.784384 1.01407 507500 1 0 0.0228522 
0.00365 0.0109753 2.02995e+06 0 0 1.55452e+06 1.02106 -2540.53 0 0.765524 1.0009 475431 0.936833 2540.53 0.0234122 
0.0073 0.0107438 2.0299e+06 0 0 1.58973e+06 1.04421 -5098.22 0 0.741239 0.984676 440167 0.867367 5098.22 0.0242075 
0.01095 0.0105071 2.02985e+06 0 0 1.62818e+06 1.06949 -7574.4 0 0.71034 0.964479 401674 0.791535 7574.4 0.0252635 
0.0146 0.0102676 2.0298e+06 0 0 1.66963e+06 1.09674 -9837.1 0 0.671727 0.9391 360173 0.70977 9837.1 0.0265689 
0.01825 0.0100295 2.02975e+06 0 0 1.71353e+06 1.12561 -11727.8 0 0.624387 0.906997 316225 0.62318 11727.8 0.0280704 
0.0219 0.00979788 2.0297e+06 0 0 1.7589e+06 1.15544 -13077.8 0 0.567918 0.866284 270799 0.533673 13077.8 0.0296199 
0.02555 0.00957874 2.02965e+06 0 0 1.80437e+06 1.18534 -13737 0 0.502975 0.814836 225278 0.443974 13737 0.0309402 
0.0292 0.00937828 2.0296e+06 0 0 1.84824e+06 1.21419 -13613.5 0 0.431538 0.750618 181362 0.357433 13613.5 0.0316324 
0.03285 0.00920195 2.02955e+06 0 0 1.8887e+06 1.2408 -12714.1 0 0.356883 0.672425 140848 0.277594 12714.1 0.0312528 
0.0365 0.00905353 2.0295e+06 0 0 1.92418e+06 1.26414 -11170.7 0 0.283225 0.581034 105323 0.207584 11170.7 0.0294641 
0.04015 0.00893443 2.02945e+06 0 0 1.95361e+06 1.28351 -9228.01 0 0.215043 0.480397 75839.5 0.149478 9228.01 0.0262203 
0.0438 0.00884343 2.0294e+06 0 0 1.97669e+06 1.2987 -7183.23 0 0.156132 0.377822 52710.9 0.103895 7183.22 0.0218766 
0.04745 0.00877716 2.02935e+06 0 0 1.99383e+06 1.31 -5299.17 0 0.108692 0.282198 35519.9 0.0700123 5299.15 0.0170995 
0.0511 0.00873092 2.0293e+06 0 0 2.00596e+06 1.318 -3736.94 0 0.0729522 0.200845 23338.4 0.0460029 3736.88 0.0125895 
0.05475 0.0086998 2.02925e+06 0 0 2.01421e+06 1.32345 -2543.91 0 0.0475428 0.1372 15039.1 0.0296446 2543.72 0.00881707 
0.0584 0.00867945 2.0292e+06 0 0 2.01965e+06 1.32706 -1687.32 0 0.030299 0.0907539 9552.76 0.0188306 1686.79 0.00594063 
0.06205 0.00866644 2.02915e+06 0 0 2.02315e+06 1.32939 -1099.16 0 0.018999 0.0586189 6005.19 0.0118378 1097.84 0.00389092 
0.0657 0.00865828 2.0291e+06 0 0 2.02536e+06 1.33087 -708.255 0 0.0117771 0.0372262 3746.9 0.00738631 705.216 0.00249808 
0.06935 0.00865323 2.02905e+06 0 0 2.02673e+06 1.33181 -455.298 0 0.00724138 0.0233617 2325.04 0.0045835 448.856 0.00158177 
0.073 0.00865017 2.02901e+06 0 0 2.02757e+06 1.33239 -296.514 0 0.00442671 0.0145393 1436.76 0.00283243 283.807 0.000991969 
0.07665 0.00864835 2.02897e+06 0 0 2.02808e+06 1.33275 -202.013 0 0.00269452 0.00899491 884.926 0.00174458 178.572 0.000617853 
0.0803 0.00864731 2.02894e+06 0 0 2.02839e+06 1.33298 -152.54 0 0.00163475 0.00554033 543.561 0.00107162 111.931 0.00038291 
0.08395 0.00864676 2.02891e+06 0 0 2.02858e+06 1.33311 -136.241 0 0.000989168 0.00340091 333.095 0.000656697 69.9416 0.000236398 
0.0876 0.0086465 2.0289e+06 0 0 2.0287e+06 1.3332 -145.878 0 0.000597198 0.00208188 203.691 0.000401579 43.5881 0.000145496 
0.09125 0.00864642 2.02891e+06 0 0 2.02879e+06 1.33325 -176.579 0 0.000359843 0.00127144 124.318 0.000245092 27.1002 8.93154e-05 
0.0949 0.00864646 2.02895e+06 0 0 2.02887e+06 1.33328 -224.065 0 0.000216437 0.000774876 75.7353 0.000149309 16.8125 5.47028e-05 
0.09855 0.00864656 2.02901e+06 0 0 2.02896e+06 1.3333 -283.375 0 0.000129965 0.000471351 46.0581 9.07991e-05 10.4088 3.3434e-05 
0.1022 0.00864671 2.0291e+06 0 0 2.02907e+06 1.33331 -348.146 0 7.79175e-05 0.000286211 27.963 5.51238e-05 6.43168 2.03952e-05 
0.10585 0.00864688 2.02922e+06 0 0 2.0292e+06 1.33332 -410.522 0 4.6643e-05 0.000173498 16.9493 3.34105e-05 3.96669 1.24185e-05 
0.1095 0.00864707 2.02936e+06 0 0 2.02935e+06 1.33333 -461.677 0 2.78806e-05 0.000105002 10.2573 2.02177e-05 2.44196 7.54823e-06 
0.11315 0.00864727 2.02952e+06 0 0 2.02951e+06 1.33333 -492.856 0 1.66417e-05 6.34479e-05 6.1978 1.22153e-05 1.50063 4.58019e-06 
0.1168 0.00864748 2.02968e+06 0 0 2.02967e+06 1.33333 -496.702 0 9.91949e-06 3.82801e-05 3.73925 7.36917e-06 0.92056 2.77462e-06 
0.12045 0.00864768 2.02982e+06 0 0 2.02982e+06 1.33333 -468.568 0 5.9046e-06 2.30611e-05 2.25261 4.43903e-06 0.563753 1.67813e-06 
0.1241 0.00864789 2.02995e+06 0 0 2.02995e+06 1.33333 -407.481 0 3.51004e-06 1.38724e-05 1.35505 2.67012e-06 0.344667 1.01336e-06 
0.12775 0.0086481 2.03004e+06 0 0 2.03004e+06 1.33333 -316.532 0 2.08385e-06 8.33302e-06 0.813962 1.60384e-06 0.210377 6.10992e-07 
0.1314 0.00864832 2.03008e+06 0 0 2.03008e+06 1.33333 -202.549 0 1.23555e-06 4.99853e-06 0.488251 9.62033e-07 0.128202 3.67834e-07 
0.13505 0.00864853 2.03007e+06 0 0 2.03007e+06 1.33333 -75.1472 0 7.31658e-07 2.99421e-06 0.292471 5.76279e-07 0.0780023 2.21119e-07 
0.1387 0.00864874 2.03e+06 0 0 2.03e+06 1.33333 54.6914 0 4.32728e-07 1.79116e-06 0.174958 3.44745e-07 0.0473854 1.32731e-07 
0.14235 0.00864895 2.02988e+06 0 0 2.02988e+06 1.33333 176.181 0 2.55619e-07 1.07006e-06 0.104522 2.05967e-07 0.0287421 7.9561e-08 
0.146 0.00864917 2.02972e+06 0 0 2.02972e+06 1.33333 280.161 0 1.50816e-07 6.38429e-07 0.0623608 1.22895e-07 0.0174077 4.76236e-08 
0.14965 0.00864938 2.02952e+06 0 0 2.02952e+06 1.33333 360.131 0 8.88758e-08 3.80414e-07 0.0371583 7.32356e-08 0.0105275 2.84674e-08 
0.1533 0.00864959 2.0293e+06 0 0 2.0293e+06 1.33333 412.768 0 5.23149e-08 2.26385e-07 0.0221129 4.35873e-08 0.0063574 1.69935e-08 
0.15695 0.00864981 2.02907e+06 0 0 2.02907e+06 1.33333 437.898 0 3.07534e-08 1.34551e-07 0.0131427 2.59089e-08 0.00383364 1.01309e-08 
0.1606 0.00865002 2.02883e+06 0 0 2.02883e+06 1.33333 438.018 0 1.80498e-08 7.98662e-08 0.0078012 1.53807e-08 0.00230851 6.03216e-09 
0.16425 0.00865023 2.0286e+06 0 0 2.0286e+06 1.33333 417.531 0 1.05738e-08 4.73438e-08 0.00462446 9.11852e-09 0.00138796 3.58731e-09 
0.1679 0.00865045 2.02839e+06 0 0 2.02839e+06 1.33333 381.868 0 6.18103e-09 2.80264e-08 0.00273757 5.39851e-09 0.00083332 2.13081e-09 
0.17155 0.00865066 2.0282e+06 0 0 2.0282e+06 1.33333 336.659 0 3.5957e-09 1.65673e-08 0.00161827 3.19154e-09 0.000498461 1.26506e-09 
0.1752 0.00865087 2.02802e+06 0 0 2.02802e+06 1.33333 287.071 0 2.07058e-09 9.78506e-09 0.00095579 1.88517e-09 0.000298646 7.5223e-10 
0.17885 0.00865109 2.02787e+06 0 0 2.02787e+06 1.33333 237.371 0 1.17306e-09 5.78967e-09 0.000565526 1.11551e-09 0.000165359 4.50825e-10 
0.1825 0.0086513 2.02774e+06 0 0 2.02774e+06 1.33333 190.715 0 6.20863e-10 3.5027e-09 0.000342138 6.74916e-10 0.000144924 2.79742e-10 
0.18615 0.00865151 2.02762e+06 0 0 2.02762e+06 1.33333 149.134 0 2.56543e-10 2.23699e-09 0.000218506 4.31058e-10 -0.000164304 2.03067e-10 
0.1898 0.00865173 2.02752e+06 0 0 2.02752e+06 1.33333 113.655 0 5.42001e-11 0 0.000197089 3.88827e-10 0.000669412 -5.21885e-12 
0.19345 0.00865194 2.02744e+06 0 0 2.02744e+06 1.33333 84.5157 0 0 0 0.000184461 3.6393e-10 -0.000246309 0 
0.1971 0.00865215 2.02736e+06 0 0 2.02736e+06 1.33333 61.3826 0 0 0 0.000189995 3.74862e-10 6.23625e-05 0 
0.20075 0.00865237 2.02729e+06 0 0 2.02729e+06 1.33333 43.5814 0 0 0 0.000186655 3.68284e-10 -1.48396e-05 0 
0.2044 0.00865258 2.02723e+06 0 0 2.02723e+06 1.33333 30.272 0 0 0 0.000185343 3.65707e-10 5.86545e-06 0 
0.20805 0.00865279 2.02717e+06 0 0 2.02717e+06 1.33333 20.5858 0 0 0 0.000182951 3.60998e-10 3.49311e-06 0 
0.2117 0.00865301 2.02711e+06 0 0 2.02711e+06 1.33333 13.7139 0 0 0 0.000180507 3.56185e-10 4.20621e-06 0 
0.21535 0.00865322 2.02706e+06 0 0 2.02706e+06 1.33333 8.955 0 0 0 0.000177781 3.50816e-10 4.27201e-06 0 
0.219 0.00865343 2.027e+06 0 0 2.027e+06 1.33333 5.73478 0 0 0 0.000174784 3.44912e-10 4.8078e-06 0 
0.22265 0.00865365 2.02695e+06 0 0 2.02695e+06 1.33333 3.60352 0 0 0 0.000171478 3.38396e-10 5.36323e-06 0 
0.2263 0.00865386 2.0269e+06 0 0 2.0269e+06 1.33333 2.22277 0 0 0 0.000167848 3.3124e-10 6.21606e-06 0 
0.22995 0.00865407 2.02685e+06 0 0 2.02685e+06 1.33333 1.3465 0 0 0 0.00016389 3.23438e-10 7.1096e-06 0 
0.2336 0.00865429 2.0268e+06 0 0 2.0268e+06 1.33333 0.80137 0 0 0 0.000159618 3.15015e-10 8.01885e-06 0 
0.23725 0.0086545 2.02675e+06 0 0 2.02675e+06 1.33333 0.468748 0 0 0 0.00015505 3.06008e-10 8.88776e-06 0 
0.2409 0.00865471 2.0267e+06 0 0 2.0267e+06 1.33333 0.269574 0 0 0 0.000150209 2.96461e-10 9.71028e-06 0 
0.24455 0.00865493 2.02665e+06 0 0 2.02665e+06 1.33333 0.152472 0 0 0 0.000145118 2.8642e-10 1.04857e-05 0 
0.2482 0.00865514 2.0266e+06 0 0 2.0266e+06 1.33333 0.0848425 0 0 0 0.000139803 2.75936e-10 1.12154e-05 0 
0.25185 0.00865535 2.02655e+06 0 0 2.02655e+06 1.33333 0.0464582 0 0 0 0.000134289 2.6506e-10 1.18974e-05 0 
0.2555 0.00865557 2.0265e+06 0 0 2.0265e+06 1.33333 0.0250403 0 0 0 0.000128607 2.5385e-10 1.25263e-05 0 
0.25915 0.00865578 2.02645e+06 0 0 2.02645e+06 1.33333 0.0132865 0 0 0 0.000122786 2.42366e-10 1.30947e-05 0 
0.2628 0.008656 2.0264e+06 0 0 2.0264e+06 1.33333 0.00694046 0 0 0 0.000116859 2.30673e-10 1.35946e-05 0 
0.26645 0.00865621 2.02635e+06 0 0 2.02635e+06 1.33333 0.00356829 0 0 0 0.00011086 2.18837e-10 1.40186e-05 0 
0.2701 0.00865642 2.0263e+06 0 0 2.0263e+06 1.33333 0.00180417 0 0 0 0.000104823 2.06925e-10 1.43605e-05 0 
0.27375 0.00865664 2.02625e+06 0 0 2.02625e+06 1.33333 0.000895324 0 0 0 9.87834e-05 1.95007e-10 1.46157e-05 0 
0.2774 0.00865685 2.0262e+06 0 0 2.0262e+06 1.33333 0.000434104 0 0 0 9.27747e-05 1.8315e-10 1.47814e-05 0 
0.28105 0.00865706 2.02615e+06 0 0 2.02615e+06 1.33333 0.00020351 0 0 0 8.68303e-05 1.71419e-10 1.48563e-05 0 
0.2847 0.00865728 2.0261e+06 0 0 2.0261e+06 1.33333 8.99348e-05 0 0 0 8.09817e-05 1.59877e-10 1.48411e-05 0 
0.28835 0.00865749 2.02605e+06 0 0 2.02605e+06 1.33333 3.48568e-05 0 0 0 7.52586e-05 1.48582e-10 1.47376e-05 0 
0.292 0.0086577 2.026e+06 0 0 2.026e+06 1.33333 8.61354e-06 0 0 0 6.96884e-05 1.37588e-10 1.45491e-05 0 
0.29565 0.00865792 2.02595e+06 0 0 2.02595e+06 1.33333 -3.60409e-06 0 0 0 6.42958e-05 1.26945e-10 1.42804e-05 0 
0.2993 0.00865813 2.0259e+06 0 0 2.0259e+06 1.33333 -9.08e-06 0 0 0 5.91025e-05 1.16694e-10 1.39371e-05 0 
0.30295 0.00865835 2.02585e+06 0 0 2.02585e+06 1.33333 -1.13435e-05 0 0 0 5.41273e-05 1.06873e-10 1.3526e-05 0 
0.3066 0.00865856 2.0258e+06 0 0 2.0258e+06 1.33333 -1.20861e-05 0 0 0 4.93856e-05 9.75132e-11 1.30545e-05 0 
0.31025 0.00865877 2.02575e+06 0 0 2.02575e+06 1.33333 -1.2109e-05 0 0 0 4.48896e-05 8.86381e-11 1.25308e-05 0 
0.3139 0.00865899 2.0257e+06 0 0 2.0257e+06 1.33333 -1.17811e-05 0 0 0 4.06486e-05 8.02658e-11 1.19635e-05 0 
0.31755 0.0086592 2.02565e+06 0 0 2.02565e+06 1.33333 -1.12837e-05 0 0 0 3.66685e-05 7.24084e-11 1.13613e-05 0 
0.3212 0.00865941 2.0256e+06 0 0 2.0256e+06 1.33333 -1.07006e-05 0 0 0 3.29526e-05 6.50722e-11 1.07333e-05 0 
0.32485 0.00865963 2.02555e+06 0 0 2.02555e+06 1.33333 -1.00747e-05 0 0 0 2.95013e-05 5.82584e-11 1.00882e-05 0 
0.3285 0.00865984 2.0255e+06 0 0 2.0255e+06 1.33333 -9.43084e-06 0 0 0 2.63133e-05 5.1964e-11 9.43502e-06 0 
0.33215 0.00866006 2.02545e+06 0 0 2.02545e+06 1.33333 -8.77999e-06 0 0 0 2.3385e-05 4.61823e-11 8.78236e-06 0 
0.3358 0.00866027 2.0254e+06 0 0 2.0254e+06 1.33333 -8.13711e-06 0 0 0 2.0712e-05 4.09046e-11 8.13878e-06 0 
0.33945 0.00866048 2.02535e+06 0 0 2.02535e+06 1.33333 -7.51317e-06 0 0 0 1.82897e-05 3.61215e-11 7.51287e-06 0 
0.3431 0.0086607 2.0253e+06 0 0 2.0253e+06 1.33333 -6.91415e-06 0 0 0 1.61139e-05 3.18252e-11 6.91348e-06 0 
0.34675 0.00866091 2.02525e+06 0 0 2.02525e+06 1.33333 -6.35201e-06 0 0 0 1.41827e-05 2.80118e-11 6.35007e-06 0 
0.3504 0.00866112 2.0252e+06 0 0 2.0252e+06 1.33333 -5.83472e-06 0 0 0 1.24984e-05 2.46857e-11 5.83334e-06 0 
0.35405 0.00866134 2.02515e+06 0 0 2.02515e+06 1.33333 -5.37623e-06 0 0 0 1.107e-05 2.18651e-11 5.37605e-06 0 
0.3577 0.00866155 2.0251e+06 0 0 2.0251e+06 1.33333 -4.99549e-06 0 0 0 9.91738e-06 1.95889e-11 4.99419e-06 0 
0.36135 0.00866177 2.02505e+06 0 0 2.02505e+06 1.33333 -4.71143e-06 0 0 0 9.07667e-06 1.79288e-11 4.70857e-06 0 
0.365 0.00866198 2.025e+06 0 0 2.025e+06 1.33333 -4.54897e-06 0 0 0 8.60826e-06 1.7004e-11 4.54696e-06 0 


0 0.0112 2.03e+06 0 0 1.5225e+06 1 0 0 0.874062 1.01407 507500 1 0 0.01393 
0.00365 0.0110479 2.02995e+06 0 0 1.54403e+06 1.01417 -1721.96 0 0.858425 1.00536 485921 0.957502 1721.96 0.0146153 
0.0073 0.0108842 2.0299e+06 0 0 1.56844e+06 1.03022 -3537.42 0 0.838545 0.994706 461464 0.909333 3537.42 0.0155288 
0.01095 0.0107082 2.02985e+06 0 0 1.59605e+06 1.04839 -5416.36 0 0.813414 0.981527 433798 0.854838 5416.36 0.0167123 
0.0146 0.0105202 2.0298e+06 0 0 1.6271e+06 1.06881 -7304.56 0 0.78199 0.965056 402701 0.793577 7304.56 0.0181932 
0.01825 0.0103217 2.02975e+06 0 0 1.66161e+06 1.09151 -9118.63 0 0.743178 0.944303 368138 0.725485 9118.63 0.0199812 
0.0219 0.0101156 2.0297e+06 0 0 1.69934e+06 1.11631 -10744.6 0 0.696132 0.918004 330364 0.65106 10744.6 0.0220342 
0.02555 0.0099064 2.02965e+06 0 0 1.73964e+06 1.14282 -12044.2 0 0.640533 0.884591 290007 0.57154 12044.2 0.0242274 
0.0292 0.00970006 2.0296e+06 0 0 1.78149e+06 1.17034 -12871.3 0 0.576806 0.842219 248111 0.488985 12871.3 0.0263343 
0.03285 0.0095031 2.02955e+06 0 0 1.82344e+06 1.19793 -13101.5 0 0.506241 0.788912 206108 0.406215 13101.5 0.02803 
0.0365 0.00932206 2.0295e+06 0 0 1.86382e+06 1.22448 -12668.9 0 0.431064 0.722962 165684 0.326551 12668.9 0.028924 
0.04015 0.00916249 2.02945e+06 0 0 1.90091e+06 1.24888 -11600.3 0 0.354434 0.643696 128545 0.253359 11600.3 0.0286376 
0.0438 0.00902809 2.0294e+06 0 0 1.93327e+06 1.27017 -10031.3 0 0.280235 0.552565 96131.6 0.189478 10031.3 0.0269332 
0.04745 0.00892021 2.02935e+06 0 0 1.96001e+06 1.28778 -8186.36 0 0.212502 0.454062 69339.9 0.136674 8186.36 0.0238624 
0.0511 0.00883772 2.0293e+06 0 0 1.98093e+06 1.30155 -6319.58 0 0.154535 0.3555 48372.8 0.0953487 6319.58 0.0198282 
0.05475 0.00877747 2.02925e+06 0 0 1.99646e+06 1.31179 -4641.49 0 0.10809 0.265049 32786.3 0.0646275 4641.49 0.0154683 
0.0584 0.00873524 2.0292e+06 0 0 2.00749e+06 1.31907 -3270.41 0 0.0731117 0.188926 21709.1 0.0427933 3270.41 0.0114019 
0.06205 0.00870662 2.02915e+06 0 0 2.01503e+06 1.32406 -2230.96 0 0.0481396 0.129672 14119.2 0.0278327 2230.96 0.00802015 
0.0657 0.00868775 2.0291e+06 0 0 2.02004e+06 1.32738 -1485.88 0 0.0310572 0.0864148 9062.39 0.0178648 1485.88 0.00544184 
0.06935 0.00867555 2.02905e+06 0 0 2.02329e+06 1.32955 -972.882 0 0.0197412 0.056346 5761.43 0.0113579 972.877 0.00359657 
0.073 0.00866781 2.029e+06 0 0 2.02536e+06 1.33094 -629.417 0 0.0124161 0.0361726 3637.72 0.00717145 629.404 0.00233328 
0.07665 0.00866298 2.02895e+06 0 0 2.02666e+06 1.33183 -403.823 0 0.00775059 0.0229694 2285.28 0.00450534 403.788 0.00149429 
0.0803 0.00866 2.0289e+06 0 0 2.02747e+06 1.33239 -257.587 0 0.00481205 0.0144736 1430.19 0.00281964 257.5 0.000948409 
0.08395 0.00865822 2.02885e+06 0 0 2.02796e+06 1.33275 -163.691 0 0.00297566 0.00907011 892.378 0.00175938 163.49 0.000598124 
0.0876 0.00865718 2.0288e+06 0 0 2.02824e+06 1.33297 -103.894 0 0.0018344 0.00566079 555.432 0.0010951 103.451 0.000375462 
0.09125 0.00865661 2.02875e+06 0 0 2.02841e+06 1.33311 -66.2049 0 0.00112803 0.0035219 344.978 0.000680179 65.2825 0.000234857 
0.0949 0.00865634 2.0287e+06 0 0 2.02849e+06 1.33319 -42.9249 0 0.000692204 0.00218562 213.859 0.000421667 41.1014 0.000146492 
0.09855 0.00865626 2.02865e+06 0 0 2.02852e+06 1.33325 -29.2586 0 0.00042398 0.00135344 132.344 0.00026095 25.8245 9.11588e-05 
0.1022 0.00865628 2.02861e+06 0 0 2.02852e+06 1.33328 -22.3705 0 0.000259255 0.000836531 81.7654 0.000161225 16.1956 5.66087e-05 
0.10585 0.00865638 2.02856e+06 0 0 2.02851e+06 1.3333 -20.7623 0 0.000158281 0.000516148 50.4372 9.94542e-05 10.1391 3.50877e-05 
0.1095 0.00865652 2.02852e+06 0 0 2.02849e+06 1.33331 -23.8534 0 9.64912e-05 0.000317955 31.0652 6.12569e-05 6.3369 2.17105e-05 
0.11315 0.00865669 2.02848e+06 0 0 2.02846e+06 1.33332 -31.6792 0 5.87392e-05 0.000195564 19.1054 3.76743e-05 3.95413 1.34112e-05 
0.1168 0.00865688 2.02844e+06 0 0 2.02843e+06 1.33333 -44.6435 0 3.57083e-05 0.000120108 11.7331 2.31371e-05 2.46343 8.27133e-06 
0.12045 0.00865708 2.02842e+06 0 0 2.02841e+06 1.33333 -63.2823 0 2.16785e-05 7.36601e-05 7.19543 1.41892e-05 1.53235 5.09352e-06 
0.1241 0.00865728 2.02841e+06 0 0 2.0284e+06 1.33333 -88.0211 0 1.31437e-05 4.51113e-05 4.40656 8.6897e-06 0.951733 3.13192e-06 
0.12775 0.00865749 2.0284e+06 0 0 2.0284e+06 1.33333 -118.926 0 7.95885e-06 2.75895e-05 2.69496 5.31445e-06 0.590235 1.92295e-06 
0.1314 0.0086577 2.02842e+06 0 0 2.02842e+06 1.33333 -155.469 0 4.81322e-06 1.68508e-05 1.64598 3.24584e-06 0.365507 1.17897e-06 
0.13505 0.00865791 2.02845e+06 0 0 2.02845e+06 1.33333 -196.343 0 2.90727e-06 1.02784e-05 1.00398 1.97981e-06 0.226015 7.21821e-07 
0.1387 0.00865812 2.0285e+06 0 0 2.0285e+06 1.33333 -239.374 0 1.7539e-06 6.26132e-06 0.611599 1.20601e-06 0.139559 4.41322e-07 
0.14235 0.00865833 2.02856e+06 0 0 2.02856e+06 1.33333 -281.553 0 1.05684e-06 3.80937e-06 0.372095 7.33711e-07 0.0860534 2.69459e-07 
0.146 0.00865854 2.02865e+06 0 0 2.02865e+06 1.33333 -319.225 0 6.36062e-07 2.31471e-06 0.226098 4.4581e-07 0.0529877 1.64305e-07 
0.14965 0.00865876 2.02874e+06 0 0 2.02874e+06 1.33333 -348.426 0 3.82374e-07 1.40477e-06 0.137215 2.70543e-07 0.0325827 1.00055e-07 
0.1533 0.00865897 2.02884e+06 0 0 2.02884e+06 1.33333 -365.319 0 2.29606e-07 8.51495e-07 0.0831728 1.63981e-07 0.0200084 6.08507e-08 
0.15695 0.00865918 2.02895e+06 0 0 2.02895e+06 1.33333 -366.698 0 1.37713e-07 5.15511e-07 0.0503543 9.92717e-08 0.0122705 3.69608e-08 
0.1606 0.0086594 2.02905e+06 0 0 2.02905e+06 1.33333 -350.448 0 8.24997e-08 3.11727e-07 0.030449 6.00262e-08 0.00751521 2.24222e-08 
0.16425 0.00865961 2.02913e+06 0 0 2.02913e+06 1.33333 -315.908 0 4.93621e-08 1.88274e-07 0.0183904 3.62527e-08 0.00459682 1.35857e-08 
0.1679 0.00865982 2.0292e+06 0 0 2.0292e+06 1.33333 -264.058 0 2.94969e-08 1.13576e-07 0.0110939 2.18685e-08 0.0028082 8.22162e-09 
0.17155 0.00866004 2.02923e+06 0 0 2.02923e+06 1.33333 -197.492 0 1.75966e-08 6.84279e-08 0.00668393 1.31753e-08 0.00171326 4.96973e-09 
0.1752 0.00866025 2.02924e+06 0 0 2.02924e+06 1.33333 -120.175 0 1.04728e-08 4.11716e-08 0.00402158 7.92728e-09 0.00104404 3.00092e-09 
0.17885 0.00866046 2.02921e+06 0 0 2.02921e+06 1.33333 -37.0295 0 6.21607e-09 2.47364e-08 0.00241621 4.76287e-09 0.000634768 1.81017e-09 
0.1825 0.00866068 2.02914e+06 0 0 2.02914e+06 1.33333 46.6002 0 3.66591e-09 1.48391e-08 0.00144946 2.8573e-09 0.000385034 1.09197e-09 
0.18615 0.00866089 2.02904e+06 0 0 2.02904e+06 1.33333 125.514 0 2.1402e-09 8.89367e-09 0.00086872 1.71257e-09 0.000228794 6.6019e-10 
0.1898 0.0086611 2.02891e+06 0 0 2.02891e+06 1.33333 195.175 0 1.21864e-09 5.34781e-09 0.000522366 1.02984e-09 0.000135105 4.03827e-10 
0.19345 0.00866132 2.02876e+06 0 0 2.02876e+06 1.33333 252.108 0 6.47138e-10 3.27286e-09 0.000319688 6.30311e-10 5.68931e-05 2.58858e-10 
0.1971 0.00866153 2.02859e+06 0 0 2.02859e+06 1.33333 294.14 0 2.39562e-10 2.23701e-09 0.000218508 4.30857e-10 0.000112074 1.93993e-10 
0.20075 0.00866174 2.0284e+06 0 0 2.0284e+06 1.33333 320.469 0 5.94688e-11 0 0.000173583 3.42306e-10 -0.000883877 2.02515e-10 
0.2044 0.00866196 2.02822e+06 0 0 2.02822e+06 1.33333 331.562 0 0 0 0.000195778 3.86108e-10 0.0001098 0 
0.20805 0.00866217 2.02803e+06 0 0 2.02803e+06 1.33333 328.945 0 0 0 0.000189229 3.73227e-10 2.31282e-07 0 
0.2117 0.00866239 2.02784e+06 0 0 2.02784e+06 1.33333 314.886 0 0 0 0.000188821 3.72456e-10 1.72107e-05 0 
0.21535 0.0086626 2.02767e+06 0 0 2.02767e+06 1.33333 292.078 0 0 0 0.000187277 3.69443e-10 4.7446e-06 0 
0.219 0.00866281 2.02751e+06 0 0 2.02751e+06 1.33333 263.323 0 0 0 0.000186532 3.68004e-10 1.46694e-06 0 
0.22265 0.00866303 2.02736e+06 0 0 2.02736e+06 1.33333 231.274 0 0 0 0.000185846 3.66676e-10 -5.27885e-07 0 
0.2263 0.00866324 2.02722e+06 0 0 2.02722e+06 1.33333 198.239 0 0 0 0.000185025 3.65082e-10 -1.75647e-07 0 
0.22995 0.00866345 2.0271e+06 0 0 2.0271e+06 1.33333 166.074 0 0 0 0.00018395 3.62981e-10 4.61593e-07 0 
0.2336 0.00866367 2.02699e+06 0 0 2.02699e+06 1.33333 136.139 0 0 0 0.000182604 3.60344e-10 1.34046e-06 0 
0.23725 0.00866388 2.02689e+06 0 0 2.02689e+06 1.33333 109.31 0 0 0 0.000180996 3.57189e-10 2.10765e-06 0 
0.2409 0.00866409 2.02681e+06 0 0 2.02681e+06 1.33333 86.0405 0 0 0 0.000179147 3.53556e-10 2.81363e-06 0 
0.24455 0.00866431 2.02673e+06 0 0 2.02673e+06 1.33333 66.4405 0 0 0 0.000177074 3.49478e-10 3.41553e-06 0 
0.2482 0.00866452 2.02666e+06 0 0 2.02666e+06 1.33333 50.3653 0 0 0 0.000174789 3.44981e-10 3.95584e-06 0 
0.25185 0.00866474 2.02659e+06 0 0 2.02659e+06 1.33333 37.5014 0 0 0 0.000172299 3.40077e-10 4.45494e-06 0 
0.2555 0.00866495 2.02653e+06 0 0 2.02653e+06 1.33333 27.4415 0 0 0 0.000169608 3.34775e-10 4.93788e-06 0 
0.25915 0.00866516 2.02647e+06 0 0 2.02647e+06 1.33333 19.7432 0 0 0 0.000166716 3.29077e-10 5.4191e-06 0 
0.2628 0.00866538 2.02641e+06 0 0 2.02641e+06 1.33333 13.972 0 0 0 0.000163626 3.22986e-10 5.90646e-06 0 
0.26645 0.00866559 2.02636e+06 0 0 2.02636e+06 1.33333 9.7299 0 0 0 0.000160339 3.16507e-10 6.40164e-06 0 
0.2701 0.00866581 2.02631e+06 0 0 2.02631e+06 1.33333 6.66994 0 0 0 0.000156859 3.09645e-10 6.90259e-06 0 
0.27375 0.00866602 2.02625e+06 0 0 2.02625e+06 1.33333 4.50244 0 0 0 0.000153191 3.02413e-10 7.40513e-06 0 
0.2774 0.00866623 2.0262e+06 0 0 2.0262e+06 1.33333 2.99381 0 0 0 0.000149344 2.94825e-10 7.90416e-06 0 
0.28105 0.00866645 2.02615e+06 0 0 2.02615e+06 1.33333 1.96147 0 0 0 0.000145324 2.86897e-10 8.39435e-06 0 
0.2847 0.00866666 2.0261e+06 0 0 2.0261e+06 1.33333 1.2666 0 0 0 0.000141145 2.78653e-10 8.87047e-06 0 
0.28835 0.00866687 2.02605e+06 0 0 2.02605e+06 1.33333 0.806336 0 0 0 0.000136818 2.70117e-10 9.32753e-06 0 
0.292 0.00866709 2.026e+06 0 0 2.026e+06 1.33333 0.506196 0 0 0 0.000132357 2.61317e-10 9.76089e-06 0 
0.29565 0.0086673 2.02595e+06 0 0 2.02595e+06 1.33333 0.313437 0 0 0 0.000127778 2.52284e-10 1.01662e-05 0 
0.2993 0.00866752 2.0259e+06 0 0 2.0259e+06 1.33333 0.191474 0 0 0 0.000123099 2.4305e-10 1.05395e-05 0 
0.30295 0.00866773 2.02585e+06 0 0 2.02585e+06 1.33333 0.115422 0 0 0 0.000118336 2.33653e-10 1.08771e-05 0 
0.3066 0.00866794 2.0258e+06 0 0 2.0258e+06 1.33333 0.0686703 0 0 0 0.00011351 2.24128e-10 1.11761e-05 0 
0.31025 0.00866816 2.02575e+06 0 0 2.02575e+06 1.33333 0.0403303 0 0 0 0.000108639 2.14516e-10 1.14336e-05 0 
0.3139 0.00866837 2.0257e+06 0 0 2.0257e+06 1.33333 0.0233852 0 0 0 0.000103745 2.04859e-10 1.16477e-05 0 
0.31755 0.00866859 2.02565e+06 0 0 2.02565e+06 1.33333 0.0133888 0 0 0 9.88504e-05 1.95198e-10 1.18169e-05 0 
0.3212 0.0086688 2.0256e+06 0 0 2.0256e+06 1.33333 0.00756931 0 0 0 9.39767e-05 1.85578e-10 1.19407e-05 0 
0.32485 0.00866901 2.02555e+06 0 0 2.02555e+06 1.33333 0.00422514 0 0 0 8.91483e-05 1.76048e-10 1.20191e-05 0 
0.3285 0.00866923 2.0255e+06 0 0 2.0255e+06 1.33333 0.00232787 0 0 0 8.43905e-05 1.66656e-10 1.20534e-05 0 
0.33215 0.00866944 2.02545e+06 0 0 2.02545e+06 1.33333 0.00126495 0 0 0 7.97311e-05 1.57458e-10 1.20457e-05 0 
0.3358 0.00866966 2.0254e+06 0 0 2.0254e+06 1.33333 0.000676818 0 0 0 7.52008e-05 1.48515e-10 1.19991e-05 0 
0.33945 0.00866987 2.02535e+06 0 0 2.02535e+06 1.33333 0.000355374 0 0 0 7.08351e-05 1.39897e-10 1.19182e-05 0 
0.3431 0.00867008 2.0253e+06 0 0 2.0253e+06 1.33333 0.000181823 0 0 0 6.66762e-05 1.31687e-10 1.18089e-05 0 
0.34675 0.0086703 2.02525e+06 0 0 2.02525e+06 1.33333 8.9263e-05 0 0 0 6.27756e-05 1.23986e-10 1.16785e-05 0 
0.3504 0.00867051 2.0252e+06 0 0 2.0252e+06 1.33333 4.05012e-05 0 0 0 5.91983e-05 1.16923e-10 1.15361e-05 0 
0.35405 0.00867073 2.02515e+06 0 0 2.02515e+06 1.33333 1.5144e-05 0 0 0 5.60284e-05 1.10665e-10 1.13925e-05 0 
0.3577 0.00867094 2.0251e+06 0 0 2.0251e+06 1.33333 2.12398e-06 0 0 0 5.33764e-05 1.0543e-10 1.12607e-05 0 
0.36135 0.00867115 2.02505e+06 0 0 2.02505e+06 1.33333 -4.47521e-06 0 0 0 5.13891e-05 1.01507e-10 1.11553e-05 0 
0.365 0.00867137 2.025e+06 0 0 2.025e+06 1.33333 -7.79425e-06 0 0 0 5.02631e-05 9.92852e-11 1.10934e-05 0 


0 0.0112 2.03e+06 0 0 1.5225e+06 1 0 0 0.928727 1.01407 507500 1 0 0.00849134 
0.00365 0.0110975 2.02995e+06 0 0 1.53694e+06 1.00951 -1160.38 0 0.916451 1.00829 493009 0.97147 1160.38 0.00913486 
0.0073 0.0109832 2.0299e+06 0 0 1.55374e+06 1.02057 -2429.4 0 0.900979 1.00121 476162 0.938297 2429.4 0.00996734 
0.01095 0.0108556 2.02985e+06 0 0 1.57328e+06 1.03343 -3807.31 0 0.881513 0.992466 456568 0.899707 3807.31 0.0110301 
0.0146 0.0107134 2.0298e+06 0 0 1.59595e+06 1.04835 -5281.64 0 0.857183 0.981552 433849 0.854959 5281.64 0.0123606 
0.01825 0.0105564 2.02975e+06 0 0 1.62205e+06 1.06552 -6821.09 0 0.827011 0.967834 407700 0.803449 6821.09 0.013992 
0.0219 0.010385 2.0297e+06 0 0 1.65174e+06 1.08505 -8369.24 0 0.79009 0.950491 377958 0.744855 8369.24 0.0159328 
0.02555 0.0102016 2.02965e+06 0 0 1.68496e+06 1.1069 -9840.4 0 0.745729 0.928477 344689 0.679307 9840.4 0.0181473 
0.0292 0.0100096 2.0296e+06 0 0 1.72133e+06 1.13082 -11120.7 0 0.69358 0.900489 308273 0.607554 11120.7 0.0205396 
0.03285 0.00981416 2.02955e+06 0 0 1.76009e+06 1.15631 -12077.5 0 0.633731 0.864945 269464 0.53108 12077.5 0.0229434 
0.0365 0.0096215 2.0295e+06 0 0 1.8001e+06 1.18262 -12578.9 0 0.566813 0.820041 229400 0.45213 12578.9 0.025116 
0.04015 0.00943819 2.02945e+06 0 0 1.8399e+06 1.2088 -12523.1 0 0.49417 0.763953 189545 0.37359 12523.1 0.0267422 
0.0438 0.00927054 2.0294e+06 0 0 1.87786e+06 1.23377 -11871.5 0 0.41803 0.695309 151543 0.298695 11871.5 0.0274653 
0.04745 0.00912366 2.02935e+06 0 0 1.91237e+06 1.25647 -10675.9 0 0.341537 0.61401 116982 0.23058 10675.9 0.0269656 
0.0511 0.00900076 2.0293e+06 0 0 1.94217e+06 1.27609 -9084.28 0 0.26849 0.522255 87125.7 0.171735 9084.28 0.0250886 
0.05475 0.00890273 2.02925e+06 0 0 1.96657e+06 1.29215 -7312.37 0 0.202685 0.425168 62680.2 0.123554 7312.37 0.0219714 
0.0584 0.00882814 2.0292e+06 0 0 1.9855e+06 1.30462 -5584.68 0 0.147029 0.330139 43696.7 0.0861358 5584.68 0.0180627 
0.06205 0.00877385 2.02915e+06 0 0 1.99949e+06 1.31385 -4071.79 0 0.102842 0.244668 29657.8 0.0584636 4071.79 0.0139757 
0.0657 0.00873583 2.0291e+06 0 0 2.0094e+06 1.32039 -2857.59 0 0.0697461 0.173876 19702.9 0.0388407 2857.59 0.0102517 
0.06935 0.00871002 2.02905e+06 0 0 2.01617e+06 1.32487 -1947.25 0 0.0461557 0.119353 12878.1 0.0253874 1947.25 0.00720108 
0.073 0.00869294 2.029e+06 0 0 2.02068e+06 1.32787 -1298.5 0 0.0299858 0.0797601 8317.35 0.0163969 1298.5 0.004894 
0.07665 0.00868185 2.02895e+06 0 0 2.02362e+06 1.32983 -852.663 0 0.0192214 0.052262 5325.77 0.0104996 852.663 0.00324729 
0.0803 0.00867477 2.0289e+06 0 0 2.02551e+06 1.33111 -553.908 0 0.012204 0.0337671 3389.14 0.00668173 553.908 0.00211858 
0.08395 0.00867032 2.02885e+06 0 0 2.0267e+06 1.33192 -357.131 0 0.0076959 0.0216033 2146.99 0.00423292 357.131 0.00136607 
0.0876 0.00866756 2.0288e+06 0 0 2.02744e+06 1.33244 -229.033 0 0.00482926 0.0137256 1355.46 0.00267243 229.033 0.000873678 
0.09125 0.00866589 2.02875e+06 0 0 2.0279e+06 1.33277 -146.31 0 0.00301934 0.00867718 853.451 0.00168271 146.309 0.000555545 
0.0949 0.00866492 2.0287e+06 0 0 2.02816e+06 1.33298 -93.1886 0 0.00188242 0.00546546 536.184 0.0010572 93.1862 0.00035177 
0.09855 0.00866439 2.02865e+06 0 0 2.02831e+06 1.33311 -59.2165 0 0.00117092 0.00343276 336.222 0.000662948 59.2106 0.00022203 
0.1022 0.00866413 2.0286e+06 0 0 2.02839e+06 1.33319 -37.5613 0 0.000726937 0.00215112 210.477 0.00041502 37.5473 0.000139785 
0.10585 0.00866405 2.02855e+06 0 0 2.02842e+06 1.33325 -23.7993 0 0.000450535 0.00134538 131.555 0.000259408 23.7682 8.78196e-05 
0.1095 0.00866408 2.0285e+06 0 0 2.02842e+06 1.33328 -15.0884 0 0.000278796 0.000840011 82.1057 0.000161904 15.0216 5.50707e-05 
0.11315 0.00866418 2.02845e+06 0 0 2.0284e+06 1.3333 -9.61694 0 0.000172273 0.000523659 51.1715 0.000100908 9.47943 3.44766e-05 
0.1168 0.00866432 2.0284e+06 0 0 2.02837e+06 1.33331 -6.24543 0 0.000106304 0.000325972 31.8486 6.28054e-05 5.97342 2.15504e-05 
0.12045 0.00866449 2.02835e+06 0 0 2.02833e+06 1.33332 -4.27694 0 6.55104e-05 0.000202632 19.796 3.90386e-05 3.75886 1.34507e-05 
0.1241 0.00866468 2.0283e+06 0 0 2.02829e+06 1.33333 -3.31355 0 4.03193e-05 0.000125793 12.2885 2.4234e-05 2.36209 8.38335e-06 
0.12775 0.00866487 2.02825e+06 0 0 2.02824e+06 1.33333 -3.16942 0 2.4784e-05 7.79895e-05 7.61837 1.50245e-05 1.48236 5.21786e-06 
0.1314 0.00866508 2.0282e+06 0 0 2.0282e+06 1.33333 -3.82061 0 1.52159e-05 4.82908e-05 4.71715 9.30311e-06 0.929037 3.24326e-06 
0.13505 0.00866528 2.02815e+06 0 0 2.02815e+06 1.33333 -5.3772 0 9.33042e-06 2.98641e-05 2.91715 5.7533e-06 0.581491 2.01325e-06 
0.1387 0.00866549 2.02811e+06 0 0 2.02811e+06 1.33333 -8.06717 0 5.71467e-06 1.84459e-05 1.80179 3.55364e-06 0.363488 1.2481e-06 
0.14235 0.0086657 2.02806e+06 0 0 2.02806e+06 1.33333 -12.2231 0 3.49603e-06 1.13795e-05 1.11154 2.19233e-06 0.226923 7.72758e-07 
0.146 0.00866592 2.02802e+06 0 0 2.02802e+06 1.33333 -18.2638 0 2.13629e-06 7.01181e-06 0.684906 1.35089e-06 0.141487 4.7785e-07 
0.14965 0.00866613 2.02798e+06 0 0 2.02798e+06 1.33333 -26.665 0 1.30394e-06 4.31543e-06 0.421526 8.3142e-07 0.0881063 2.9512e-07 
0.1533 0.00866634 2.02795e+06 0 0 2.02795e+06 1.33333 -37.9138 0 7.95001e-07 2.65285e-06 0.259127 5.11112e-07 0.0547969 1.82043e-07 
0.15695 0.00866656 2.02792e+06 0 0 2.02792e+06 1.33333 -52.4456 0 4.84172e-07 1.62893e-06 0.159112 3.13843e-07 0.0340385 1.12156e-07 
0.1606 0.00866677 2.0279e+06 0 0 2.0279e+06 1.33333 -70.5647 0 2.94546e-07 9.99078e-07 0.0975884 1.92492e-07 0.0211181 6.90167e-08 
0.16425 0.00866698 2.02788e+06 0 0 2.02788e+06 1.33333 -92.3545 0 1.78989e-07 6.12077e-07 0.0597868 1.17929e-07 0.0130862 4.24204e-08 
0.1679 0.0086672 2.02788e+06 0 0 2.02788e+06 1.33333 -117.589 0 1.08647e-07 3.74564e-07 0.0365869 7.21676e-08 0.00809949 2.60429e-08 
0.17155 0.00866741 2.02789e+06 0 0 2.02789e+06 1.33333 -145.658 0 6.58708e-08 2.28959e-07 0.0223643 4.41135e-08 0.00500711 1.59702e-08 
0.1752 0.00866762 2.02791e+06 0 0 2.02791e+06 1.33333 -175.521 0 3.98834e-08 1.39794e-07 0.0136549 2.69339e-08 0.00309182 9.7824e-09 
0.17885 0.00866784 2.02795e+06 0 0 2.02795e+06 1.33333 -205.707 0 2.4114e-08 8.52523e-08 0.00832731 1.64251e-08 0.00190689 5.98535e-09 
0.1825 0.00866805 2.028e+06 0 0 2.028e+06 1.33333 -234.368 0 1.45488e-08 5.19231e-08 0.00507177 1.00035e-08 0.00117495 3.65842e-09 
0.18615 0.00866827 2.02805e+06 0 0 2.02805e+06 1.33333 -259.392 0 8.75398e-09 3.15779e-08 0.00308448 6.08363e-09 0.000722465 2.23388e-09 
0.1898 0.00866848 2.02812e+06 0 0 2.02812e+06 1.33333 -278.569 0 5.24352e-09 1.9173e-08 0.00187278 3.69363e-09 0.000446068 1.36309e-09 
0.19345 0.00866869 2.02819e+06 0 0 2.02819e+06 1.33333 -289.79 0 3.11677e-09 1.1619e-08 0.00113492 2.23829e-09 0.000266517 8.32214e-10 
0.1971 0.00866891 2.02826e+06 0 0 2.02826e+06 1.33333 -291.274 0 1.81521e-09 7.04301e-09 0.000687951 1.35673e-09 0.000187862 5.10784e-10 
0.20075 0.00866912 2.02833e+06 0 0 2.02833e+06 1.33333 -281.772 0 1.02751e-09 4.28674e-09 0.000418722 8.25747e-10 2.92672e-05 3.21971e-10 
0.2044 0.00866933 2.02839e+06 0 0 2.02839e+06 1.33333 -260.74 0 5.01417e-10 2.79121e-09 0.000272641 5.3765e-10 0.000270228 2.16258e-10 
0.20805 0.00866955 2.02844e+06 0 0 2.02844e+06 1.33333 -228.438 0 1.62396e-10 0 0.00019166 3.77945e-10 -0.000702308 2.05817e-10 
0.2117 0.00866976 2.02847e+06 0 0 2.02847e+06 1.33333 -185.962 0 1.35288e-11 0 0.000198923 3.92262e-10 0.000327311 -1.17619e-12 
0.21535 0.00866998 2.02848e+06 0 0 2.02848e+06 1.33333 -135.164 0 0 0 0.000184289 3.63403e-10 -1.78713e-05 0 
0.219 0.00867019 2.02847e+06 0 0 2.02847e+06 1.33333 -78.5256 0 0 0 0.000189341 3.73368e-10 2.17647e-05 0 
0.22265 0.0086704 2.02843e+06 0 0 2.02843e+06 1.33333 -18.9316 0 0 0 0.000189553 3.73793e-10 -3.10952e-05 0 
0.2263 0.00867062 2.02837e+06 0 0 2.02837e+06 1.33333 40.5691 0 0 0 0.000189936 3.74561e-10 5.2296e-06 0 
0.22995 0.00867083 2.02828e+06 0 0 2.02828e+06 1.33333 97.0241 0 0 0 0.00018943 3.73579e-10 -2.64075e-06 0 
0.2336 0.00867104 2.02817e+06 0 0 2.02817e+06 1.33333 147.812 0 0 0 0.000188885 3.72523e-10 2.18695e-06 0 
0.23725 0.00867126 2.02804e+06 0 0 2.02804e+06 1.33333 190.834 0 0 0 0.000188159 3.71115e-10 1.35483e-06 0 
0.2409 0.00867147 2.0279e+06 0 0 2.0279e+06 1.33333 224.636 0 0 0 0.000187425 3.69694e-10 1.51335e-06 0 
0.24455 0.00867169 2.02774e+06 0 0 2.02774e+06 1.33333 248.467 0 0 0 0.000186642 3.68177e-10 1.37949e-06 0 
0.2482 0.0086719 2.02758e+06 0 0 2.02758e+06 1.33333 262.263 0 0 0 0.000185804 3.66553e-10 1.39372e-06 0 
0.25185 0.00867211 2.02742e+06 0 0 2.02742e+06 1.33333 266.569 0 0 0 0.00018489 3.6478e-10 1.45148e-06 0 
0.2555 0.00867233 2.02726e+06 0 0 2.02726e+06 1.33333 262.423 0 0 0 0.000183885 3.62824e-10 1.57825e-06 0 
0.25915 0.00867254 2.0271e+06 0 0 2.0271e+06 1.33333 251.207 0 0 0 0.000182773 3.60658e-10 1.75451e-06 0 
0.2628 0.00867275 2.02695e+06 0 0 2.02695e+06 1.33333 234.496 0 0 0 0.000181544 3.5826e-10 1.97501e-06 0 
0.26645 0.00867297 2.02681e+06 0 0 2.02681e+06 1.33333 213.914 0 0 0 0.000180189 3.55611e-10 2.2304e-06 0 
0.2701 0.00867318 2.02668e+06 0 0 2.02668e+06 1.33333 191.013 0 0 0 0.000178701 3.52697e-10 2.51341e-06 0 
0.27375 0.0086734 2.02656e+06 0 0 2.02656e+06 1.33333 167.177 0 0 0 0.000177075 3.49509e-10 2.81742e-06 0 
0.2774 0.00867361 2.02645e+06 0 0 2.02645e+06 1.33333 143.565 0 0 0 0.000175307 3.46038e-10 3.13734e-06 0 
0.28105 0.00867382 2.02635e+06 0 0 2.02635e+06 1.33333 121.078 0 0 0 0.000173394 3.42279e-10 3.46949e-06 0 
0.2847 0.00867404 2.02625e+06 0 0 2.02625e+06 1.33333 100.36 0 0 0 0.000171335 3.38229e-10 3.81152e-06 0 
0.28835 0.00867425 2.02617e+06 0 0 2.02617e+06 1.33333 81.8108 0 0 0 0.000169127 3.33885e-10 4.16196e-06 0 
0.292 0.00867447 2.02609e+06 0 0 2.02609e+06 1.33333 65.6249 0 0 0 0.000166771 3.29247e-10 4.51979e-06 0 
0.29565 0.00867468 2.02602e+06 0 0 2.02602e+06 1.33333 51.8264 0 0 0 0.000164268 3.24316e-10 4.88411e-06 0 
0.2993 0.0086749 2.02595e+06 0 0 2.02595e+06 1.33333 40.3137 0 0 0 0.000161618 3.19095e-10 5.25386e-06 0 
0.30295 0.00867511 2.02589e+06 0 0 2.02589e+06 1.33333 30.8994 0 0 0 0.000158825 3.13591e-10 5.62766e-06 0 
0.3066 0.00867532 2.02583e+06 0 0 2.02583e+06 1.33333 23.3454 0 0 0 0.000155892 3.0781e-10 6.00383e-06 0 
0.31025 0.00867554 2.02577e+06 0 0 2.02577e+06 1.33333 17.3922 0 0 0 0.000152827 3.01765e-10 6.38038e-06 0 
0.3139 0.00867575 2.02571e+06 0 0 2.02571e+06 1.33333 12.7803 0 0 0 0.000149635 2.95472e-10 6.75511e-06 0 
0.31755 0.00867597 2.02566e+06 0 0 2.02566e+06 1.33333 9.26587 0 0 0 0.000146329 2.8895e-10 7.12569e-06 0 
0.3212 0.00867618 2.02561e+06 0 0 2.02561e+06 1.33333 6.6299 0 0 0 0.000142919 2.82225e-10 7.48973e-06 0 
0.32485 0.00867639 2.02555e+06 0 0 2.02555e+06 1.33333 4.68285 0 0 0 0.000139422 2.75327e-10 7.84485e-06 0 
0.3285 0.00867661 2.0255e+06 0 0 2.0255e+06 1.33333 3.26587 0 0 0 0.000135859 2.68296e-10 8.18872e-06 0 
0.33215 0.00867682 2.02545e+06 0 0 2.02545e+06 1.33333 2.2494 0 0 0 0.000132252 2.6118e-10 8.51906e-06 0 
0.3358 0.00867704 2.0254e+06 0 0 2.0254e+06 1.33333 1.53041 0 0 0 0.000128633 2.5404e-10 8.83365e-06 0 
0.33945 0.00867725 2.02535e+06 0 0 2.02535e+06 1.33333 1.02873 0 0 0 0.00012504 2.4695e-10 9.13029e-06 0 
0.3431 0.00867747 2.0253e+06 0 0 2.0253e+06 1.33333 0.683342 0 0 0 0.000121521 2.40005e-10 9.40666e-06 0 
0.34675 0.00867768 2.02525e+06 0 0 2.02525e+06 1.33333 0.448631 0 0 0 0.000118135 2.33325e-10 9.66021e-06 0 
0.3504 0.00867789 2.0252e+06 0 0 2.0252e+06 1.33333 0.291159 0 0 0 0.00011496 2.2706e-10 9.8879e-06 0 
0.35405 0.00867811 2.02515e+06 0 0 2.02515e+06 1.33333 0.186823 0 0 0 0.000112093 2.21402e-10 1.00859e-05 0 
0.3577 0.00867832 2.0251e+06 0 0 2.0251e+06 1.33333 0.118538 0 0 0 0.000109657 2.16595e-10 1.02488e-05 0 
0.36135 0.00867854 2.02505e+06 0 0 2.02505e+06 1.33333 0.0743829 0 0 0 0.000107811 2.12954e-10 1.03694e-05 0 
0.365 0.00867875 2.025e+06 0 0 2.025e+06 1.33333 0.0461674 0 0 0 0.000106757 2.10879e-10 1.04372e-05 0 


0 0.0112 2.03e+06 0 0 1.5225e+06 1 0 0 0.962049 1.01407 507500 1 0 0.00517607 
0.00365 0.0111311 2.02995e+06 0 0 1.53217e+06 1.00638 -779.138 0 0.952742 1.01022 497777 0.980865 779.138 0.00571735 
0.0073 0.0110521 2.0299e+06 0 0 1.54368e+06 1.01396 -1657.24 0 0.941073 1.00549 486222 0.95812 1657.24 0.00640514 
0.01095 0.0109611 2.02985e+06 0 0 1.55737e+06 1.02298 -2645.59 0 0.926438 0.999613 472478 0.931061 2645.59 0.00727451 
0.0146 0.0108565 2.0298e+06 0 0 1.57364e+06 1.03369 -3750.45 0 0.908151 0.992278 456162 0.89893 3750.45 0.00836131 
0.01825 0.0107368 2.02975e+06 0 0 1.59286e+06 1.04634 -4968.71 0 0.885418 0.983065 436891 0.860975 4968.71 0.0097028 
0.0219 0.0106013 2.0297e+06 0 0 1.61537e+06 1.06116 -6282.42 0 0.857428 0.971437 414327 0.816528 6282.42 0.0113261 
0.02555 0.0104501 2.02965e+06 0 0 1.64142e+06 1.07829 -7652.75 0 0.823434 0.95671 388233 0.765123 7652.75 0.0132373 
0.0292 0.0102844 2.0296e+06 0 0 1.67105e+06 1.09779 -9015.18 0 0.782812 0.938016 358547 0.706636 9015.18 0.0154116 
0.03285 0.0101069 2.02955e+06 0 0 1.70409e+06 1.11952 -10277.8 0 0.735102 0.914261 325455 0.641433 10277.8 0.0177854 
0.0365 0.00992187 2.0295e+06 0 0 1.74004e+06 1.14317 -11325.6 0 0.680079 0.884093 289459 0.570503 11325.6 0.0202463 
0.04015 0.00973454 2.02945e+06 0 0 1.77803e+06 1.16815 -12032.1 0 0.617877 0.845907 251416 0.495536 12032.1 0.0226208 
0.0438 0.00955116 2.0294e+06 0 0 1.81686e+06 1.1937 -12280.8 0 0.549189 0.797934 212536 0.418914 12280.8 0.0246639 
0.04745 0.00937815 2.02935e+06 0 0 1.85505e+06 1.21882 -11993.5 0 0.475484 0.738519 174298 0.343554 11993.5 0.026065 
0.0511 0.00922138 2.0293e+06 0 0 1.89101e+06 1.24247 -11159.8 0 0.399163 0.666671 138288 0.272583 11159.8 0.0264886 
0.05475 0.00908541 2.02925e+06 0 0 1.92328e+06 1.26371 -9857.57 0 0.323513 0.582944 105967 0.20888 9857.57 0.0256661 
0.0584 0.00897279 2.0292e+06 0 0 1.95079e+06 1.28181 -8248.47 0 0.252328 0.490354 78413.1 0.154569 8248.47 0.0235246 
0.06205 0.00888384 2.02915e+06 0 0 1.97302e+06 1.29645 -6541.8 0 0.189173 0.394657 56130.8 0.110649 6541.8 0.0202866 
0.0657 0.00881673 2.0291e+06 0 0 1.99009e+06 1.3077 -4936.07 0 0.136524 0.303251 39009.8 0.0769008 4936.07 0.0164428 
0.06935 0.00876819 2.02905e+06 0 0 2.0026e+06 1.31595 -3567.09 0 0.0952269 0.222881 26449.3 0.0521412 3567.09 0.0125772 
0.073 0.00873432 2.029e+06 0 0 2.01141e+06 1.32178 -2489.32 0 0.0645638 0.157538 17587 0.0346713 2489.32 0.00915294 
0.07665 0.00871136 2.02895e+06 0 0 2.01743e+06 1.32576 -1691.56 0 0.0428132 0.107879 11524.1 0.0227193 1691.56 0.00640132 
0.0803 0.00869616 2.0289e+06 0 0 2.02143e+06 1.32842 -1127.39 0 0.0279238 0.0721097 7471.14 0.0147294 1127.39 0.00434501 
0.08395 0.00868628 2.02885e+06 0 0 2.02404e+06 1.33017 -741.151 0 0.017996 0.0473593 4806.65 0.00947659 741.151 0.00288638 
0.0876 0.00867994 2.0288e+06 0 0 2.02572e+06 1.33131 -482.601 0 0.0114994 0.0307179 3075.46 0.0060636 482.601 0.00188865 
0.09125 0.00867595 2.02875e+06 0 0 2.02679e+06 1.33205 -312.16 0 0.00730363 0.0197503 1959.9 0.00386425 312.16 0.00122291 
0.0949 0.00867347 2.0287e+06 0 0 2.02745e+06 1.33251 -200.964 0 0.00461841 0.0126204 1245.22 0.0024552 200.964 0.000786088 
0.09855 0.00867196 2.02865e+06 0 0 2.02786e+06 1.33281 -128.935 0 0.00291086 0.00802882 789.272 0.00155625 128.935 0.0005027 
0.1022 0.00867109 2.0286e+06 0 0 2.0281e+06 1.33301 -82.5073 0 0.00182998 0.00509103 499.302 0.000984525 82.5073 0.000320272 
0.10585 0.00867061 2.02855e+06 0 0 2.02823e+06 1.33313 -52.6887 0 0.00114809 0.00322005 315.335 0.000621795 52.6887 0.000203468 
0.1095 0.00867039 2.0285e+06 0 0 2.0283e+06 1.3332 -33.5887 0 0.000719029 0.00203251 198.853 0.000392119 33.5886 0.000128973 
0.11315 0.00867032 2.02845e+06 0 0 2.02832e+06 1.33325 -21.3803 0 0.00044962 0.00128072 125.226 0.000246939 21.3801 8.1599e-05 
0.1168 0.00867036 2.0284e+06 0 0 2.02832e+06 1.33328 -13.5907 0 0.000280757 0.000805774 78.7571 0.000155309 13.5903 5.15423e-05 
0.12045 0.00867047 2.02835e+06 0 0 2.0283e+06 1.3333 -8.62849 0 0.000175083 0.000506253 49.4699 9.75569e-05 8.62751 3.25088e-05 
0.1241 0.00867061 2.0283e+06 0 0 2.02827e+06 1.33331 -5.47241 0 0.000109046 0.000317655 31.0358 6.12056e-05 5.47019 2.04759e-05 
0.12775 0.00867078 2.02825e+06 0 0 2.02823e+06 1.33332 -3.46899 0 6.78339e-05 0.000199068 19.4477 3.83537e-05 3.46414 1.288e-05 
0.1314 0.00867097 2.0282e+06 0 0 2.02819e+06 1.33333 -2.20141 0 4.21474e-05 0.000124601 12.1721 2.40057e-05 2.19116 8.09169e-06 
0.13505 0.00867117 2.02815e+06 0 0 2.02814e+06 1.33333 -1.40529 0 2.61572e-05 7.78991e-05 7.60954 1.50078e-05 1.38434 5.07725e-06 
0.1387 0.00867137 2.0281e+06 0 0 2.0281e+06 1.33333 -0.915039 0 1.62151e-05 4.86452e-05 4.75178 9.37188e-06 0.87359 3.18195e-06 
0.14235 0.00867158 2.02805e+06 0 0 2.02805e+06 1.33333 -0.630159 0 1.00406e-05 3.03427e-05 2.9639 5.8458e-06 0.550646 1.99179e-06 
0.146 0.00867179 2.028e+06 0 0 2.028e+06 1.33333 -0.494718 0 6.21042e-06 1.89051e-05 1.84665 3.64231e-06 0.346689 1.24532e-06 
0.14965 0.008672 2.02795e+06 0 0 2.02795e+06 1.33333 -0.485712 0 3.83715e-06 1.17658e-05 1.14928 2.26688e-06 0.218029 7.77709e-07 
0.1533 0.00867221 2.0279e+06 0 0 2.0279e+06 1.33333 -0.607528 0 2.36826e-06 7.31457e-06 0.71448 1.4093e-06 0.136961 4.85126e-07 
0.15695 0.00867242 2.02785e+06 0 0 2.02785e+06 1.33333 -0.890718 0 1.46012e-06 4.54238e-06 0.443694 8.752e-07 0.0859388 3.02272e-07 
0.1606 0.00867264 2.0278e+06 0 0 2.0278e+06 1.33333 -1.39381 0 8.99271e-07 2.8178e-06 0.275239 5.42931e-07 0.0538639 1.88128e-07 
0.16425 0.00867285 2.02775e+06 0 0 2.02775e+06 1.33333 -2.20711 0 5.5327e-07 1.74612e-06 0.170559 3.36449e-07 0.0337228 1.16957e-07 
0.1679 0.00867306 2.0277e+06 0 0 2.0277e+06 1.33333 -3.4573 0 3.40041e-07 1.08088e-06 0.105579 2.08274e-07 0.0210898 7.26311e-08 
0.17155 0.00867328 2.02766e+06 0 0 2.02766e+06 1.33333 -5.31164 0 2.0877e-07 6.68385e-07 0.0652869 1.28793e-07 0.0131748 4.50553e-08 
0.1752 0.00867349 2.02761e+06 0 0 2.02761e+06 1.33333 -7.98018 0 1.28036e-07 4.12874e-07 0.0403289 7.95595e-08 0.00822141 2.79192e-08 
0.17885 0.00867371 2.02756e+06 0 0 2.02756e+06 1.33333 -11.7141 0 7.84354e-08 2.54769e-07 0.0248855 4.90943e-08 0.00512485 1.72821e-08 
0.1825 0.00867392 2.02752e+06 0 0 2.02752e+06 1.33333 -16.7986 0 4.79884e-08 1.57038e-07 0.0153392 3.0262e-08 0.00319118 1.06866e-08 
0.18615 0.00867413 2.02748e+06 0 0 2.02748e+06 1.33333 -23.5382 0 2.93177e-08 9.66869e-08 0.00944422 1.86324e-08 0.00198501 6.60131e-09 
0.1898 0.00867435 2.02744e+06 0 0 2.02744e+06 1.33333 -32.2337 0 1.78774e-08 5.94556e-08 0.00580753 1.14578e-08 0.0012334 4.0737e-09 
0.19345 0.00867456 2.02741e+06 0 0 2.02741e+06 1.33333 -43.1503 0 1.08732e-08 3.65093e-08 0.00356617 7.03591e-09 0.000765492 2.51149e-09 
0.1971 0.00867478 2.02738e+06 0 0 2.02738e+06 1.33333 -56.4785 0 6.58134e-09 2.23805e-08 0.00218609 4.31313e-09 0.000474101 1.54767e-09 
0.20075 0.00867499 2.02736e+06 0 0 2.02736e+06 1.33333 -72.2896 0 3.96423e-09 1.36936e-08 0.00133757 2.63903e-09 0.000293296 9.53014e-10 
0.2044 0.0086752 2.02735e+06 0 0 2.02735e+06 1.33333 -90.4902 0 2.3505e-09 8.36225e-09 0.000816812 1.61158e-09 0.000176304 5.89063e-10 
0.20805 0.00867542 2.02735e+06 0 0 2.02735e+06 1.33333 -110.782 0 1.36215e-09 5.11668e-09 0.000499789 9.86095e-10 0.000112994 3.67782e-10 
0.2117 0.00867563 2.02735e+06 0 0 2.02735e+06 1.33333 -132.635 0 7.27218e-10 3.17785e-09 0.000310407 6.12439e-10 4.29078e-05 2.42146e-10 
0.21535 0.00867585 2.02736e+06 0 0 2.02736e+06 1.33333 -155.27 0 2.82114e-10 2.201e-09 0.00021499 4.24177e-10 0.000112186 1.86311e-10 
0.219 0.00867606 2.02739e+06 0 0 2.02739e+06 1.33333 -177.679 0 5.57002e-11 0 0.000172317 3.39979e-10 -0.000888696 2.01847e-10 
0.22265 0.00867627 2.02742e+06 0 0 2.02742e+06 1.33333 -198.659 0 0 0 0.000196402 3.87492e-10 0.00010099 0 
0.2263 0.00867649 2.02746e+06 0 0 2.02746e+06 1.33333 -216.875 0 0 0 0.000191294 3.77406e-10 -1.22258e-05 0 
0.22995 0.0086767 2.02751e+06 0 0 2.02751e+06 1.33333 -230.953 0 0 0 0.000191633 3.78066e-10 1.49032e-05 0 
0.2336 0.00867691 2.02756e+06 0 0 2.02756e+06 1.33333 -239.586 0 0 0 0.000190353 3.75531e-10 2.49694e-06 0 
0.23725 0.00867713 2.02761e+06 0 0 2.02761e+06 1.33333 -241.645 0 0 0 0.000189792 3.74416e-10 4.90102e-06 0 
0.2409 0.00867734 2.02766e+06 0 0 2.02766e+06 1.33333 -236.292 0 0 0 0.000189455 3.73741e-10 8.48541e-07 0 
0.24455 0.00867756 2.0277e+06 0 0 2.0277e+06 1.33333 -223.067 0 0 0 0.000189303 3.73432e-10 1.21322e-07 0 
0.2482 0.00867777 2.02774e+06 0 0 2.02774e+06 1.33333 -201.959 0 0 0 0.00018915 3.73125e-10 -3.38687e-07 0 
0.25185 0.00867798 2.02776e+06 0 0 2.02776e+06 1.33333 -173.432 0 0 0 0.000188945 3.72715e-10 -2.52242e-07 0 
0.2555 0.0086782 2.02777e+06 0 0 2.02777e+06 1.33333 -138.411 0 0 0 0.000188652 3.72136e-10 1.12073e-08 0 
0.25915 0.00867841 2.02777e+06 0 0 2.02777e+06 1.33333 -98.2285 0 0 0 0.000188269 3.71381e-10 3.08538e-07 0 
0.2628 0.00867863 2.02774e+06 0 0 2.02774e+06 1.33333 -54.5386 0 0 0 0.000187802 3.70464e-10 5.7659e-07 0 
0.26645 0.00867884 2.0277e+06 0 0 2.0277e+06 1.33333 -9.196 0 0 0 0.000187259 3.69401e-10 7.97863e-07 0 
0.2701 0.00867906 2.02764e+06 0 0 2.02764e+06 1.33333 35.8742 0 0 0 0.000186646 3.68204e-10 9.76406e-07 0 
0.27375 0.00867927 2.02755e+06 0 0 2.02755e+06 1.33333 78.8119 0 0 0 0.000185966 3.66877e-10 1.12633e-06 0 
0.2774 0.00867948 2.02746e+06 0 0 2.02746e+06 1.33333 117.946 0 0 0 0.000185219 3.65421e-10 1.26178e-06 0 
0.28105 0.0086797 2.02734e+06 0 0 2.02734e+06 1.33333 151.896 0 0 0 0.000184403 3.63831e-10 1.39503e-06 0 
0.2847 0.00867991 2.02722e+06 0 0 2.02722e+06 1.33333 179.647 0 0 0 0.000183513 3.62098e-10 1.5345e-06 0 
0.28835 0.00868013 2.02709e+06 0 0 2.02709e+06 1.33333 200.583 0 0 0 0.000182546 3.60213e-10 1.68541e-06 0 
0.292 0.00868034 2.02695e+06 0 0 2.02695e+06 1.33333 214.497 0 0 0 0.000181497 3.58168e-10 1.85034e-06 0 
0.29565 0.00868055 2.02681e+06 0 0 2.02681e+06 1.33333 221.558 0 0 0 0.000180361 3.55951e-10 2.03015e-06 0 
0.2993 0.00868077 2.02666e+06 0 0 2.02666e+06 1.33333 222.264 0 0 0 0.000179135 3.53557e-10 2.22464e-06 0 
0.30295 0.00868098 2.02652e+06 0 0 2.02652e+06 1.33333 217.365 0 0 0 0.000177817 3.50979e-10 2.4331e-06 0 
0.3066 0.0086812 2.02638e+06 0 0 2.02638e+06 1.33333 207.785 0 0 0 0.000176403 3.48213e-10 2.65455e-06 0 
0.31025 0.00868141 2.02625e+06 0 0 2.02625e+06 1.33333 194.545 0 0 0 0.000174894 3.45256e-10 2.88793e-06 0 
0.3139 0.00868162 2.02612e+06 0 0 2.02612e+06 1.33333 178.683 0 0 0 0.000173289 3.4211e-10 3.13214e-06 0 
0.31755 0.00868184 2.02601e+06 0 0 2.02601e+06 1.33333 161.189 0 0 0 0.000171591 3.38778e-10 3.38602e-06 0 
0.3212 0.00868205 2.02589e+06 0 0 2.02589e+06 1.33333 142.959 0 0 0 0.000169804 3.35268e-10 3.64831e-06 0 
0.32485 0.00868227 2.02579e+06 0 0 2.02579e+06 1.33333 124.759 0 0 0 0.000167935 3.31593e-10 3.91757e-06 0 
0.3285 0.00868248 2.02569e+06 0 0 2.02569e+06 1.33333 107.207 0 0 0 0.000165992 3.27773e-10 4.19212e-06 0 
0.33215 0.0086827 2.02561e+06 0 0 2.02561e+06 1.33333 90.7656 0 0 0 0.000163989 3.23832e-10 4.46992e-06 0 
0.3358 0.00868291 2.02552e+06 0 0 2.02552e+06 1.33333 75.7517 0 0 0 0.000161944 3.19806e-10 4.74851e-06 0 
0.33945 0.00868313 2.02545e+06 0 0 2.02545e+06 1.33333 62.3496 0 0 0 0.00015988 3.15742e-10 5.02487e-06 0 
0.3431 0.00868334 2.02537e+06 0 0 2.02537e+06 1.33333 50.6315 0 0 0 0.000157827 3.117e-10 5.29526e-06 0 
0.34675 0.00868355 2.02531e+06 0 0 2.02531e+06 1.33333 40.5798 0 0 0 0.000155827 3.07759e-10 5.55502e-06 0 
0.3504 0.00868377 2.02524e+06 0 0 2.02524e+06 1.33333 32.1102 0 0 0 0.000153928 3.0402e-10 5.79832e-06 0 
0.35405 0.00868398 2.02518e+06 0 0 2.02518e+06 1.33333 25.0928 0 0 0 0.000152197 3.00609e-10 6.01777e-06 0 
0.3577 0.0086842 2.02512e+06 0 0 2.02512e+06 1.33333 19.3707 0 0 0 0.000150714 2.97689e-10 6.20401e-06 0 
0.36135 0.00868441 2.02507e+06 0 0 2.02507e+06 1.33333 14.7755 0 0 0 0.000149584 2.95466e-10 6.34502e-06 0 
0.365 0.00868463 2.02501e+06 0 0 2.02501e+06 1.33333 11.1388 0 0 0 0.000148938 2.94196e-10 6.42542e-06 0 


0 0.0112 2.03e+06 0 0 1.5225e+06 1 0 0 0.982362 1.01407 507500 1 0 0.00315518 
0.00365 0.0111538 2.02995e+06 0 0 1.52898e+06 1.00428 -522.103 0 0.975472 1.0115 500975 0.987166 522.103 0.0035838 
0.0073 0.0110995 2.0299e+06 0 0 1.53683e+06 1.00946 -1125.69 0 0.966857 1.00831 493069 0.971613 1125.69 0.00412245 
0.01095 0.0110354 2.02985e+06 0 0 1.54636e+06 1.01575 -1824.35 0 0.956069 1.00434 483491 0.952762 1824.35 0.00479881 
0.0146 0.0109598 2.0298e+06 0 0 1.55789e+06 1.02335 -2630.68 0 0.942587 0.999363 471907 0.929958 2630.68 0.00564303 
0.01825 0.0108711 2.02975e+06 0 0 1.57179e+06 1.0325 -3553.86 0 0.925796 0.993105 457956 0.902488 3553.86 0.0066886 
0.0219 0.0107677 2.0297e+06 0 0 1.58843e+06 1.04346 -4596.17 0 0.905033 0.985212 441268 0.869621 4596.17 0.00796607 
0.02555 0.0106487 2.02965e+06 0 0 1.60816e+06 1.05644 -5748.34 0 0.879629 0.975235 421494 0.830673 5748.34 0.00949708 
0.0292 0.0105136 2.0296e+06 0 0 1.63124e+06 1.07164 -6984.46 0 0.848929 0.962598 398355 0.785091 6984.46 0.0112893 
0.03285 0.0103629 2.02955e+06 0 0 1.65786e+06 1.08914 -8257.07 0 0.81231 0.946573 371694 0.732565 8257.07 0.013332 
0.0365 0.0101986 2.0295e+06 0 0 1.68796e+06 1.10895 -9493.96 0 0.769198 0.926234 341545 0.67316 9493.96 0.0155899 
0.04015 0.0100238 2.02945e+06 0 0 1.72125e+06 1.13085 -10598.6 0 0.719144 0.900426 308197 0.607449 10598.6 0.0179921 
0.0438 0.00984281 2.0294e+06 0 0 1.75714e+06 1.15446 -11456.5 0 0.661948 0.867737 272258 0.536628 11456.5 0.0204178 
0.04745 0.00966128 2.02935e+06 0 0 1.79467e+06 1.17914 -11949 0 0.597838 0.826535 234680 0.462572 11949 0.0226814 
0.0511 0.00948535 2.0293e+06 0 0 1.83257e+06 1.20407 -11976 0 0.527684 0.775102 196733 0.387785 11976 0.0245256 
0.05475 0.00932116 2.02925e+06 0 0 1.86935e+06 1.22827 -11483.7 0 0.453201 0.711993 159904 0.315198 11483.7 0.0256369 
0.0584 0.00917414 2.0292e+06 0 0 1.90348e+06 1.25073 -10490.4 0 0.377046 0.636687 125715 0.247813 10490.4 0.0257011 
0.06205 0.00904818 2.02915e+06 0 0 1.93366e+06 1.27059 -9098.97 0 0.302676 0.55048 95487.5 0.188232 9098.97 0.0245073 
0.0657 0.00894516 2.0291e+06 0 0 1.959e+06 1.28727 -7483.01 0 0.233847 0.457246 70103.1 0.138195 7483.01 0.0220714 
0.06935 0.00886474 2.02905e+06 0 0 1.97919e+06 1.30057 -5843.62 0 0.173828 0.363299 49863.9 0.0983 5843.62 0.0186998 
0.073 0.00880468 2.029e+06 0 0 1.9945e+06 1.31066 -4353.38 0 0.124606 0.275876 34501.1 0.068016 4353.38 0.0149146 
0.07665 0.00876159 2.02895e+06 0 0 2.00561e+06 1.318 -3116.07 0 0.0865315 0.200832 23336.5 0.0460071 3116.07 0.0112596 
0.0803 0.00873169 2.0289e+06 0 0 2.01339e+06 1.32314 -2160.71 0 0.0585536 0.141012 15509.6 0.0305773 2160.71 0.00811699 
0.08395 0.00871149 2.02885e+06 0 0 2.01868e+06 1.32665 -1462.91 0 0.0388383 0.0962039 10173.8 0.0200583 1462.91 0.00564373 
0.0876 0.00869813 2.0288e+06 0 0 2.02219e+06 1.32899 -973.548 0 0.0253843 0.0642309 6610.98 0.0130343 973.548 0.00382018 
0.09125 0.00868943 2.02875e+06 0 0 2.02448e+06 1.33053 -640.094 0 0.0164163 0.0422199 4266.95 0.00841296 640.094 0.00253674 
0.0949 0.00868386 2.0287e+06 0 0 2.02596e+06 1.33153 -417.332 0 0.0105371 0.0274478 2740.76 0.00540398 417.332 0.0016621 
0.09855 0.00868034 2.02865e+06 0 0 2.0269e+06 1.33218 -270.511 0 0.0067273 0.0177072 1754.27 0.00345898 270.511 0.001079 
0.1022 0.00867815 2.0286e+06 0 0 2.02748e+06 1.3326 -174.622 0 0.00427834 0.0113615 1119.87 0.00220817 174.622 0.000695969 
0.10585 0.00867683 2.02855e+06 0 0 2.02784e+06 1.33286 -112.386 0 0.00271299 0.00726156 713.409 0.00140674 112.386 0.000446878 
0.1095 0.00867606 2.0285e+06 0 0 2.02805e+06 1.33304 -72.1689 0 0.00171649 0.00462776 453.699 0.000894649 72.1689 0.000285993 
0.11315 0.00867565 2.02845e+06 0 0 2.02816e+06 1.33314 -46.2605 0 0.00108402 0.00294269 288.111 0.000568139 46.2605 0.000182574 
0.1168 0.00867547 2.0284e+06 0 0 2.02822e+06 1.33321 -29.6091 0 0.000683518 0.00186783 182.717 0.000360318 29.6091 0.000116323 
0.12045 0.00867543 2.02835e+06 0 0 2.02823e+06 1.33326 -18.9266 0 0.00043039 0.00118376 115.737 0.000228238 18.9266 7.39906e-05 
0.1241 0.00867549 2.0283e+06 0 0 2.02823e+06 1.33329 -12.0839 0 0.000270658 0.000749214 73.2256 0.000144408 12.0839 4.69967e-05 
0.12775 0.0086756 2.02825e+06 0 0 2.0282e+06 1.3333 -7.70652 0 0.000170004 0.000473598 46.2777 9.12663e-05 7.70651 2.98122e-05 
0.1314 0.00867575 2.0282e+06 0 0 2.02817e+06 1.33331 -4.90958 0 0.00010666 0.000299026 29.2153 5.76181e-05 4.90957 1.88884e-05 
0.13505 0.00867592 2.02815e+06 0 0 2.02813e+06 1.33332 -3.1245 0 6.68441e-05 0.000188591 18.4241 3.63367e-05 3.12447 1.19535e-05 
0.1387 0.00867611 2.0281e+06 0 0 2.02809e+06 1.33333 -1.98645 0 4.1846e-05 0.000118813 11.6066 2.28916e-05 1.98638 7.55627e-06 
0.14235 0.00867631 2.02805e+06 0 0 2.02804e+06 1.33333 -1.26171 0 2.61687e-05 7.47734e-05 7.30418 1.44063e-05 1.26155 4.7714e-06 
0.146 0.00867651 2.028e+06 0 0 2.028e+06 1.33333 -0.800752 0 1.63477e-05 4.70084e-05 4.59188 9.05696e-06 0.800398 3.00965e-06 
0.14965 0.00867672 2.02795e+06 0 0 2.02795e+06 1.33333 -0.508066 0 1.02019e-05 2.95227e-05 2.8838 5.6881e-06 0.507305 1.89637e-06 
0.1533 0.00867693 2.0279e+06 0 0 2.0279e+06 1.33333 -0.322804 0 6.36006e-06 1.85222e-05 1.80924 3.5687e-06 0.321213 1.19364e-06 
0.15695 0.00867714 2.02785e+06 0 0 2.02785e+06 1.33333 -0.206413 0 3.96097e-06 1.16088e-05 1.13394 2.23673e-06 0.20318 7.50528e-07 
0.1606 0.00867735 2.0278e+06 0 0 2.0278e+06 1.33333 -0.134789 0 2.46437e-06 7.26853e-06 0.709983 1.4005e-06 0.12839 4.71422e-07 
0.16425 0.00867757 2.02775e+06 0 0 2.02775e+06 1.33333 -0.0933863 0 1.53172e-06 4.54645e-06 0.444091 8.76028e-07 0.0810484 2.95804e-07 
0.1679 0.00867778 2.0277e+06 0 0 2.0277e+06 1.33333 -0.0743011 0 9.51089e-07 2.84097e-06 0.277502 5.47423e-07 0.0511122 1.85419e-07 
0.17155 0.00867799 2.02765e+06 0 0 2.02765e+06 1.33333 -0.0747167 0 5.89978e-07 1.77351e-06 0.173234 3.41743e-07 0.0322011 1.16108e-07 
0.1752 0.00867821 2.0276e+06 0 0 2.0276e+06 1.33333 -0.0963528 0 3.65611e-07 1.10605e-06 0.108037 2.13133e-07 0.0202668 7.26328e-08 
0.17885 0.00867842 2.02755e+06 0 0 2.02755e+06 1.33333 -0.145727 0 2.26345e-07 6.89109e-07 0.0673111 1.32793e-07 0.012743 4.53907e-08 
0.1825 0.00867863 2.0275e+06 0 0 2.0275e+06 1.33333 -0.235126 0 1.39981e-07 4.28917e-07 0.041896 8.26555e-08 0.00800438 2.83382e-08 
0.18615 0.00867885 2.02745e+06 0 0 2.02745e+06 1.33333 -0.38425 0 8.64759e-08 2.66701e-07 0.026051 5.13965e-08 0.00502295 1.76745e-08 
0.1898 0.00867906 2.0274e+06 0 0 2.0274e+06 1.33333 -0.622481 0 5.33568e-08 1.65664e-07 0.0161818 3.19263e-08 0.00314896 1.10129e-08 
0.19345 0.00867928 2.02735e+06 0 0 2.02735e+06 1.33333 -0.991708 0 3.28747e-08 1.02792e-07 0.0100406 1.98102e-08 0.0019722 6.8555e-09 
0.1971 0.00867949 2.0273e+06 0 0 2.0273e+06 1.33333 -1.54956 0 2.02145e-08 6.37036e-08 0.00622247 1.22773e-08 0.00123403 4.26381e-09 
0.20075 0.00867971 2.02725e+06 0 0 2.02725e+06 1.33333 -2.37278 0 1.24031e-08 3.94252e-08 0.00385099 7.59844e-09 0.000771258 2.6491e-09 
0.2044 0.00867992 2.0272e+06 0 0 2.0272e+06 1.33333 -3.56035 0 7.5763e-09 2.4358e-08 0.00237925 4.69465e-09 0.000481646 1.64505e-09 
0.20805 0.00868013 2.02716e+06 0 0 2.02716e+06 1.33333 -5.23577 0 4.60346e-09 1.50185e-08 0.00146699 2.89467e-09 0.000300673 1.02086e-09 
0.2117 0.00868035 2.02711e+06 0 0 2.02711e+06 1.33333 -7.54782 0 2.76346e-09 9.23728e-09 0.000902283 1.78043e-09 0.000182828 6.34727e-10 
0.21535 0.00868056 2.02706e+06 0 0 2.02706e+06 1.33333 -10.669 0 1.62375e-09 5.68254e-09 0.000555062 1.0953e-09 0.000130317 3.97344e-10 
0.219 0.00868078 2.02702e+06 0 0 2.02702e+06 1.33333 -14.7907 0 8.93311e-10 3.52608e-09 0.000344422 6.79663e-10 1.03472e-05 2.59881e-10 
0.22265 0.00868099 2.02698e+06 0 0 2.02698e+06 1.33333 -20.1148 0 3.91996e-10 2.33426e-09 0.000228007 4.49944e-10 0.000205384 1.87572e-10 
0.2263 0.0086812 2.02694e+06 0 0 2.02694e+06 1.33333 -26.8396 0 8.96666e-11 2.11561e-09 0.00020665 4.07806e-10 0.000153072 -8.74716e-12 
0.22995 0.00868142 2.0269e+06 0 0 2.0269e+06 1.33333 -35.1434 0 0 0 0.000190547 3.76037e-10 0.000182869 0 
0.2336 0.00868163 2.02687e+06 0 0 2.02687e+06 1.33333 -45.1619 0 0 0 0.000191192 3.77314e-10 -7.4755e-05 0 
0.23725 0.00868185 2.02684e+06 0 0 2.02684e+06 1.33333 -56.9649 0 0 0 0.000191623 3.78171e-10 2.16845e-05 0 
0.2409 0.00868206 2.02682e+06 0 0 2.02682e+06 1.33333 -70.5285 0 0 0 0.000191015 3.76974e-10 -8.10065e-06 0 
0.24455 0.00868227 2.02681e+06 0 0 2.02681e+06 1.33333 -85.7133 0 0 0 0.000191019 3.76986e-10 2.31917e-06 0 
0.2482 0.00868249 2.0268e+06 0 0 2.0268e+06 1.33333 -102.243 0 0 0 0.0001907 3.76357e-10 5.10805e-07 0 
0.25185 0.0086827 2.0268e+06 0 0 2.0268e+06 1.33333 -119.694 0 0 0 0.000190471 3.75904e-10 8.73165e-07 0 
0.2555 0.00868292 2.02681e+06 0 0 2.02681e+06 1.33333 -137.492 0 0 0 0.000190248 3.75464e-10 8.17583e-07 0 
0.25915 0.00868313 2.02682e+06 0 0 2.02682e+06 1.33333 -154.926 0 0 0 0.000190061 3.75093e-10 5.24283e-07 0 
0.2628 0.00868335 2.02684e+06 0 0 2.02684e+06 1.33333 -171.169 0 0 0 0.000189893 3.74756e-10 3.4704e-07 0 
0.26645 0.00868356 2.02687e+06 0 0 2.02687e+06 1.33333 -185.323 0 0 0 0.000189723 3.74415e-10 1.98976e-07 0 
0.2701 0.00868377 2.0269e+06 0 0 2.0269e+06 1.33333 -196.469 0 0 0 0.000189534 3.74037e-10 1.55981e-07 0 
0.27375 0.00868399 2.02694e+06 0 0 2.02694e+06 1.33333 -203.725 0 0 0 0.000189312 3.73592e-10 1.87989e-07 0 
0.2774 0.0086842 2.02697e+06 0 0 2.02697e+06 1.33333 -206.313 0 0 0 0.000189048 3.73065e-10 2.73376e-07 0 
0.28105 0.00868442 2.02701e+06 0 0 2.02701e+06 1.33333 -203.625 0 0 0 0.00018874 3.72449e-10 3.84746e-07 0 
0.2847 0.00868463 2.02704e+06 0 0 2.02704e+06 1.33333 -195.273 0 0 0 0.000188384 3.71742e-10 5.03237e-07 0 
0.28835 0.00868485 2.02707e+06 0 0 2.02707e+06 1.33333 -181.137 0 0 0 0.000187983 3.70946e-10 6.18408e-07 0 
0.292 0.00868506 2.02709e+06 0 0 2.02709e+06 1.33333 -161.389 0 0 0 0.000187536 3.70061e-10 7.26976e-07 0 
0.29565 0.00868527 2.0271e+06 0 0 2.0271e+06 1.33333 -136.496 0 0 0 0.000187045 3.69089e-10 8.29999e-07 0 
0.2993 0.00868549 2.02709e+06 0 0 2.02709e+06 1.33333 -107.2 0 0 0 0.000186507 3.68028e-10 9.3055e-07 0 
0.30295 0.0086857 2.02708e+06 0 0 2.02708e+06 1.33333 -74.4829 0 0 0 0.000185923 3.66879e-10 1.03205e-06 0 
0.3066 0.00868592 2.02704e+06 0 0 2.02704e+06 1.33333 -39.5072 0 0 0 0.000185291 3.65638e-10 1.13741e-06 0 
0.31025 0.00868613 2.027e+06 0 0 2.027e+06 1.33333 -3.54423 0 0 0 0.000184611 3.64303e-10 1.24866e-06 0 
0.3139 0.00868635 2.02694e+06 0 0 2.02694e+06 1.33333 32.1014 0 0 0 0.000183881 3.62874e-10 1.36695e-06 0 
0.31755 0.00868656 2.02686e+06 0 0 2.02686e+06 1.33333 66.1709 0 0 0 0.000183101 3.6135e-10 1.49273e-06 0 
0.3212 0.00868677 2.02677e+06 0 0 2.02677e+06 1.33333 97.5226 0 0 0 0.000182274 3.59733e-10 1.62588e-06 0 
0.32485 0.00868699 2.02667e+06 0 0 2.02667e+06 1.33333 125.193 0 0 0 0.0001814 3.58026e-10 1.76586e-06 0 
0.3285 0.0086872 2.02656e+06 0 0 2.02656e+06 1.33333 148.442 0 0 0 0.000180484 3.56238e-10 1.91183e-06 0 
0.33215 0.00868742 2.02644e+06 0 0 2.02644e+06 1.33333 166.778 0 0 0 0.000179532 3.54379e-10 2.06264e-06 0 
0.3358 0.00868763 2.02631e+06 0 0 2.02631e+06 1.33333 179.969 0 0 0 0.000178552 3.52466e-10 2.21683e-06 0 
0.33945 0.00868785 2.02618e+06 0 0 2.02618e+06 1.33333 188.028 0 0 0 0.000177555 3.5052e-10 2.37255e-06 0 
0.3431 0.00868806 2.02605e+06 0 0 2.02605e+06 1.33333 191.193 0 0 0 0.000176557 3.48573e-10 2.52743e-06 0 
0.34675 0.00868827 2.02592e+06 0 0 2.02592e+06 1.33333 189.888 0 0 0 0.000175578 3.46662e-10 2.67847e-06 0 
0.3504 0.00868849 2.0258e+06 0 0 2.0258e+06 1.33333 184.677 0 0 0 0.000174644 3.4484e-10 2.82182e-06 0 
0.35405 0.0086887 2.02567e+06 0 0 2.02567e+06 1.33333 176.219 0 0 0 0.000173789 3.43172e-10 2.95259e-06 0 
0.3577 0.00868892 2.02555e+06 0 0 2.02555e+06 1.33333 165.218 0 0 0 0.000173053 3.41741e-10 3.06459e-06 0 
0.36135 0.00868913 2.02544e+06 0 0 2.02544e+06 1.33333 152.383 0 0 0 0.000172492 3.40651e-10 3.14997e-06 0 
0.365 0.00868935 2.02533e+06 0 0 2.02533e+06 1.33333 138.389 0 0 0 0.000172169 3.40033e-10 3.19885e-06 0 


0 0.0112 2.03e+06 0 0 1.5225e+06 1 0 0 0.994743 1.01407 507500 1 0 0.00192331 
0.00365 0.011169 2.02995e+06 0 0 1.52683e+06 1.00287 -349.58 0 0.98973 1.01235 503116 0.991387 349.58 0.00225012 
0.0073 0.0111318 2.0299e+06 0 0 1.53219e+06 1.00641 -762.736 0 0.983466 1.0102 497714 0.980766 762.736 0.00265813 
0.01095 0.0110871 2.02985e+06 0 0 1.53878e+06 1.01077 -1251.87 0 0.975622 1.00749 491066 0.967689 1251.87 0.00316838 
0.0146 0.0110332 2.0298e+06 0 0 1.5469e+06 1.01612 -1830.15 0 0.965814 1.00409 482905 0.95163 1830.15 0.0038046 
0.01825 0.0109687 2.02975e+06 0 0 1.55682e+06 1.02267 -2510.36 0 0.953577 0.999809 472927 0.93199 2510.36 0.00459419 
0.0219 0.0108919 2.0297e+06 0 0 1.5689e+06 1.03063 -3303.09 0 0.938397 0.994404 460798 0.90811 3303.09 0.00556474 
0.02555 0.0108013 2.02965e+06 0 0 1.58348e+06 1.04023 -4213.87 0 0.919722 0.987577 446166 0.879297 4213.87 0.00674099 
0.0292 0.0106957 2.0296e+06 0 0 1.60091e+06 1.05171 -5239.68 0 0.896974 0.978947 428688 0.844872 5239.68 0.00814243 
0.03285 0.0105742 2.02955e+06 0 0 1.6215e+06 1.06526 -6364.54 0 0.869541 0.968029 408055 0.804227 6364.54 0.00978139 
0.0365 0.0104369 2.0295e+06 0 0 1.64546e+06 1.08103 -7554.95 0 0.836782 0.954204 384042 0.756919 7554.95 0.0116599 
0.04015 0.0102848 2.02945e+06 0 0 1.67289e+06 1.09907 -8755.85 0 0.798054 0.936686 356565 0.702781 8755.85 0.0137634 
0.0438 0.0101202 2.0294e+06 0 0 1.70366e+06 1.11932 -9888.64 0 0.752774 0.914483 325744 0.642049 9888.64 0.0160508 
0.04745 0.00994655 2.02935e+06 0 0 1.73738e+06 1.1415 -10853.4 0 0.700528 0.886367 291969 0.575493 10853.4 0.0184408 
0.0511 0.00976855 2.0293e+06 0 0 1.77335e+06 1.16516 -11537.2 0 0.641212 0.850864 255953 0.504516 11537.2 0.0207966 
0.05475 0.00959188 2.02925e+06 0 0 1.81051e+06 1.18961 -11830.9 0 0.575232 0.80632 218740 0.431173 11830.9 0.0229132 
0.0584 0.00942263 2.0292e+06 0 0 1.84755e+06 1.21397 -11651.9 0 0.503708 0.751108 181654 0.358081 11651.9 0.0245174 
0.06205 0.00926667 2.02915e+06 0 0 1.88297e+06 1.23728 -10971.9 0 0.428651 0.684067 146183 0.288165 10971.9 0.0252949 
0.0657 0.00912887 2.0291e+06 0 0 1.91533e+06 1.25858 -9837.87 0 0.35299 0.605242 113767 0.224271 9837.87 0.0249614 
0.06935 0.00901245 2.02905e+06 0 0 1.94348e+06 1.2771 -8375.95 0 0.280319 0.516766 85573.2 0.168696 8375.95 0.0233758 
0.073 0.00891854 2.029e+06 0 0 1.96672e+06 1.29241 -6767.87 0 0.214286 0.423361 62279 0.122778 6767.87 0.020649 
0.07665 0.00884618 2.02895e+06 0 0 1.98496e+06 1.30443 -5202.85 0 0.157776 0.331746 43985.4 0.0867155 5202.85 0.0171645 
0.0803 0.00879276 2.0289e+06 0 0 1.99862e+06 1.31344 -3826.38 0 0.112238 0.248776 30278.3 0.0596939 3826.38 0.0134587 
0.08395 0.00875476 2.02885e+06 0 0 2.00843e+06 1.31992 -2712.45 0 0.0775317 0.179281 20416.9 0.0402532 2712.45 0.0100214 
0.0876 0.00872856 2.0288e+06 0 0 2.01525e+06 1.32443 -1868.44 0 0.0523127 0.124979 13552 0.0267192 1868.44 0.00715233 
0.09125 0.00871093 2.02875e+06 0 0 2.01986e+06 1.32749 -1259.98 0 0.0346728 0.0848968 8891.7 0.0175314 1259.98 0.00494097 
0.0949 0.00869929 2.0287e+06 0 0 2.02291e+06 1.32953 -836.87 0 0.0226837 0.0565734 5785.78 0.0114078 836.87 0.00333279 
0.09855 0.00869173 2.02865e+06 0 0 2.02491e+06 1.33087 -549.982 0 0.014703 0.0371851 3742.63 0.00737956 549.982 0.00221036 
0.1022 0.00868688 2.0286e+06 0 0 2.02619e+06 1.33175 -358.805 0 0.00946762 0.024207 2410.82 0.00475366 358.805 0.00144884 
0.10585 0.00868382 2.02855e+06 0 0 2.027e+06 1.33232 -232.896 0 0.00606796 0.0156528 1548.17 0.00305277 232.896 0.000942023 
0.1095 0.00868192 2.0285e+06 0 0 2.02751e+06 1.33268 -150.631 0 0.00387587 0.0100737 991.91 0.00195595 150.631 0.000609068 
0.11315 0.00868078 2.02845e+06 0 0 2.02782e+06 1.33292 -97.1726 0 0.00246939 0.00646112 634.365 0.00125094 97.1726 0.000392238 
0.1168 0.00868013 2.0284e+06 0 0 2.02799e+06 1.33307 -62.5644 0 0.00157017 0.00413365 405.098 0.000798851 62.5644 0.000251875 
0.12045 0.00867979 2.02835e+06 0 0 2.02809e+06 1.33316 -40.2201 0 0.000996776 0.00263945 258.359 0.000509495 40.2201 0.000161389 
0.1241 0.00867965 2.0283e+06 0 0 2.02814e+06 1.33323 -25.8228 0 0.000631894 0.0016827 164.583 0.000324574 25.8228 0.000103233 
0.12775 0.00867964 2.02825e+06 0 0 2.02815e+06 1.33326 -16.5607 0 0.000400086 0.00107132 104.733 0.000206549 16.5607 6.59384e-05 
0.1314 0.00867971 2.0282e+06 0 0 2.02813e+06 1.33329 -10.6099 0 0.000253028 0.000681256 66.58 0.000131309 10.6099 4.20645e-05 
0.13505 0.00867983 2.02815e+06 0 0 2.02811e+06 1.33331 -6.79091 0 0.000159851 0.00043274 42.2839 8.33941e-05 6.79091 2.6804e-05 
0.1387 0.00867998 2.0281e+06 0 0 2.02807e+06 1.33332 -4.34255 0 0.000100882 0.000274597 26.828 5.29126e-05 4.34255 1.70617e-05 
0.14235 0.00868016 2.02805e+06 0 0 2.02803e+06 1.33332 -2.77441 0 6.36026e-05 0.000174073 17.0055 3.35407e-05 2.77441 1.08494e-05 
0.146 0.00868035 2.028e+06 0 0 2.02799e+06 1.33333 -1.77096 0 4.00598e-05 0.000110242 10.7692 2.1241e-05 1.77096 6.89221e-06 
0.14965 0.00868055 2.02795e+06 0 0 2.02794e+06 1.33333 -1.12943 0 2.5207e-05 6.97507e-05 6.81352 1.34392e-05 1.12943 4.37412e-06 
0.1533 0.00868076 2.0279e+06 0 0 2.0279e+06 1.33333 -0.719661 0 1.58459e-05 4.40902e-05 4.30681 8.49511e-06 0.719659 2.77336e-06 
0.15695 0.00868096 2.02785e+06 0 0 2.02785e+06 1.33333 -0.458156 0 9.95175e-06 2.78439e-05 2.71981 5.36491e-06 0.458151 1.75674e-06 
0.1606 0.00868117 2.0278e+06 0 0 2.0278e+06 1.33333 -0.291421 0 6.24414e-06 1.75677e-05 1.71601 3.38497e-06 0.29141 1.11173e-06 
0.16425 0.00868139 2.02775e+06 0 0 2.02775e+06 1.33333 -0.185214 0 3.91416e-06 1.10739e-05 1.08169 2.13377e-06 0.185188 7.02884e-07 
0.1679 0.0086816 2.0277e+06 0 0 2.0277e+06 1.33333 -0.117637 0 2.45133e-06 6.97407e-06 0.68122 1.34383e-06 0.11758 4.43976e-07 
0.17155 0.00868181 2.02765e+06 0 0 2.02765e+06 1.33333 -0.0747076 0 1.53377e-06 4.38809e-06 0.428624 8.45557e-07 0.0745878 2.80175e-07 
0.1752 0.00868202 2.0276e+06 0 0 2.0276e+06 1.33333 -0.0475215 0 9.5878e-07 2.75848e-06 0.269444 5.31554e-07 0.0472729 1.76643e-07 
0.17885 0.00868224 2.02755e+06 0 0 2.02755e+06 1.33333 -0.0304378 0 5.98792e-07 1.73248e-06 0.169226 3.33854e-07 0.0299343 1.11265e-07 
0.1825 0.00868245 2.0275e+06 0 0 2.0275e+06 1.33333 -0.0199348 0 3.73617e-07 1.08711e-06 0.106187 2.09494e-07 0.0189381 7.002e-08 
0.18615 0.00868267 2.02745e+06 0 0 2.02745e+06 1.33333 -0.0138993 0 2.32898e-07 6.81524e-07 0.0665702 1.31338e-07 0.0119706 4.40236e-08 
0.1898 0.00868288 2.0274e+06 0 0 2.0274e+06 1.33333 -0.0112103 0 1.45035e-07 4.26863e-07 0.0416954 8.22637e-08 0.00755976 2.76537e-08 
0.19345 0.00868309 2.02735e+06 0 0 2.02735e+06 1.33333 -0.0115318 0 9.02236e-08 2.67108e-07 0.0260907 5.14775e-08 0.00476995 1.73551e-08 
0.1971 0.00868331 2.0273e+06 0 0 2.0273e+06 1.33333 -0.0152697 0 5.60573e-08 1.66978e-07 0.0163102 3.21811e-08 0.00300701 1.08823e-08 
0.20075 0.00868352 2.02725e+06 0 0 2.02725e+06 1.33333 -0.0236768 0 3.47829e-08 1.04275e-07 0.0101854 2.0097e-08 0.00189395 6.81722e-09 
0.2044 0.00868374 2.0272e+06 0 0 2.0272e+06 1.33333 -0.0391081 0 2.15399e-08 6.50417e-08 0.00635317 1.25359e-08 0.00119189 4.26723e-09 
0.20805 0.00868395 2.02715e+06 0 0 2.02715e+06 1.33333 -0.0654472 0 1.33082e-08 4.05148e-08 0.00395742 7.80884e-09 0.000749233 2.66859e-09 
0.2117 0.00868417 2.0271e+06 0 0 2.0271e+06 1.33333 -0.108732 0 8.18967e-09 2.51943e-08 0.00246094 4.85609e-09 0.000471104 1.66778e-09 
0.21535 0.00868438 2.02705e+06 0 0 2.02705e+06 1.33333 -0.178007 0 5.0111e-09 1.56334e-08 0.00152705 3.01335e-09 0.000293833 1.04182e-09 
0.219 0.00868459 2.027e+06 0 0 2.027e+06 1.33333 -0.286462 0 3.02995e-09 9.67736e-09 0.00094527 1.86536e-09 0.000189609 6.51737e-10 
0.22265 0.00868481 2.02695e+06 0 0 2.02695e+06 1.33333 -0.452772 0 1.79362e-09 5.97764e-09 0.000583886 1.15225e-09 9.71636e-05 4.11116e-10 
0.2263 0.00868502 2.0269e+06 0 0 2.0269e+06 1.33333 -0.702985 0 1.00366e-09 3.73917e-09 0.000365237 7.20778e-10 0.000124914 2.66215e-10 
0.22995 0.00868524 2.02685e+06 0 0 2.02685e+06 1.33333 -1.07174 0 4.67985e-10 2.4132e-09 0.000235718 4.6519e-10 -0.000147862 1.98952e-10 
0.2336 0.00868545 2.0268e+06 0 0 2.0268e+06 1.33333 -1.60674 0 1.22875e-10 2.12384e-09 0.000207453 4.0942e-10 0.000770251 -1.20418e-11 
0.23725 0.00868567 2.02675e+06 0 0 2.02675e+06 1.33333 -2.36432 0 0 0 0.000188939 3.72891e-10 -0.000200132 0 
0.2409 0.00868588 2.0267e+06 0 0 2.0267e+06 1.33333 -3.42194 0 0 0 0.000193879 3.82648e-10 6.76793e-05 0 
0.24455 0.00868609 2.02666e+06 0 0 2.02666e+06 1.33333 -4.86848 0 0 0 0.000191591 3.78143e-10 -2.33521e-05 0 
0.2482 0.00868631 2.02661e+06 0 0 2.02661e+06 1.33333 -6.81117 0 0 0 0.000191842 3.78646e-10 8.53532e-06 0 
0.25185 0.00868652 2.02656e+06 0 0 2.02656e+06 1.33333 -9.37173 0 0 0 0.000191309 3.77602e-10 -1.05427e-06 0 
0.2555 0.00868674 2.02652e+06 0 0 2.02652e+06 1.33333 -12.6842 0 0 0 0.000191078 3.77156e-10 1.9556e-06 0 
0.25915 0.00868695 2.02647e+06 0 0 2.02647e+06 1.33333 -16.8892 0 0 0 0.000190822 3.76658e-10 6.59683e-07 0 
0.2628 0.00868717 2.02643e+06 0 0 2.02643e+06 1.33333 -22.1268 0 0 0 0.000190645 3.76316e-10 7.44209e-07 0 
0.26645 0.00868738 2.0264e+06 0 0 2.0264e+06 1.33333 -28.5254 0 0 0 0.000190496 3.76029e-10 4.46453e-07 0 
0.2701 0.00868759 2.02636e+06 0 0 2.02636e+06 1.33333 -36.19 0 0 0 0.000190374 3.75795e-10 3.51715e-07 0 
0.27375 0.00868781 2.02633e+06 0 0 2.02633e+06 1.33333 -45.1868 0 0 0 0.000190264 3.75583e-10 2.46639e-07 0 
0.2774 0.00868802 2.0263e+06 0 0 2.0263e+06 1.33333 -55.5281 0 0 0 0.000190156 3.75376e-10 1.8861e-07 0 
0.28105 0.00868824 2.02628e+06 0 0 2.02628e+06 1.33333 -67.1572 0 0 0 0.000190044 3.75159e-10 1.56763e-07 0 
0.2847 0.00868845 2.02626e+06 0 0 2.02626e+06 1.33333 -79.9343 0 0 0 0.000189921 3.74918e-10 1.53465e-07 0 
0.28835 0.00868867 2.02625e+06 0 0 2.02625e+06 1.33333 -93.6264 0 0 0 0.000189781 3.74645e-10 1.73155e-07 0 
0.292 0.00868888 2.02625e+06 0 0 2.02625e+06 1.33333 -107.902 0 0 0 0.000189623 3.74333e-10 2.09176e-07 0 
0.29565 0.0086891 2.02625e+06 0 0 2.02625e+06 1.33333 -122.332 0 0 0 0.000189443 3.73978e-10 2.54952e-07 0 
0.2993 0.00868931 2.02625e+06 0 0 2.02625e+06 1.33333 -136.399 0 0 0 0.000189241 3.73579e-10 3.05199e-07 0 
0.30295 0.00868952 2.02626e+06 0 0 2.02626e+06 1.33333 -149.514 0 0 0 0.000189017 3.73135e-10 3.56818e-07 0 
0.3066 0.00868974 2.02628e+06 0 0 2.02628e+06 1.33333 -161.04 0 0 0 0.000188771 3.72644e-10 4.0869e-07 0 
0.31025 0.00868995 2.0263e+06 0 0 2.0263e+06 1.33333 -170.327 0 0 0 0.000188501 3.72107e-10 4.61138e-07 0 
0.3139 0.00869017 2.02633e+06 0 0 2.02633e+06 1.33333 -176.745 0 0 0 0.000188207 3.71524e-10 5.15229e-07 0 
0.31755 0.00869038 2.02635e+06 0 0 2.02635e+06 1.33333 -179.726 0 0 0 0.00018789 3.70893e-10 5.72192e-07 0 
0.3212 0.0086906 2.02638e+06 0 0 2.02638e+06 1.33333 -178.807 0 0 0 0.000187549 3.70216e-10 6.33016e-07 0 
0.32485 0.00869081 2.0264e+06 0 0 2.0264e+06 1.33333 -173.658 0 0 0 0.000187185 3.69493e-10 6.98245e-07 0 
0.3285 0.00869103 2.02642e+06 0 0 2.02642e+06 1.33333 -164.121 0 0 0 0.0001868 3.68729e-10 7.67928e-07 0 
0.33215 0.00869124 2.02643e+06 0 0 2.02643e+06 1.33333 -150.223 0 0 0 0.000186395 3.67927e-10 8.41641e-07 0 
0.3358 0.00869145 2.02644e+06 0 0 2.02644e+06 1.33333 -132.19 0 0 0 0.000185974 3.67095e-10 9.18554e-07 0 
0.33945 0.00869167 2.02644e+06 0 0 2.02644e+06 1.33333 -110.438 0 0 0 0.000185542 3.66243e-10 9.97481e-07 0 
0.3431 0.00869188 2.02642e+06 0 0 2.02642e+06 1.33333 -85.5614 0 0 0 0.000185107 3.65386e-10 1.07691e-06 0 
0.34675 0.0086921 2.0264e+06 0 0 2.0264e+06 1.33333 -58.3016 0 0 0 0.000184677 3.64541e-10 1.155e-06 0 
0.3504 0.00869231 2.02636e+06 0 0 2.02636e+06 1.33333 -29.5093 0 0 0 0.000184264 3.63733e-10 1.2295e-06 0 
0.35405 0.00869253 2.02632e+06 0 0 2.02632e+06 1.33333 -0.0995472 0 0 0 0.000183884 3.62992e-10 1.29767e-06 0 
0.3577 0.00869274 2.02625e+06 0 0 2.02625e+06 1.33333 28.9968 0 0 0 0.000183557 3.62357e-10 1.35615e-06 0 
0.36135 0.00869296 2.02618e+06 0 0 2.02618e+06 1.33333 56.8816 0 0 0 0.000183306 3.61875e-10 1.40078e-06 0 
0.365 0.00869317 2.0261e+06 0 0 2.0261e+06 1.33333 82.7348 0 0 0 0.000183162 3.61605e-10 1.42633e-06 0 


0 0.0112 2.03e+06 0 0 1.5225e+06 1 0 0 1.00229 1.01407 507500 1 0 0.00117239 
0.00365 0.0111793 2.02995e+06 0 0 1.5254e+06 1.00193 -234.083 0 0.99869 1.01292 504551 0.994213 234.083 0.00141524 
0.0073 0.0111539 2.0299e+06 0 0 1.52904e+06 1.00435 -516.188 0 0.994185 1.01146 500859 0.986964 516.188 0.00171743 
0.01095 0.0111228 2.02985e+06 0 0 1.53359e+06 1.00736 -856.471 0 0.98854 1.00961 496256 0.977916 856.471 0.00209454 
0.0146 0.0110848 2.0298e+06 0 0 1.53927e+06 1.01111 -1266.41 0 0.981472 1.00728 490534 0.966665 1266.41 0.00256461 
0.01825 0.0110385 2.02975e+06 0 0 1.54629e+06 1.01575 -1758.4 0 0.972639 1.00433 483456 0.952739 1758.4 0.00314891 
0.0219 0.0109825 2.0297e+06 0 0 1.55496e+06 1.02147 -2344.89 0 0.961651 1.0006 474745 0.935596 2344.89 0.00387011 
0.02555 0.0109153 2.02965e+06 0 0 1.56555e+06 1.02846 -3036.98 0 0.948076 0.995896 464095 0.914631 3036.98 0.00475081 
0.0292 0.0108351 2.0296e+06 0 0 1.57842e+06 1.03693 -3842.41 0 0.931442 0.989955 451179 0.889197 3842.41 0.00581252 
0.03285 0.0107408 2.02955e+06 0 0 1.59389e+06 1.04712 -4762.72 0 0.911223 0.982453 435657 0.858627 4762.72 0.00707507 
0.0365 0.0106313 2.0295e+06 0 0 1.61229e+06 1.05924 -5789.71 0 0.88683 0.972976 417208 0.822287 5789.71 0.00855546 
0.04015 0.0105062 2.02945e+06 0 0 1.63389e+06 1.07345 -6901.16 0 0.857625 0.960996 395561 0.779641 6901.16 0.0102648 
0.0438 0.0103657 2.0294e+06 0 0 1.65886e+06 1.08988 -8056.52 0 0.822935 0.945841 370543 0.73035 8056.52 0.0122027 
0.04745 0.0102114 2.02935e+06 0 0 1.68721e+06 1.10854 -9193.63 0 0.78211 0.926661 342140 0.674384 9193.63 0.0143489 
0.0511 0.0100458 2.0293e+06 0 0 1.71874e+06 1.12928 -10228.1 0 0.734599 0.902388 310563 0.612159 10228.1 0.0166516 
0.05475 0.00987275 2.02925e+06 0 0 1.75294e+06 1.15178 -11057.3 0 0.680071 0.871715 276308 0.544651 11057.3 0.0190135 
0.0584 0.00969731 2.0292e+06 0 0 1.78901e+06 1.17551 -11571.5 0 0.618575 0.833112 240193 0.473472 11571.5 0.021277 
0.06205 0.00952523 2.02915e+06 0 0 1.8258e+06 1.19971 -11672.3 0 0.550738 0.78493 203350 0.400857 11672.3 0.0232156 
0.0657 0.00936248 2.0291e+06 0 0 1.86195e+06 1.2235 -11297.1 0 0.477972 0.725682 167154 0.329513 11297.1 0.0245415 
0.06935 0.00921456 2.02905e+06 0 0 1.89598e+06 1.24589 -10444.3 0 0.402606 0.654585 133070 0.262331 10444.3 0.0249468 
0.073 0.00908576 2.029e+06 0 0 1.92656e+06 1.26601 -9188.89 0 0.327826 0.572365 102443 0.201958 9188.89 0.02419 
0.07665 0.00897858 2.02895e+06 0 0 1.95269e+06 1.28322 -7677.26 0 0.257296 0.482054 76263.2 0.15035 7677.26 0.0222122 
0.0803 0.00889339 2.0289e+06 0 0 1.9739e+06 1.29719 -6094.17 0 0.194462 0.389154 54998.3 0.10843 6094.17 0.0192217 
0.08395 0.00882865 2.02885e+06 0 0 1.99029e+06 1.30799 -4612.48 0 0.141744 0.300569 38556.7 0.0760168 4612.48 0.0156653 
0.0876 0.0087814 2.0288e+06 0 0 2.0024e+06 1.31598 -3349.58 0 0.100025 0.222529 26398.6 0.0520476 3349.58 0.0120722 
0.09125 0.0087481 2.02875e+06 0 0 2.01101e+06 1.32167 -2352.12 0 0.0687054 0.158738 17740.2 0.0349777 2352.12 0.00886583 
0.0949 0.0087253 2.0287e+06 0 0 2.01694e+06 1.32561 -1609.76 0 0.0462036 0.109857 11755.7 0.0231787 1609.76 0.0062646 
0.09855 0.00871002 2.02865e+06 0 0 2.02094e+06 1.32827 -1081.19 0 0.0305836 0.0742882 7710.99 0.0152042 1081.19 0.00429941 
0.1022 0.00869996 2.0286e+06 0 0 2.02358e+06 1.33003 -716.592 0 0.0200141 0.0493924 5021.41 0.00990124 716.592 0.00288915 
0.10585 0.00869343 2.02855e+06 0 0 2.0253e+06 1.3312 -470.582 0 0.0129917 0.032448 3253.25 0.00641492 470.582 0.00191296 
0.1095 0.00868925 2.0285e+06 0 0 2.0264e+06 1.33195 -307.074 0 0.00838518 0.0211386 2100.02 0.00414103 307.074 0.00125372 
0.11315 0.00868662 2.02845e+06 0 0 2.0271e+06 1.33244 -199.5 0 0.00539006 0.0136909 1352 0.00266608 199.5 0.000815913 
0.1168 0.008685 2.0284e+06 0 0 2.02753e+06 1.33276 -129.213 0 0.00345455 0.008831 868.686 0.00171305 129.213 0.000528413 
0.12045 0.00868403 2.02835e+06 0 0 2.02779e+06 1.33297 -83.503 0 0.00220915 0.00567946 557.273 0.00109897 83.503 0.000341046 
0.1241 0.00868349 2.0283e+06 0 0 2.02794e+06 1.3331 -53.8729 0 0.00141027 0.00364464 357.036 0.000704108 53.8729 0.000219569 
0.12775 0.00868321 2.02825e+06 0 0 2.02802e+06 1.33318 -34.7109 0 0.000899002 0.00233489 228.492 0.000450618 34.7109 0.000141095 
0.1314 0.00868311 2.0282e+06 0 0 2.02805e+06 1.33324 -22.3401 0 0.000572381 0.00149375 146.081 0.000288099 22.3401 9.0532e-05 
0.13505 0.00868313 2.02815e+06 0 0 2.02806e+06 1.33327 -14.3645 0 0.000364027 0.000954511 93.3058 0.000184022 14.3645 5.80167e-05 
0.1387 0.00868321 2.0281e+06 0 0 2.02804e+06 1.33329 -9.22813 0 0.000231281 0.000609296 59.5439 0.000117438 9.22813 3.71391e-05 
0.14235 0.00868335 2.02805e+06 0 0 2.02801e+06 1.33331 -5.92354 0 0.000146801 0.000388559 37.9655 7.48808e-05 5.92354 2.37509e-05 
0.146 0.00868351 2.028e+06 0 0 2.02798e+06 1.33332 -3.7993 0 9.30923e-05 0.000247564 24.1864 4.7705e-05 3.7993 1.51749e-05 
0.14965 0.00868369 2.02795e+06 0 0 2.02793e+06 1.33332 -2.43494 0 5.89801e-05 0.000157592 15.3953 3.03662e-05 2.43494 9.6869e-06 
0.1533 0.00868388 2.0279e+06 0 0 2.02789e+06 1.33333 -1.55932 0 3.73345e-05 0.000100232 9.79129 1.93132e-05 1.55932 6.17826e-06 
0.15695 0.00868408 2.02785e+06 0 0 2.02784e+06 1.33333 -0.997813 0 2.36119e-05 6.36955e-05 6.22199 1.22731e-05 0.997813 3.93709e-06 
0.1606 0.00868429 2.0278e+06 0 0 2.0278e+06 1.33333 -0.638008 0 1.49201e-05 4.04431e-05 3.95054 7.79277e-06 0.638008 2.50677e-06 
0.16425 0.0086845 2.02775e+06 0 0 2.02775e+06 1.33333 -0.407629 0 9.41969e-06 2.56575e-05 2.50624 4.94387e-06 0.407629 1.59473e-06 
0.1679 0.00868471 2.0277e+06 0 0 2.0277e+06 1.33333 -0.260234 0 5.94189e-06 1.62637e-05 1.58864 3.13387e-06 0.260234 1.01366e-06 
0.17155 0.00868492 2.02765e+06 0 0 2.02765e+06 1.33333 -0.166006 0 3.74489e-06 1.03006e-05 1.00616 1.98488e-06 0.166006 6.43773e-07 
0.1752 0.00868513 2.0276e+06 0 0 2.0276e+06 1.33333 -0.105813 0 2.35819e-06 6.51846e-06 0.636716 1.2561e-06 0.105813 4.08513e-07 
0.17885 0.00868535 2.02755e+06 0 0 2.02755e+06 1.33333 -0.0673927 0 1.4837e-06 4.12158e-06 0.40259 7.9424e-07 0.0673919 2.59008e-07 
0.1825 0.00868556 2.0275e+06 0 0 2.0275e+06 1.33333 -0.0428894 0 9.32698e-07 2.60387e-06 0.254343 5.01786e-07 0.0428875 1.6408e-07 
0.18615 0.00868577 2.02745e+06 0 0 2.02745e+06 1.33333 -0.0272755 0 5.85813e-07 1.64366e-06 0.160551 3.16754e-07 0.0272713 1.03856e-07 
0.1898 0.00868599 2.0274e+06 0 0 2.0274e+06 1.33333 -0.0173364 0 3.67617e-07 1.03667e-06 0.101261 1.99784e-07 0.0173274 6.56813e-08 
0.19345 0.0086862 2.02735e+06 0 0 2.02735e+06 1.33333 -0.0110194 0 2.30484e-07 6.53285e-07 0.0638119 1.25902e-07 0.0110005 4.15039e-08 
0.1971 0.00868642 2.0273e+06 0 0 2.0273e+06 1.33333 -0.00701716 0 1.44367e-07 4.1133e-07 0.0401781 7.9274e-08 0.00697811 2.62045e-08 
0.20075 0.00868663 2.02725e+06 0 0 2.02725e+06 1.33333 -0.00450187 0 9.03357e-08 2.58757e-07 0.025275 4.98706e-08 0.00442298 1.65309e-08 
0.2044 0.00868685 2.0272e+06 0 0 2.0272e+06 1.33333 -0.00295736 0 5.6458e-08 1.62626e-07 0.0158851 3.13439e-08 0.00280119 1.04199e-08 
0.20805 0.00868706 2.02715e+06 0 0 2.02715e+06 1.33333 -0.00207573 0 3.52369e-08 1.02106e-07 0.00997356 1.968e-08 0.00177264 6.56246e-09 
0.2117 0.00868727 2.0271e+06 0 0 2.0271e+06 1.33333 -0.00169759 0 2.19508e-08 6.40348e-08 0.00625482 1.23424e-08 0.00112081 4.12981e-09 
0.21535 0.00868749 2.02705e+06 0 0 2.02705e+06 1.33333 -0.00178508 0 1.36403e-08 4.01042e-08 0.00391731 7.73008e-09 0.000708264 2.59679e-09 
0.219 0.0086877 2.027e+06 0 0 2.027e+06 1.33333 -0.00241954 0 8.44108e-09 2.5073e-08 0.0024491 4.83295e-09 0.00044658 1.63195e-09 
0.22265 0.00868792 2.02695e+06 0 0 2.02695e+06 1.33333 -0.00383218 0 5.19175e-09 1.56411e-08 0.0015278 3.01498e-09 0.000283303 1.02518e-09 
0.2263 0.00868813 2.0269e+06 0 0 2.0269e+06 1.33333 -0.00644135 0 3.15721e-09 9.7298e-09 0.000950391 1.87556e-09 0.000172302 6.45068e-10 
0.22995 0.00868835 2.02685e+06 0 0 2.02685e+06 1.33333 -0.0110071 0 1.88172e-09 6.04774e-09 0.000590734 1.16582e-09 0.000128107 4.08126e-10 
0.2336 0.00868856 2.0268e+06 0 0 2.0268e+06 1.33333 -0.0185623 0 1.0593e-09 3.76925e-09 0.000368175 7.26613e-10 1.06728e-05 2.68551e-10 
0.23725 0.00868877 2.02675e+06 0 0 2.02675e+06 1.33333 -0.0313293 0 5.01139e-10 2.52968e-09 0.000247096 4.87669e-10 0.00023297 1.92144e-10 
0.2409 0.00868899 2.0267e+06 0 0 2.0267e+06 1.33333 -0.0505239 0 1.41915e-10 0 0.00018416 3.63468e-10 -0.000725185 1.98744e-10 
0.24455 0.0086892 2.02665e+06 0 0 2.02665e+06 1.33333 -0.0832902 0 0 0 0.000198717 3.92209e-10 0.000223257 0 
0.2482 0.00868942 2.0266e+06 0 0 2.0266e+06 1.33333 -0.132382 0 0 0 0.000191914 3.78791e-10 -6.47902e-05 0 
0.25185 0.00868963 2.02655e+06 0 0 2.02655e+06 1.33333 -0.20782 0 0 0 0.000193036 3.81014e-10 2.63099e-05 0 
0.2555 0.00868985 2.0265e+06 0 0 2.0265e+06 1.33333 -0.320839 0 0 0 0.000191806 3.78596e-10 -5.35049e-06 0 
0.25915 0.00869006 2.02645e+06 0 0 2.02645e+06 1.33333 -0.487671 0 0 0 0.000191523 3.78046e-10 4.3325e-06 0 
0.2628 0.00869028 2.0264e+06 0 0 2.0264e+06 1.33333 -0.729806 0 0 0 0.000191091 3.77204e-10 7.97067e-07 0 
0.26645 0.00869049 2.02635e+06 0 0 2.02635e+06 1.33333 -1.07555 0 0 0 0.000190846 3.76728e-10 1.45429e-06 0 
0.2701 0.0086907 2.0263e+06 0 0 2.0263e+06 1.33333 -1.56124 0 0 0 0.000190656 3.76363e-10 7.52948e-07 0 
0.27375 0.00869092 2.02625e+06 0 0 2.02625e+06 1.33333 -2.23254 0 0 0 0.000190539 3.7614e-10 5.70742e-07 0 
0.2774 0.00869113 2.0262e+06 0 0 2.0262e+06 1.33333 -3.14552 0 0 0 0.000190463 3.75999e-10 3.17294e-07 0 
0.28105 0.00869135 2.02616e+06 0 0 2.02616e+06 1.33333 -4.36728 0 0 0 0.000190415 3.75915e-10 1.73928e-07 0 
0.2847 0.00869156 2.02611e+06 0 0 2.02611e+06 1.33333 -5.97607 0 0 0 0.000190382 3.75858e-10 6.71247e-08 0 
0.28835 0.00869178 2.02606e+06 0 0 2.02606e+06 1.33333 -8.06048 0 0 0 0.000190353 3.75808e-10 9.3222e-09 0 
0.292 0.00869199 2.02602e+06 0 0 2.02602e+06 1.33333 -10.7176 0 0 0 0.00019032 3.75751e-10 -1.45592e-08 0 
0.29565 0.00869221 2.02597e+06 0 0 2.02597e+06 1.33333 -14.0497 0 0 0 0.000190277 3.75676e-10 -1.0842e-08 0 
0.2993 0.00869242 2.02593e+06 0 0 2.02593e+06 1.33333 -18.1598 0 0 0 0.000190223 3.75576e-10 1.1656e-08 0 
0.30295 0.00869263 2.02589e+06 0 0 2.02589e+06 1.33333 -23.1452 0 0 0 0.000190154 3.75448e-10 4.55168e-08 0 
0.3066 0.00869285 2.02585e+06 0 0 2.02585e+06 1.33333 -29.0896 0 0 0 0.000190071 3.75291e-10 8.46636e-08 0 
0.31025 0.00869306 2.02581e+06 0 0 2.02581e+06 1.33333 -36.0546 0 0 0 0.000189973 3.75105e-10 1.2485e-07 0 
0.3139 0.00869328 2.02578e+06 0 0 2.02578e+06 1.33333 -44.0696 0 0 0 0.000189862 3.74892e-10 1.63665e-07 0 
0.31755 0.00869349 2.02575e+06 0 0 2.02575e+06 1.33333 -53.1215 0 0 0 0.000189739 3.74654e-10 2.00197e-07 0 
0.3212 0.00869371 2.02573e+06 0 0 2.02573e+06 1.33333 -63.1453 0 0 0 0.000189604 3.74391e-10 2.34563e-07 0 
0.32485 0.00869392 2.02571e+06 0 0 2.02571e+06 1.33333 -74.0162 0 0 0 0.000189458 3.74107e-10 2.67419e-07 0 
0.3285 0.00869414 2.0257e+06 0 0 2.0257e+06 1.33333 -85.5433 0 0 0 0.000189303 3.73803e-10 2.99564e-07 0 
0.33215 0.00869435 2.02569e+06 0 0 2.02569e+06 1.33333 -97.4674 0 0 0 0.000189139 3.73481e-10 3.31675e-07 0 
0.3358 0.00869457 2.02568e+06 0 0 2.02568e+06 1.33333 -109.463 0 0 0 0.000188968 3.73144e-10 3.64154e-07 0 
0.33945 0.00869478 2.02568e+06 0 0 2.02568e+06 1.33333 -121.143 0 0 0 0.000188792 3.72798e-10 3.97073e-07 0 
0.3431 0.008695 2.02569e+06 0 0 2.02569e+06 1.33333 -132.072 0 0 0 0.000188615 3.72447e-10 4.30169e-07 0 
0.34675 0.00869521 2.0257e+06 0 0 2.0257e+06 1.33333 -141.784 0 0 0 0.00018844 3.72099e-10 4.62861e-07 0 
0.3504 0.00869542 2.02571e+06 0 0 2.02571e+06 1.33333 -149.796 0 0 0 0.000188271 3.71764e-10 4.94267e-07 0 
0.35405 0.00869564 2.02572e+06 0 0 2.02572e+06 1.33333 -155.641 0 0 0 0.000188116 3.71454e-10 5.23209e-07 0 
0.3577 0.00869585 2.02574e+06 0 0 2.02574e+06 1.33333 -158.887 0 0 0 0.000187982 3.71186e-10 5.48183e-07 0 
0.36135 0.00869607 2.02576e+06 0 0 2.02576e+06 1.33333 -159.167 0 0 0 0.000187879 3.7098e-10 5.6732e-07 0 
0.365 0.00869628 2.02577e+06 0 0 2.02577e+06 1.33333 -156.203 0 0 0 0.00018782 3.70861e-10 5.7831e-07 0 


0 0.0112 2.03e+06 0 0 1.5225e+06 1 0 0 1.00689 1.01407 507500 1 0 0.000714656 
0.00365 0.0111861 2.02995e+06 0 0 1.52444e+06 1.0013 -156.861 0 1.00433 1.0133 505511 0.996106 156.861 0.000891801 
0.0073 0.0111688 2.0299e+06 0 0 1.52691e+06 1.00295 -349.239 0 1.00112 1.0123 502988 0.991157 349.239 0.00111205 
0.01095 0.0111473 2.02985e+06 0 0 1.53005e+06 1.00503 -585.011 0 0.997086 1.01104 499803 0.984906 585.011 0.00138677 
0.0146 0.0111207 2.0298e+06 0 0 1.534e+06 1.00765 -873.392 0 0.992028 1.00943 495805 0.977051 873.392 0.00172935 
0.01825 0.0110879 2.02975e+06 0 0 1.53894e+06 1.01092 -1224.87 0 0.985695 1.00739 490810 0.967232 1224.87 0.00215579 
0.0219 0.0110476 2.0297e+06 0 0 1.5451e+06 1.01499 -1650.89 0 0.977799 1.00481 484604 0.955026 1650.89 0.00268382 
0.02555 0.0109985 2.02965e+06 0 0 1.55271e+06 1.02002 -2163.29 0 0.96801 1.00155 476940 0.939944 2163.29 0.00333218 
0.0292 0.0109391 2.0296e+06 0 0 1.56206e+06 1.02619 -2773.33 0 0.95596 0.997435 467537 0.921438 2773.33 0.00412029 
0.03285 0.0108679 2.02955e+06 0 0 1.57346e+06 1.0337 -3490.17 0 0.941222 0.992245 456091 0.8989 3490.17 0.00506833 
0.0365 0.0107836 2.0295e+06 0 0 1.58723e+06 1.04277 -4318.75 0 0.92331 0.985701 442274 0.87169 4318.75 0.00619703 
0.04015 0.0106848 2.02945e+06 0 0 1.60369e+06 1.05361 -5256.77 0 0.901664 0.977448 425760 0.839163 5256.77 0.00752646 
0.0438 0.0105708 2.0294e+06 0 0 1.62315e+06 1.06642 -6290.98 0 0.875662 0.967033 406249 0.800727 6290.98 0.00907334 
0.04745 0.0104414 2.02935e+06 0 0 1.64584e+06 1.08136 -7392.92 0 0.844638 0.953881 383507 0.75592 7392.92 0.0108465 
0.0511 0.0102973 2.0293e+06 0 0 1.67188e+06 1.0985 -8514.98 0 0.807913 0.937259 357416 0.704511 8514.98 0.0128404 
0.05475 0.0101404 2.02925e+06 0 0 1.70121e+06 1.11779 -9587.96 0 0.764857 0.916243 328041 0.646625 9587.96 0.0150253 
0.0584 0.00997353 2.0292e+06 0 0 1.73351e+06 1.13904 -10522.1 0 0.714981 0.889685 295689 0.582868 10522.1 0.0173353 
0.06205 0.00980108 2.02915e+06 0 0 1.76818e+06 1.16186 -11213.2 0 0.658072 0.856203 260965 0.514433 11213.2 0.0196537 
0.0657 0.00962826 2.0291e+06 0 0 1.8043e+06 1.18562 -11556.6 0 0.594363 0.814219 224796 0.443145 11556.6 0.0218001 
0.06935 0.00946087 2.02905e+06 0 0 1.84065e+06 1.20953 -11467 0 0.524745 0.762127 188398 0.371402 11467 0.0235263 
0.073 0.00930473 2.029e+06 0 0 1.87582e+06 1.23267 -10903.9 0 0.450947 0.698653 153179 0.301979 10903.9 0.0245343 
0.07665 0.0091649 2.02895e+06 0 0 1.90839e+06 1.25411 -9893.68 0 0.375619 0.623502 120562 0.237683 9893.68 0.0245335 
0.0803 0.00904503 2.0289e+06 0 0 1.93713e+06 1.27303 -8538.16 0 0.302161 0.538191 91766.4 0.180919 8538.16 0.0233401 
0.08395 0.00894685 2.02885e+06 0 0 1.96126e+06 1.28891 -6999.31 0 0.234227 0.446676 67592.5 0.133263 6999.31 0.0209881 
0.0876 0.00887001 2.0288e+06 0 0 1.9805e+06 1.30159 -5459.02 0 0.174952 0.355095 48295.9 0.0952207 5459.02 0.0177791 
0.09125 0.00881241 2.02875e+06 0 0 1.99514e+06 1.31125 -4069.47 0 0.126221 0.270265 33607.9 0.0662632 4069.47 0.0142032 
0.0949 0.00877087 2.0287e+06 0 0 2.00581e+06 1.31829 -2919.61 0 0.0883527 0.197567 22886.7 0.0451258 2919.61 0.01076 
0.09855 0.00874186 2.02865e+06 0 0 2.01332e+06 1.32326 -2031.88 0 0.0603425 0.139536 15327 0.0302211 2031.88 0.00779712 
0.1022 0.00872212 2.0286e+06 0 0 2.01846e+06 1.32667 -1382.09 0 0.0404394 0.09589 10137.9 0.01999 1382.09 0.00545669 
0.10585 0.00870895 2.02855e+06 0 0 2.0219e+06 1.32896 -924.705 0 0.0267258 0.0645554 6646.18 0.0131053 924.705 0.00372127 
0.1095 0.00870031 2.0285e+06 0 0 2.02417e+06 1.33049 -611.569 0 0.0174874 0.0428203 4329.77 0.00853787 611.569 0.00249131 
0.11315 0.00869472 2.02845e+06 0 0 2.02564e+06 1.33149 -401.258 0 0.0113623 0.0281085 2808.24 0.00553771 401.258 0.00164654 
0.1168 0.00869115 2.0284e+06 0 0 2.02658e+06 1.33214 -261.833 0 0.00734619 0.018318 1815.67 0.0035805 261.833 0.00107864 
0.12045 0.00868891 2.02835e+06 0 0 2.02718e+06 1.33256 -170.211 0 0.00473295 0.0118778 1171.25 0.00230975 170.211 0.000702334 
0.1241 0.00868754 2.0283e+06 0 0 2.02755e+06 1.33284 -110.357 0 0.00304153 0.00767465 754.242 0.00148744 110.357 0.000455397 
0.12775 0.00868673 2.02825e+06 0 0 2.02776e+06 1.33301 -71.4142 0 0.00195081 0.00494628 485.049 0.000956586 71.4142 0.00029441 
0.1314 0.00868628 2.0282e+06 0 0 2.02789e+06 1.33313 -46.1473 0 0.00124934 0.00318183 311.584 0.000614503 46.1473 0.000189925 
0.13505 0.00868607 2.02815e+06 0 0 2.02795e+06 1.3332 -29.7864 0 0.000799106 0.0020438 199.96 0.000394369 29.7864 0.000122323 
0.1387 0.00868601 2.0281e+06 0 0 2.02797e+06 1.33325 -19.208 0 0.000510575 0.00131124 128.213 0.000252873 19.208 7.86814e-05 
0.14235 0.00868605 2.02805e+06 0 0 2.02797e+06 1.33328 -12.3763 0 0.000325907 0.000840382 82.142 0.000162012 12.3763 5.05556e-05 
0.146 0.00868616 2.028e+06 0 0 2.02795e+06 1.3333 -7.96843 0 0.000207843 0.000538115 52.5847 0.000103717 7.96843 3.24532e-05 
0.14965 0.0086863 2.02795e+06 0 0 2.02792e+06 1.33331 -5.12684 0 0.000132436 0.000344274 33.6374 6.63475e-05 5.12684 2.08148e-05 
0.1533 0.00868647 2.0279e+06 0 0 2.02788e+06 1.33332 -3.29632 0 8.43168e-05 0.000220081 21.501 4.24103e-05 3.29632 1.33394e-05 
0.15695 0.00868665 2.02785e+06 0 0 2.02784e+06 1.33332 -2.11796 0 5.36376e-05 0.00014058 13.7331 2.70891e-05 2.11796 8.542e-06 
0.1606 0.00868685 2.0278e+06 0 0 2.02779e+06 1.33333 -1.35992 0 3.40938e-05 8.9728e-05 8.76512 1.72899e-05 1.35992 5.46578e-06 
0.16425 0.00868705 2.02775e+06 0 0 2.02774e+06 1.33333 -0.872609 0 2.16539e-05 5.72274e-05 5.59013 1.10273e-05 0.872609 3.49476e-06 
0.1679 0.00868726 2.0277e+06 0 0 2.0277e+06 1.33333 -0.559541 0 1.3742e-05 3.64713e-05 3.56256 7.02779e-06 0.559541 2.23283e-06 
0.17155 0.00868747 2.02765e+06 0 0 2.02765e+06 1.33333 -0.358549 0 8.71407e-06 2.32258e-05 2.2687 4.47553e-06 0.358549 1.4255e-06 
0.1752 0.00868768 2.0276e+06 0 0 2.0276e+06 1.33333 -0.229597 0 5.52139e-06 1.47796e-05 1.44366 2.84802e-06 0.229597 9.094e-07 
0.17885 0.00868789 2.02755e+06 0 0 2.02755e+06 1.33333 -0.146921 0 3.49569e-06 9.39778e-06 0.917967 1.81099e-06 0.146921 5.79714e-07 
0.1825 0.0086881 2.0275e+06 0 0 2.0275e+06 1.33333 -0.0939503 0 2.21143e-06 5.97117e-06 0.583258 1.15069e-06 0.0939503 3.6927e-07 
0.18615 0.00868831 2.02745e+06 0 0 2.02745e+06 1.33333 -0.0600352 0 1.39788e-06 3.79109e-06 0.370309 7.30591e-07 0.0600352 2.35042e-07 
0.1898 0.00868853 2.0274e+06 0 0 2.0274e+06 1.33333 -0.0383359 0 8.82919e-07 2.40513e-06 0.23493 4.63509e-07 0.0383359 1.49492e-07 
0.19345 0.00868874 2.02735e+06 0 0 2.02735e+06 1.33333 -0.0244621 0 5.57211e-07 1.52468e-06 0.148929 2.93839e-07 0.0244621 9.50073e-08 
0.1971 0.00868896 2.0273e+06 0 0 2.0273e+06 1.33333 -0.0155981 0 3.51366e-07 9.65794e-07 0.0943374 1.86134e-07 0.0155981 6.03347e-08 
0.20075 0.00868917 2.02725e+06 0 0 2.02725e+06 1.33333 -0.00993891 0 2.21376e-07 6.11293e-07 0.0597102 1.17815e-07 0.00993877 3.82864e-08 
0.2044 0.00868939 2.0272e+06 0 0 2.0272e+06 1.33333 -0.0063285 0 1.39348e-07 3.86603e-07 0.0377628 7.45122e-08 0.00632819 2.42769e-08 
0.20805 0.0086896 2.02715e+06 0 0 2.02715e+06 1.33333 -0.004027 0 8.76276e-08 2.44297e-07 0.0238626 4.70859e-08 0.00402634 1.53819e-08 
0.2117 0.00868981 2.0271e+06 0 0 2.0271e+06 1.33333 -0.00256133 0 5.50391e-08 1.54236e-07 0.0150655 2.97282e-08 0.0025599 9.73863e-09 
0.21535 0.00869003 2.02705e+06 0 0 2.02705e+06 1.33333 -0.00162935 0 3.45213e-08 9.72807e-08 0.00950223 1.87509e-08 0.00162636 6.16105e-09 
0.219 0.00869024 2.027e+06 0 0 2.027e+06 1.33333 -0.0010387 0 2.16097e-08 6.12879e-08 0.00598651 1.18135e-08 0.00103255 3.89497e-09 
0.22265 0.00869046 2.02695e+06 0 0 2.02695e+06 1.33333 -0.000667286 0 1.34912e-08 3.85587e-08 0.00376635 7.43255e-09 0.000654874 2.46058e-09 
0.2263 0.00869067 2.0269e+06 0 0 2.0269e+06 1.33333 -0.000440161 0 8.38763e-09 2.42157e-08 0.00236536 4.66793e-09 0.00041558 1.55356e-09 
0.22995 0.00869089 2.02685e+06 0 0 2.02685e+06 1.33333 -0.000309163 0 5.18241e-09 1.51723e-08 0.00148201 2.92476e-09 0.000261356 9.80562e-10 
0.2336 0.0086911 2.0268e+06 0 0 2.0268e+06 1.33333 -0.000262208 0 3.16238e-09 9.48003e-09 0.000925994 1.8275e-09 0.000170832 6.19887e-10 
0.23725 0.00869131 2.02675e+06 0 0 2.02675e+06 1.33333 -0.000258542 0 1.8893e-09 5.90717e-09 0.000577003 1.13877e-09 8.6871e-05 3.95112e-10 
0.2409 0.00869153 2.0267e+06 0 0 2.0267e+06 1.33333 -0.000437406 0 1.0717e-09 3.72327e-09 0.000363683 7.17783e-10 0.000120288 2.58106e-10 
0.24455 0.00869174 2.02665e+06 0 0 2.02665e+06 1.33333 -0.000428531 0 5.00269e-10 2.41283e-09 0.000235681 4.65164e-10 -0.00014762 1.9572e-10 
0.2482 0.00869196 2.0266e+06 0 0 2.0266e+06 1.33333 -0.0018024 0 1.31355e-10 2.12302e-09 0.000207373 4.09302e-10 0.000772584 -1.28856e-11 
0.25185 0.00869217 2.02655e+06 0 0 2.02655e+06 1.33333 -0.00161552 0 0 0 0.00018854 3.72141e-10 -0.000195807 0 
0.2555 0.00869239 2.0265e+06 0 0 2.0265e+06 1.33333 -0.00320537 0 0 0 0.000193437 3.81816e-10 6.94383e-05 0 
0.25915 0.0086926 2.02645e+06 0 0 2.02645e+06 1.33333 -0.00532125 0 0 0 0.000191345 3.77696e-10 -2.40109e-05 0 
0.2628 0.00869282 2.0264e+06 0 0 2.0264e+06 1.33333 -0.00897919 0 0 0 0.000191851 3.78704e-10 6.8908e-06 0 
0.26645 0.00869303 2.02635e+06 0 0 2.02635e+06 1.33333 -0.014832 0 0 0 0.000191512 3.78044e-10 -2.27752e-06 0 
0.2701 0.00869325 2.0263e+06 0 0 2.0263e+06 1.33333 -0.0241642 0 0 0 0.000191389 3.77811e-10 1.36443e-06 0 
0.27375 0.00869346 2.02625e+06 0 0 2.02625e+06 1.33333 -0.0387831 0 0 0 0.000191182 3.77411e-10 4.93994e-07 0 
0.2774 0.00869367 2.0262e+06 0 0 2.0262e+06 1.33333 -0.0613513 0 0 0 0.000191031 3.77122e-10 7.69776e-07 0 
0.28105 0.00869389 2.02615e+06 0 0 2.02615e+06 1.33333 -0.0956697 0 0 0 0.000190909 3.7689e-10 5.08689e-07 0 
0.2847 0.0086941 2.0261e+06 0 0 2.0261e+06 1.33333 -0.147088 0 0 0 0.000190826 3.76735e-10 3.81811e-07 0 
0.28835 0.00869432 2.02605e+06 0 0 2.02605e+06 1.33333 -0.222999 0 0 0 0.000190769 3.76632e-10 2.32017e-07 0 
0.292 0.00869453 2.026e+06 0 0 2.026e+06 1.33333 -0.333446 0 0 0 0.000190731 3.76566e-10 1.299e-07 0 
0.29565 0.00869475 2.02595e+06 0 0 2.02595e+06 1.33333 -0.491823 0 0 0 0.000190703 3.7652e-10 5.59647e-08 0 
0.2993 0.00869496 2.0259e+06 0 0 2.0259e+06 1.33333 -0.71568 0 0 0 0.000190678 3.7648e-10 1.46412e-08 0 
0.30295 0.00869518 2.02585e+06 0 0 2.02585e+06 1.33333 -1.02758 0 0 0 0.00019065 3.76434e-10 -3.2977e-10 0 
0.3066 0.00869539 2.0258e+06 0 0 2.0258e+06 1.33333 -1.45599 0 0 0 0.000190616 3.76376e-10 5.85699e-09 0 
0.31025 0.00869561 2.02575e+06 0 0 2.02575e+06 1.33333 -2.0361 0 0 0 0.000190574 3.76304e-10 2.59475e-08 0 
0.3139 0.00869582 2.0257e+06 0 0 2.0257e+06 1.33333 -2.81054 0 0 0 0.000190525 3.76214e-10 5.30925e-08 0 
0.31755 0.00869603 2.02565e+06 0 0 2.02565e+06 1.33333 -3.82983 0 0 0 0.000190467 3.7611e-10 8.16271e-08 0 
0.3212 0.00869625 2.02561e+06 0 0 2.02561e+06 1.33333 -5.15241 0 0 0 0.000190404 3.75994e-10 1.07759e-07 0 
0.32485 0.00869646 2.02556e+06 0 0 2.02556e+06 1.33333 -6.84423 0 0 0 0.000190335 3.75867e-10 1.29587e-07 0 
0.3285 0.00869668 2.02551e+06 0 0 2.02551e+06 1.33333 -8.97754 0 0 0 0.000190263 3.75733e-10 1.46731e-07 0 
0.33215 0.00869689 2.02547e+06 0 0 2.02547e+06 1.33333 -11.629 0 0 0 0.000190189 3.75595e-10 1.598e-07 0 
0.3358 0.00869711 2.02542e+06 0 0 2.02542e+06 1.33333 -14.8767 0 0 0 0.000190113 3.75454e-10 1.69872e-07 0 
0.33945 0.00869732 2.02538e+06 0 0 2.02538e+06 1.33333 -18.7964 0 0 0 0.000190037 3.75312e-10 1.78088e-07 0 
0.3431 0.00869754 2.02534e+06 0 0 2.02534e+06 1.33333 -23.4565 0 0 0 0.000189963 3.75172e-10 1.85388e-07 0 
0.34675 0.00869775 2.0253e+06 0 0 2.0253e+06 1.33333 -28.9124 0 0 0 0.00018989 3.75035e-10 1.92385e-07 0 
0.3504 0.00869797 2.02527e+06 0 0 2.02527e+06 1.33333 -35.2003 0 0 0 0.000189822 3.74907e-10 1.99321e-07 0 
0.35405 0.00869818 2.02524e+06 0 0 2.02524e+06 1.33333 -42.3299 0 0 0 0.000189759 3.7479e-10 2.06087e-07 0 
0.3577 0.0086984 2.02521e+06 0 0 2.02521e+06 1.33333 -50.278 0 0 0 0.000189706 3.7469e-10 2.12279e-07 0 
0.36135 0.00869861 2.02518e+06 0 0 2.02518e+06 1.33333 -58.982 0 0 0 0.000189665 3.74614e-10 2.17252e-07 0 
0.365 0.00869883 2.02516e+06 0 0 2.02516e+06 1.33333 -68.3351 0 0 0 0.000189642 3.74573e-10 2.20194e-07 0 


0 0.0112 2.03e+06 0 0 1.5225e+06 1 0 0 1.0097 1.01407 507500 1 0 0.000435634 
0.00365 0.0111907 2.02995e+06 0 0 1.52379e+06 1.00088 -105.242 0 1.00789 1.01355 506155 0.997375 105.242 0.000563089 
0.0073 0.011179 2.0299e+06 0 0 1.52547e+06 1.002 -236.381 0 1.00561 1.01287 504428 0.993995 236.381 0.000721717 
0.01095 0.0111642 2.02985e+06 0 0 1.52762e+06 1.00344 -399.334 0 1.00275 1.012 502225 0.989679 399.334 0.000919732 
0.0146 0.0111456 2.0298e+06 0 0 1.53036e+06 1.00526 -601.177 0 0.999148 1.01089 499436 0.984207 601.177 0.00116692 
0.01825 0.0111225 2.02975e+06 0 0 1.53383e+06 1.00756 -850.201 0 0.994631 1.00948 495923 0.977309 850.201 0.00147512 
0.0219 0.0110938 2.0297e+06 0 0 1.53817e+06 1.01044 -1155.88 0 0.988986 1.00768 491525 0.968666 1155.88 0.00185775 
0.02555 0.0110584 2.02965e+06 0 0 1.5436e+06 1.01403 -1528.72 0 0.981969 1.00542 486051 0.957902 1528.72 0.00232955 
0.0292 0.0110151 2.0296e+06 0 0 1.55032e+06 1.01847 -1979.84 0 0.973296 1.00255 479278 0.944577 1979.84 0.00290658 
0.03285 0.0109625 2.02955e+06 0 0 1.5586e+06 1.02394 -2520.4 0 0.96264 0.998944 470952 0.928191 2520.4 0.00360649 
0.0365 0.0108991 2.0295e+06 0 0 1.56871e+06 1.03061 -3160.47 0 0.949612 0.994399 460788 0.90818 3160.47 0.00444879 
0.04015 0.0108236 2.02945e+06 0 0 1.58097e+06 1.03869 -3907.35 0 0.933761 0.988678 448475 0.883934 3907.35 0.00545451 
0.0438 0.0107345 2.0294e+06 0 0 1.59571e+06 1.04839 -4763.18 0 0.914563 0.981473 433691 0.854816 4763.18 0.00664512 
0.04745 0.0106308 2.02935e+06 0 0 1.61323e+06 1.05993 -5721.67 0 0.891429 0.972396 416120 0.820203 5721.67 0.00804046 
0.0511 0.010512 2.0293e+06 0 0 1.63381e+06 1.07348 -6764.24 0 0.863711 0.960953 395486 0.779552 6764.24 0.00965534 
0.05475 0.0103781 2.02925e+06 0 0 1.65765e+06 1.08917 -7855.83 0 0.830731 0.946511 371597 0.732482 7855.83 0.0114944 
0.0584 0.0102302 2.0292e+06 0 0 1.6848e+06 1.10704 -8941.52 0 0.791819 0.928272 344400 0.678888 8941.52 0.0135444 
0.06205 0.0100705 2.02915e+06 0 0 1.71511e+06 1.12698 -9945.22 0 0.746386 0.905235 314043 0.619063 9945.22 0.0157639 
0.0657 0.0099026 2.0291e+06 0 0 1.74816e+06 1.14873 -10772.5 0 0.694028 0.876167 280940 0.553822 10772.5 0.0180704 
0.06935 0.00973094 2.02905e+06 0 0 1.78324e+06 1.17181 -11319.3 0 0.634676 0.839613 245810 0.484581 11319.3 0.0203253 
0.073 0.00956103 2.029e+06 0 0 1.81932e+06 1.19554 -11488 0 0.568785 0.793973 209684 0.413373 11488 0.0223243 
0.07665 0.00939868 2.02895e+06 0 0 1.8551e+06 1.21909 -11209.6 0 0.497538 0.737733 173851 0.34274 11209.6 0.0237993 
0.0803 0.00924943 2.0289e+06 0 0 1.88917e+06 1.24151 -10468 0 0.423004 0.669927 139730 0.27548 10468 0.0244497 
0.08395 0.00911785 2.02885e+06 0 0 1.92017e+06 1.26191 -9318.07 0 0.348135 0.590866 108679 0.214267 9318.07 0.0240157 
0.0876 0.00900688 2.0288e+06 0 0 1.94703e+06 1.2796 -7885.72 0 0.276485 0.502951 81765.7 0.16121 7885.72 0.0223863 
0.09125 0.00891746 2.02875e+06 0 0 1.96916e+06 1.29417 -6343.02 0 0.211588 0.411024 59585.7 0.117483 6343.02 0.0196954 
0.0949 0.00884856 2.0287e+06 0 0 1.98651e+06 1.30561 -4862.6 0 0.156168 0.321647 42187.4 0.0831811 4862.6 0.0163262 
0.09855 0.00879762 2.02865e+06 0 0 1.9995e+06 1.31418 -3572.45 0 0.111529 0.241256 29146.2 0.0574691 3572.45 0.0127876 
0.1022 0.0087613 2.0286e+06 0 0 2.00885e+06 1.32036 -2533.92 0 0.0774548 0.1742 19745.5 0.0389342 2533.92 0.00952934 
0.10585 0.00873616 2.02855e+06 0 0 2.01537e+06 1.32467 -1748.82 0 0.0526078 0.121872 13179 0.025987 1748.82 0.00681842 
0.1095 0.00871916 2.0285e+06 0 0 2.0198e+06 1.32761 -1182.81 0 0.0351362 0.0831965 8701.02 0.0171575 1182.81 0.00472897 
0.11315 0.00870787 2.02845e+06 0 0 2.02275e+06 1.32959 -788.546 0 0.0231822 0.0557744 5700.28 0.0112407 788.546 0.00320591 
0.1168 0.00870049 2.0284e+06 0 0 2.02469e+06 1.33089 -520.46 0 0.0151633 0.0369107 3714.18 0.00732436 520.46 0.00213867 
0.12045 0.00869573 2.02835e+06 0 0 2.02594e+06 1.33175 -341.165 0 0.00985828 0.0242076 2410.88 0.00475437 341.165 0.0014109 
0.1241 0.0086927 2.0283e+06 0 0 2.02674e+06 1.33231 -222.588 0 0.00638204 0.0157778 1560.69 0.00307783 222.588 0.000923725 
0.12775 0.00869081 2.02825e+06 0 0 2.02724e+06 1.33267 -144.756 0 0.00411913 0.0102391 1008.33 0.00198858 144.756 0.000601623 
0.1314 0.00868966 2.0282e+06 0 0 2.02755e+06 1.33291 -93.9261 0 0.00265274 0.00662463 650.504 0.00128292 93.9261 0.000390429 
0.13505 0.00868899 2.02815e+06 0 0 2.02773e+06 1.33306 -60.8455 0 0.00170554 0.00427675 419.169 0.000826702 60.8455 0.000252732 
0.1387 0.00868864 2.0281e+06 0 0 2.02783e+06 1.33316 -39.3677 0 0.00109511 0.00275651 269.842 0.000532207 39.3677 0.000163296 
0.14235 0.00868848 2.02805e+06 0 0 2.02788e+06 1.33322 -25.4467 0 0.000702398 0.00177442 173.567 0.000342332 25.4467 0.000105363 
0.146 0.00868846 2.028e+06 0 0 2.02789e+06 1.33326 -16.4353 0 0.000450088 0.00114104 111.556 0.000220032 16.4353 6.79073e-05 
0.14965 0.00868852 2.02795e+06 0 0 2.02788e+06 1.33329 -10.6076 0 0.000288165 0.000733093 71.6491 0.000141323 10.6076 4.37263e-05 
0.1533 0.00868864 2.0279e+06 0 0 2.02785e+06 1.3333 -6.84194 0 0.000184348 0.000470619 45.9865 9.07077e-05 6.84194 2.81329e-05 
0.15695 0.00868879 2.02785e+06 0 0 2.02782e+06 1.33331 -4.41041 0 0.000117843 0.000301896 29.4958 5.81814e-05 4.41041 1.80869e-05 
0.1606 0.00868897 2.0278e+06 0 0 2.02778e+06 1.33332 -2.84134 0 7.52747e-05 0.000193524 18.9061 3.72938e-05 2.84134 1.162e-05 
0.16425 0.00868915 2.02775e+06 0 0 2.02774e+06 1.33333 -1.82942 0 4.80482e-05 0.000123969 12.1103 2.38892e-05 1.82942 7.46023e-06 
0.1679 0.00868935 2.0277e+06 0 0 2.02769e+06 1.33333 -1.17721 0 3.06472e-05 7.93592e-05 7.75217 1.52925e-05 1.17721 4.7864e-06 
0.17155 0.00868956 2.02765e+06 0 0 2.02764e+06 1.33333 -0.757079 0 1.95341e-05 5.07676e-05 4.9591 9.78295e-06 0.757079 3.06886e-06 
0.1752 0.00868976 2.0276e+06 0 0 2.0276e+06 1.33333 -0.486601 0 1.24418e-05 3.24551e-05 3.17024 6.25418e-06 0.486601 1.96633e-06 
0.17885 0.00868997 2.02755e+06 0 0 2.02755e+06 1.33333 -0.312569 0 7.91883e-06 2.07341e-05 2.02531 3.99557e-06 0.312569 1.25907e-06 
0.1825 0.00869019 2.0275e+06 0 0 2.0275e+06 1.33333 -0.200659 0 5.03647e-06 1.32371e-05 1.29299 2.55091e-06 0.200659 8.05658e-07 
0.18615 0.0086904 2.02745e+06 0 0 2.02745e+06 1.33333 -0.128737 0 3.20095e-06 8.44509e-06 0.824909 1.62748e-06 0.128737 5.15182e-07 
0.1898 0.00869061 2.0274e+06 0 0 2.0274e+06 1.33333 -0.0825435 0 2.0329e-06 5.38417e-06 0.525919 1.03762e-06 0.0825435 3.29213e-07 
0.19345 0.00869082 2.02735e+06 0 0 2.02735e+06 1.33333 -0.0528921 0 1.29013e-06 3.43031e-06 0.335068 6.61096e-07 0.0528921 2.10232e-07 
0.1971 0.00869104 2.0273e+06 0 0 2.0273e+06 1.33333 -0.0338707 0 8.18151e-07 2.18397e-06 0.213327 4.20909e-07 0.0338707 1.3416e-07 
0.20075 0.00869125 2.02725e+06 0 0 2.02725e+06 1.33333 -0.0216761 0 5.18448e-07 1.38949e-06 0.135723 2.67798e-07 0.0216761 8.55557e-08 
0.2044 0.00869147 2.0272e+06 0 0 2.0272e+06 1.33333 -0.013863 0 3.28277e-07 8.83396e-07 0.0862889 1.70262e-07 0.013863 5.45226e-08 
0.20805 0.00869168 2.02715e+06 0 0 2.02715e+06 1.33333 -0.00886043 0 2.07693e-07 5.61229e-07 0.05482 1.08172e-07 0.00886043 3.47218e-08 
0.2117 0.0086919 2.0271e+06 0 0 2.0271e+06 1.33333 -0.00565936 0 1.31287e-07 3.56286e-07 0.0348014 6.86724e-08 0.00565936 2.20967e-08 
0.21535 0.00869211 2.02705e+06 0 0 2.02705e+06 1.33333 -0.00361239 0 8.2908e-08 2.26003e-07 0.0220756 4.3562e-08 0.00361239 1.40524e-08 
0.219 0.00869232 2.027e+06 0 0 2.027e+06 1.33333 -0.00230429 0 5.22942e-08 1.43238e-07 0.0139912 2.76097e-08 0.00230428 8.93056e-09 
0.22265 0.00869254 2.02695e+06 0 0 2.02695e+06 1.33333 -0.00146889 0 3.29361e-08 9.0695e-08 0.00885895 1.74823e-08 0.00146887 5.67159e-09 
0.2263 0.00869275 2.0269e+06 0 0 2.0269e+06 1.33333 -0.000935796 0 2.07021e-08 5.7361e-08 0.00560293 1.10571e-08 0.000935747 3.59951e-09 
0.22995 0.00869297 2.02685e+06 0 0 2.02685e+06 1.33333 -0.000595703 0 1.29765e-08 3.62274e-08 0.00353863 6.98351e-09 0.000595598 2.28288e-09 
0.2336 0.00869318 2.0268e+06 0 0 2.0268e+06 1.33333 -0.000379201 0 8.09644e-09 2.28374e-08 0.00223073 4.40246e-09 0.000378974 1.44727e-09 
0.23725 0.0086934 2.02675e+06 0 0 2.02675e+06 1.33333 -0.000241768 0 5.01814e-09 1.43618e-08 0.00140284 2.76865e-09 0.000241293 9.17305e-10 
0.2409 0.00869361 2.0267e+06 0 0 2.0267e+06 1.33333 -0.000150003 0 3.0745e-09 9.00372e-09 0.000879469 1.73577e-09 0.000149031 5.82276e-10 
0.24455 0.00869383 2.02665e+06 0 0 2.02665e+06 1.33333 -0.000114197 0 1.83608e-09 5.6376e-09 0.000550672 1.08686e-09 0.000112239 3.72683e-10 
0.2482 0.00869404 2.0266e+06 0 0 2.0266e+06 1.33333 -4.35361e-06 0 1.0262e-09 3.54032e-09 0.000345813 6.82549e-10 4.73111e-07 2.4964e-10 
0.25185 0.00869425 2.02655e+06 0 0 2.02655e+06 1.33333 -0.000213386 0 4.65e-10 2.40329e-09 0.00023475 4.63349e-10 0.000205823 1.84384e-10 
0.2555 0.00869447 2.0265e+06 0 0 2.0265e+06 1.33333 0.00072535 0 1.25033e-10 0 0.000178186 3.51711e-10 -0.000739856 1.95083e-10 
0.25915 0.00869468 2.02645e+06 0 0 2.02645e+06 1.33333 -0.00021863 0 0 0 0.000195716 3.86323e-10 0.000191237 0 
0.2628 0.0086949 2.0264e+06 0 0 2.0264e+06 1.33333 1.94567e-05 0 0 0 0.000190561 3.76156e-10 -7.0396e-05 0 
0.26645 0.00869511 2.02635e+06 0 0 2.02635e+06 1.33333 -0.000119984 0 0 0 0.000192052 3.79109e-10 2.66759e-05 0 
0.2701 0.00869533 2.0263e+06 0 0 2.0263e+06 1.33333 -0.000162924 0 0 0 0.000190995 3.77032e-10 -5.46734e-06 0 
0.27375 0.00869554 2.02625e+06 0 0 2.02625e+06 1.33333 -0.000303136 0 0 0 0.000190829 3.76713e-10 3.66907e-06 0 
0.2774 0.00869576 2.0262e+06 0 0 2.0262e+06 1.33333 -0.000525878 0 0 0 0.000190499 3.76072e-10 9.47422e-07 0 
0.28105 0.00869597 2.02615e+06 0 0 2.02615e+06 1.33333 -0.000908024 0 0 0 0.000190354 3.75794e-10 8.90994e-07 0 
0.2847 0.00869619 2.0261e+06 0 0 2.0261e+06 1.33333 -0.0015464 0 0 0 0.000190265 3.75628e-10 6.66815e-07 0 
0.28835 0.0086964 2.02605e+06 0 0 2.02605e+06 1.33333 -0.00259794 0 0 0 0.000190243 3.75595e-10 3.15178e-07 0 
0.292 0.00869662 2.026e+06 0 0 2.026e+06 1.33333 -0.00430611 0 0 0 0.000190268 3.75652e-10 1.03167e-07 0 
0.29565 0.00869683 2.02595e+06 0 0 2.02595e+06 1.33333 -0.00704206 0 0 0 0.00019032 3.75765e-10 -9.77134e-08 0 
0.2993 0.00869704 2.0259e+06 0 0 2.0259e+06 1.33333 -0.0113641 0 0 0 0.000190385 3.75902e-10 -2.13631e-07 0 
0.30295 0.00869726 2.02585e+06 0 0 2.02585e+06 1.33333 -0.0180987 0 0 0 0.000190448 3.76036e-10 -2.63574e-07 0 
0.3066 0.00869747 2.0258e+06 0 0 2.0258e+06 1.33333 -0.0284515 0 0 0 0.000190501 3.76151e-10 -2.57709e-07 0 
0.31025 0.00869769 2.02575e+06 0 0 2.02575e+06 1.33333 -0.0441541 0 0 0 0.000190541 3.76237e-10 -2.1754e-07 0 
0.3139 0.0086979 2.0257e+06 0 0 2.0257e+06 1.33333 -0.0676562 0 0 0 0.000190565 3.76295e-10 -1.62616e-07 0 
0.31755 0.00869812 2.02565e+06 0 0 2.02565e+06 1.33333 -0.10237 0 0 0 0.000190577 3.76327e-10 -1.07626e-07 0 
0.3212 0.00869833 2.0256e+06 0 0 2.0256e+06 1.33333 -0.152979 0 0 0 0.000190578 3.76338e-10 -6.10337e-08 0 
0.32485 0.00869855 2.02555e+06 0 0 2.02555e+06 1.33333 -0.225804 0 0 0 0.000190571 3.76334e-10 -2.60235e-08 0 
0.3285 0.00869876 2.0255e+06 0 0 2.0255e+06 1.33333 -0.329253 0 0 0 0.000190559 3.7632e-10 -2.14087e-09 0 
0.33215 0.00869898 2.02545e+06 0 0 2.02545e+06 1.33333 -0.474327 0 0 0 0.000190544 3.76299e-10 1.29738e-08 0 
0.3358 0.00869919 2.0254e+06 0 0 2.0254e+06 1.33333 -0.675186 0 0 0 0.000190526 3.76274e-10 2.22687e-08 0 
0.33945 0.00869941 2.02535e+06 0 0 2.02535e+06 1.33333 -0.949757 0 0 0 0.000190508 3.76246e-10 2.84357e-08 0 
0.3431 0.00869962 2.0253e+06 0 0 2.0253e+06 1.33333 -1.32035 0 0 0 0.000190488 3.76216e-10 3.34908e-08 0 
0.34675 0.00869984 2.02525e+06 0 0 2.02525e+06 1.33333 -1.81424 0 0 0 0.000190468 3.76186e-10 3.86523e-08 0 
0.3504 0.00870005 2.0252e+06 0 0 2.0252e+06 1.33333 -2.46416 0 0 0 0.000190448 3.76156e-10 4.43964e-08 0 
0.35405 0.00870027 2.02515e+06 0 0 2.02515e+06 1.33333 -3.30862 0 0 0 0.000190429 3.76128e-10 5.0596e-08 0 
0.3577 0.00870048 2.02511e+06 0 0 2.02511e+06 1.33333 -4.392 0 0 0 0.000190413 3.76104e-10 5.668e-08 0 
0.36135 0.0087007 2.02506e+06 0 0 2.02506e+06 1.33333 -5.76432 0 0 0 0.0001904 3.76087e-10 6.17821e-08 0 
0.365 0.00870091 2.02501e+06 0 0 2.02501e+06 1.33333 -7.48049 0 0 0 0.000190392 3.76081e-10 6.48705e-08 0 


0 0.0112 2.03e+06 0 0 1.5225e+06 1 0 0 1.01141 1.01407 507500 1 0 0.00026555 
0.00365 0.0111938 2.02995e+06 0 0 1.52336e+06 1.00059 -70.7215 0 1.01014 1.01372 506588 0.998227 70.7215 0.000356295 
0.0073 0.0111859 2.0299e+06 0 0 1.5245e+06 1.00136 -160.133 0 1.00853 1.01325 505403 0.995916 160.133 0.000469512 
0.01095 0.0111757 2.02985e+06 0 0 1.52597e+06 1.00235 -272.603 0 1.00651 1.01265 503879 0.992938 272.603 0.000611098 
0.0146 0.0111628 2.0298e+06 0 0 1.52787e+06 1.00362 -413.415 0 1.00395 1.01188 501934 0.989129 413.415 0.000788145 
0.01825 0.0111466 2.02975e+06 0 0 1.53028e+06 1.00523 -588.883 0 1.00075 1.0109 499468 0.984295 588.883 0.00100929 
0.0219 0.0111263 2.0297e+06 0 0 1.53334e+06 1.00727 -806.416 0 0.996726 1.00965 496362 0.978199 806.416 0.0012845 
0.02555 0.0111011 2.02965e+06 0 0 1.53718e+06 1.00981 -1074.54 0 0.991716 1.00807 492472 0.970556 1074.54 0.001625 
0.0292 0.0110699 2.0296e+06 0 0 1.54197e+06 1.01299 -1402.83 0 0.985504 1.00607 487628 0.961032 1402.83 0.00204344 
0.03285 0.0110316 2.02955e+06 0 0 1.54792e+06 1.01692 -1801.72 0 0.977843 1.00355 481629 0.949233 1801.72 0.00255418 
0.0365 0.0109849 2.0295e+06 0 0 1.55526e+06 1.02177 -2282.07 0 0.968434 1.00038 474244 0.934701 2282.07 0.00317368 
0.04015 0.0109284 2.02945e+06 0 0 1.56424e+06 1.02769 -2854.4 0 0.956925 0.996396 465210 0.916918 2854.4 0.00392064 
0.0438 0.0108608 2.0294e+06 0 0 1.57517e+06 1.0349 -3527.59 0 0.9429 0.991384 454233 0.895306 3527.59 0.00481563 
0.04745 0.0107805 2.02935e+06 0 0 1.58835e+06 1.04358 -4306.96 0 0.925874 0.985083 441002 0.869248 4306.96 0.00588038 
0.0511 0.0106864 2.0293e+06 0 0 1.6041e+06 1.05396 -5191.56 0 0.905297 0.977158 425196 0.838114 5191.56 0.00713624 
0.05475 0.0105775 2.02925e+06 0 0 1.62274e+06 1.06623 -6170.69 0 0.880553 0.96718 406515 0.80131 6170.69 0.00860171 
0.0584 0.0104536 2.0292e+06 0 0 1.64449e+06 1.08055 -7219.93 0 0.85098 0.954607 384712 0.758351 7219.93 0.0102884 
0.06205 0.0103151 2.02915e+06 0 0 1.66951e+06 1.09702 -8297.23 0 0.815896 0.938748 359644 0.708955 8297.23 0.0121953 
0.0657 0.0101634 2.0291e+06 0 0 1.69777e+06 1.11561 -9340.19 0 0.774652 0.918731 331330 0.653157 9340.19 0.0142998 
0.06935 0.0100012 2.02905e+06 0 0 1.72904e+06 1.13619 -10266.2 0 0.726714 0.893471 300014 0.591438 10266.2 0.0165467 
0.073 0.0098325 2.029e+06 0 0 1.76278e+06 1.15839 -10977.3 0 0.671789 0.861654 266220 0.52483 10977.3 0.018834 
0.07665 0.00966207 2.02895e+06 0 0 1.79817e+06 1.18167 -11371.6 0 0.609984 0.821761 230783 0.45498 11371.6 0.0209999 
0.0803 0.00949556 2.0289e+06 0 0 1.83407e+06 1.2053 -11361.4 0 0.542008 0.772203 194833 0.384115 11361.4 0.0228157 
0.08395 0.00933871 2.02885e+06 0 0 1.86913e+06 1.22837 -10896.9 0 0.469367 0.711627 159715 0.314888 10896.9 0.0239977 
0.0876 0.00919673 2.0288e+06 0 0 1.90196e+06 1.24998 -9988.61 0 0.394471 0.639483 126836 0.250072 9988.61 0.0242531 
0.09125 0.00907358 2.02875e+06 0 0 1.93129e+06 1.26928 -8719.3 0 0.320544 0.556813 97455.8 0.19215 8719.3 0.0233683 
0.0949 0.00897145 2.0287e+06 0 0 1.95623e+06 1.2857 -7235.17 0 0.251203 0.466955 72467.9 0.142885 7235.17 0.0213193 
0.09855 0.00889052 2.02865e+06 0 0 1.97639e+06 1.29899 -5711.75 0 0.189748 0.37553 52255.3 0.103035 5711.75 0.0183402 
0.1022 0.00882912 2.0286e+06 0 0 1.99193e+06 1.30923 -4306.37 0 0.138402 0.289247 36671.5 0.072309 4306.37 0.0148774 
0.10585 0.00878433 2.02855e+06 0 0 2.00339e+06 1.31679 -3120.57 0 0.0978723 0.213877 25162.3 0.0496164 3120.57 0.0114318 
0.1095 0.00875274 2.0285e+06 0 0 2.01154e+06 1.32218 -2190.09 0 0.067462 0.152629 16963.5 0.0334503 2190.09 0.00838716 
0.11315 0.00873106 2.02845e+06 0 0 2.01716e+06 1.32591 -1500.04 0 0.0455824 0.105841 11286.4 0.0222563 1500.04 0.00593102 
0.1168 0.00871648 2.0284e+06 0 0 2.02096e+06 1.32844 -1009.33 0 0.030346 0.0718109 7438.3 0.0146683 1009.33 0.00407963 
0.12045 0.00870685 2.02835e+06 0 0 2.02348e+06 1.33013 -670.702 0 0.0199888 0.0479548 4869.48 0.00960283 670.702 0.00275073 
0.1241 0.00870057 2.0283e+06 0 0 2.02513e+06 1.33125 -441.851 0 0.0130684 0.0316671 3172.94 0.00625734 441.851 0.001829 
0.12775 0.00869654 2.02825e+06 0 0 2.02619e+06 1.33198 -289.376 0 0.00849954 0.0207498 2060.75 0.00406409 289.376 0.00120452 
0.1314 0.00869398 2.0282e+06 0 0 2.02686e+06 1.33246 -188.758 0 0.00550787 0.0135238 1335.31 0.0026335 188.758 0.000788095 
0.13505 0.0086924 2.02815e+06 0 0 2.02729e+06 1.33277 -122.787 0 0.00355997 0.00878166 863.8 0.00170362 122.787 0.00051334 
0.1387 0.00869144 2.0281e+06 0 0 2.02754e+06 1.33297 -79.7184 0 0.00229662 0.0056876 558.075 0.00110069 79.7184 0.000333345 
0.14235 0.0086909 2.02805e+06 0 0 2.02769e+06 1.3331 -51.6848 0 0.00147948 0.0036768 360.195 0.000710426 51.6848 0.000215994 
0.146 0.00869063 2.028e+06 0 0 2.02777e+06 1.33318 -33.4745 0 0.000951995 0.00237358 232.286 0.000458157 33.4745 0.000139735 
0.14965 0.00869053 2.02795e+06 0 0 2.0278e+06 1.33323 -21.6625 0 0.000611999 0.00153061 149.69 0.000295254 21.6625 9.02924e-05 
0.1533 0.00869054 2.0279e+06 0 0 2.0278e+06 1.33327 -14.009 0 0.000393105 0.000986138 96.3999 0.000190147 14.009 5.82885e-05 
0.15695 0.00869063 2.02785e+06 0 0 2.02779e+06 1.33329 -9.05407 0 0.000252314 0.000634854 62.0428 0.000122382 9.05407 3.75983e-05 
0.1606 0.00869076 2.0278e+06 0 0 2.02776e+06 1.33331 -5.8485 0 0.000161834 0.00040842 39.9068 7.87194e-05 5.8485 2.42352e-05 
0.16425 0.00869092 2.02775e+06 0 0 2.02772e+06 1.33332 -3.77589 0 0.00010373 0.000262578 25.6536 5.0605e-05 3.77589 1.56116e-05 
0.1679 0.00869109 2.0277e+06 0 0 2.02768e+06 1.33332 -2.43654 0 6.64434e-05 0.000168709 16.4814 3.25126e-05 2.43654 1.00503e-05 
0.17155 0.00869129 2.02765e+06 0 0 2.02764e+06 1.33333 -1.57149 0 4.25322e-05 0.000108331 10.5825 2.08764e-05 1.57149 6.46631e-06 
0.1752 0.00869149 2.0276e+06 0 0 2.02759e+06 1.33333 -1.01305 0 2.72084e-05 6.95195e-05 6.79093 1.3397e-05 1.01305 4.15794e-06 
0.17885 0.00869169 2.02755e+06 0 0 2.02755e+06 1.33333 -0.652728 0 1.73943e-05 4.45861e-05 4.35526 8.59216e-06 0.652728 2.67207e-06 
0.1825 0.0086919 2.0275e+06 0 0 2.0275e+06 1.33333 -0.420349 0 1.1113e-05 2.8578e-05 2.79151 5.5073e-06 0.420349 1.71618e-06 
0.18615 0.00869211 2.02745e+06 0 0 2.02745e+06 1.33333 -0.27056 0 7.09529e-06 1.83063e-05 1.78816 3.52789e-06 0.27056 1.1016e-06 
0.1898 0.00869232 2.0274e+06 0 0 2.0274e+06 1.33333 -0.174055 0 4.52717e-06 1.17194e-05 1.14474 2.25854e-06 0.174055 7.06689e-07 
0.19345 0.00869254 2.02735e+06 0 0 2.02735e+06 1.33333 -0.111912 0 2.88668e-06 7.49798e-06 0.732395 1.44503e-06 0.111912 4.53078e-07 
0.1971 0.00869275 2.0273e+06 0 0 2.0273e+06 1.33333 -0.071917 0 1.83942e-06 4.79418e-06 0.46829 9.23968e-07 0.071917 2.90306e-07 
0.20075 0.00869296 2.02725e+06 0 0 2.02725e+06 1.33333 -0.0461898 0 1.17131e-06 3.06347e-06 0.299236 5.90427e-07 0.0461898 1.85898e-07 
0.2044 0.00869318 2.0272e+06 0 0 2.0272e+06 1.33333 -0.0296495 0 7.45362e-07 1.95631e-06 0.19109 3.77052e-07 0.0296495 1.18967e-07 
0.20805 0.00869339 2.02715e+06 0 0 2.02715e+06 1.33333 -0.0190215 0 4.73978e-07 1.24849e-06 0.121951 2.40635e-07 0.0190215 7.60873e-08 
0.2117 0.00869361 2.0271e+06 0 0 2.0271e+06 1.33333 -0.0121961 0 3.01184e-07 7.96247e-07 0.0777762 1.53473e-07 0.0121961 4.86325e-08 
0.21535 0.00869382 2.02705e+06 0 0 2.02705e+06 1.33333 -0.00781529 0 1.91235e-07 5.07478e-07 0.0495697 9.78165e-08 0.0078153 3.10649e-08 
0.219 0.00869403 2.027e+06 0 0 2.027e+06 1.33333 -0.00500514 0 1.2132e-07 3.23208e-07 0.0315704 6.22998e-08 0.00500514 1.98308e-08 
0.22265 0.00869425 2.02695e+06 0 0 2.02695e+06 1.33333 -0.00320354 0 7.689e-08 2.05693e-07 0.0200918 3.96493e-08 0.00320354 1.26514e-08 
0.2263 0.00869446 2.0269e+06 0 0 2.0269e+06 1.33333 -0.0020492 0 4.8673e-08 1.30797e-07 0.012776 2.5213e-08 0.0020492 8.06612e-09 
0.22995 0.00869468 2.02685e+06 0 0 2.02685e+06 1.33333 -0.00131002 0 3.07644e-08 8.30929e-08 0.00811638 1.60177e-08 0.00131002 5.13941e-09 
0.2336 0.00869489 2.0268e+06 0 0 2.0268e+06 1.33333 -0.000836914 0 1.94027e-08 5.27266e-08 0.00515025 1.01643e-08 0.000836916 3.27275e-09 
0.23725 0.00869511 2.02675e+06 0 0 2.02675e+06 1.33333 -0.000534346 0 1.22008e-08 3.34089e-08 0.00326333 6.44052e-09 0.000534348 2.08277e-09 
0.2409 0.00869532 2.0267e+06 0 0 2.0267e+06 1.33333 -0.000340634 0 7.63742e-09 2.11275e-08 0.0020637 4.07303e-09 0.000340635 1.32477e-09 
0.24455 0.00869554 2.02665e+06 0 0 2.02665e+06 1.33333 -0.000217792 0 4.74263e-09 1.33255e-08 0.00130162 2.569e-09 0.00021779 8.42817e-10 
0.2482 0.00869575 2.0266e+06 0 0 2.0266e+06 1.33333 -0.000133769 0 2.90136e-09 8.37538e-09 0.000818094 1.61471e-09 0.000133763 5.37765e-10 
0.25185 0.00869596 2.02655e+06 0 0 2.02655e+06 1.33333 -0.000102017 0 1.73067e-09 5.25864e-09 0.000513656 1.01385e-09 0.000102002 3.46008e-10 
0.2555 0.00869618 2.0265e+06 0 0 2.0265e+06 1.33333 1.00239e-05 0 9.62214e-10 3.32525e-09 0.000324805 6.41116e-10 -1.00576e-05 2.34086e-10 
0.25915 0.00869639 2.02645e+06 0 0 2.02645e+06 1.33333 -0.000184238 0 4.10977e-10 2.24066e-09 0.000218864 4.32014e-10 0.000184164 1.77326e-10 
0.2628 0.00869661 2.0264e+06 0 0 2.0264e+06 1.33333 -0.000126358 0 9.23078e-11 0 0.000202095 3.98924e-10 0.000126207 -9.01386e-12 
0.26645 0.00869682 2.02635e+06 0 0 2.02635e+06 1.33333 -0.000161637 0 0 0 0.000188932 3.72951e-10 0.000161329 0 
0.2701 0.00869704 2.0263e+06 0 0 2.0263e+06 1.33333 8.15675e-05 0 0 0 0.000190704 3.76457e-10 -8.21815e-05 0 
0.27375 0.00869725 2.02625e+06 0 0 2.02625e+06 1.33333 -2.33508e-05 0 0 0 0.000191364 3.7777e-10 2.21553e-05 0 
0.2774 0.00869747 2.0262e+06 0 0 2.0262e+06 1.33333 4.49913e-06 0 0 0 0.00019071 3.76488e-10 -6.80306e-06 0 
0.28105 0.00869768 2.02615e+06 0 0 2.02615e+06 1.33333 -7.2949e-06 0 0 0 0.000190693 3.76463e-10 2.92344e-06 0 
0.2847 0.0086979 2.0261e+06 0 0 2.0261e+06 1.33333 -8.96737e-06 0 0 0 0.000190419 3.75932e-10 7.86706e-07 0 
0.28835 0.00869811 2.02605e+06 0 0 2.02605e+06 1.33333 -1.60629e-05 0 0 0 0.000190295 3.75696e-10 9.80689e-07 0 
0.292 0.00869833 2.026e+06 0 0 2.026e+06 1.33333 -2.79985e-05 0 0 0 0.000190224 3.75566e-10 5.58359e-07 0 
0.29565 0.00869854 2.02595e+06 0 0 2.02595e+06 1.33333 -4.94715e-05 0 0 0 0.000190219 3.75566e-10 2.19271e-07 0 
0.2993 0.00869876 2.0259e+06 0 0 2.0259e+06 1.33333 -8.71759e-05 0 0 0 0.00019025 3.75636e-10 -5.75118e-08 0 
0.30295 0.00869897 2.02585e+06 0 0 2.02585e+06 1.33333 -0.0001523 0 0 0 0.000190296 3.75736e-10 -1.86461e-07 0 
0.3066 0.00869918 2.0258e+06 0 0 2.0258e+06 1.33333 -0.000262895 0 0 0 0.00019034 3.75831e-10 -2.22835e-07 0 
0.31025 0.0086994 2.02575e+06 0 0 2.02575e+06 1.33333 -0.000448051 0 0 0 0.000190373 3.75907e-10 -1.92705e-07 0 
0.3139 0.00869961 2.0257e+06 0 0 2.0257e+06 1.33333 -0.000753887 0 0 0 0.000190395 3.75958e-10 -1.38439e-07 0 
0.31755 0.00869983 2.02565e+06 0 0 2.02565e+06 1.33333 -0.00125258 0 0 0 0.000190405 3.75988e-10 -8.26089e-08 0 
0.3212 0.00870004 2.0256e+06 0 0 2.0256e+06 1.33333 -0.00205549 0 0 0 0.000190408 3.76003e-10 -3.82913e-08 0 
0.32485 0.00870026 2.02555e+06 0 0 2.02555e+06 1.33333 -0.00333205 0 0 0 0.000190407 3.7601e-10 -9.43047e-09 0 
0.3285 0.00870047 2.0255e+06 0 0 2.0255e+06 1.33333 -0.0053366 0 0 0 0.000190405 3.76015e-10 4.94445e-09 0 
0.33215 0.00870069 2.02545e+06 0 0 2.02545e+06 1.33333 -0.00844565 0 0 0 0.000190403 3.76021e-10 8.19182e-09 0 
0.3358 0.0087009 2.0254e+06 0 0 2.0254e+06 1.33333 -0.0132092 0 0 0 0.000190403 3.7603e-10 4.27946e-09 0 
0.33945 0.00870112 2.02535e+06 0 0 2.02535e+06 1.33333 -0.0204195 0 0 0 0.000190404 3.76043e-10 -3.21535e-09 0 
0.3431 0.00870133 2.0253e+06 0 0 2.0253e+06 1.33333 -0.0312028 0 0 0 0.000190408 3.76058e-10 -1.15684e-08 0 
0.34675 0.00870155 2.02525e+06 0 0 2.02525e+06 1.33333 -0.0471381 0 0 0 0.000190412 3.76077e-10 -1.90241e-08 0 
0.3504 0.00870176 2.0252e+06 0 0 2.0252e+06 1.33333 -0.0704091 0 0 0 0.000190417 3.76096e-10 -2.4705e-08 0 
0.35405 0.00870198 2.02515e+06 0 0 2.02515e+06 1.33333 -0.103994 0 0 0 0.000190422 3.76115e-10 -2.84215e-08 0 
0.3577 0.00870219 2.0251e+06 0 0 2.0251e+06 1.33333 -0.151901 0 0 0 0.000190427 3.76134e-10 -3.04496e-08 0 
0.36135 0.00870241 2.02505e+06 0 0 2.02505e+06 1.33333 -0.219443 0 0 0 0.000190431 3.7615e-10 -3.13102e-08 0 
0.365 0.00870262 2.025e+06 0 0 2.025e+06 1.33333 -0.313572 0 0 0 0.000190433 3.76163e-10 -3.15572e-08 0 


0 0.0112 2.03e+06 0 0 1.5225e+06 1 0 0 1.01245 1.01407 507500 1 0 0.000161871 
0.00365 0.0111959 2.02995e+06 0 0 1.52307e+06 1.0004 -47.6107 0 1.01156 1.01383 506878 0.9988 47.6107 0.000225957 
0.0073 0.0111906 2.0299e+06 0 0 1.52384e+06 1.00093 -108.612 0 1.01043 1.01351 506064 0.997219 108.612 0.000306197 
0.01095 0.0111836 2.02985e+06 0 0 1.52484e+06 1.00161 -186.188 0 1.00901 1.0131 505007 0.995162 186.188 0.000406809 
0.0146 0.0111747 2.0298e+06 0 0 1.52615e+06 1.0025 -284.225 0 1.0072 1.01256 503651 0.992514 284.225 0.0005329 
0.01825 0.0111634 2.02975e+06 0 0 1.52783e+06 1.00362 -407.415 0 1.00493 1.01188 501922 0.989131 407.415 0.000690716 
0.0219 0.0111491 2.0297e+06 0 0 1.52997e+06 1.00505 -561.364 0 1.00208 1.01101 499733 0.984842 561.364 0.000887569 
0.02555 0.0111312 2.02965e+06 0 0 1.53267e+06 1.00685 -752.669 0 0.99851 1.0099 496978 0.979435 752.669 0.00113185 
0.0292 0.0111089 2.0296e+06 0 0 1.53607e+06 1.00911 -988.991 0 0.994077 1.0085 493529 0.972662 988.991 0.0014332 
0.03285 0.0110814 2.02955e+06 0 0 1.54032e+06 1.01193 -1279.06 0 0.988592 1.00674 489234 0.964221 1279.06 0.00180283 
0.0365 0.0110474 2.0295e+06 0 0 1.54559e+06 1.01541 -1632.6 0 0.98183 1.00452 483914 0.95376 1632.6 0.00225387 
0.04015 0.0110059 2.02945e+06 0 0 1.55209e+06 1.01971 -2060.05 0 0.973525 1.00173 477358 0.940863 2060.05 0.00280165 
0.0438 0.0109556 2.0294e+06 0 0 1.56007e+06 1.02498 -2572.01 0 0.963356 0.998227 469326 0.925053 2572.01 0.00346374 
0.04745 0.0108951 2.02935e+06 0 0 1.56981e+06 1.0314 -3178.3 0 0.950943 0.993831 459542 0.905792 3178.3 0.00425982 
0.0511 0.0108228 2.0293e+06 0 0 1.58159e+06 1.03917 -3886.44 0 0.935843 0.988313 447708 0.882488 3886.44 0.00521113 
0.05475 0.0107376 2.02925e+06 0 0 1.59574e+06 1.04849 -4699.45 0 0.917545 0.981382 433509 0.85452 4699.45 0.00633951 
0.0584 0.0106382 2.0292e+06 0 0 1.61257e+06 1.05958 -5612.83 0 0.895473 0.972669 416631 0.821271 5612.83 0.00766553 
0.06205 0.010524 2.02915e+06 0 0 1.63236e+06 1.0726 -6610.95 0 0.868989 0.961704 396793 0.782186 6610.95 0.00920559 
0.0657 0.0103949 2.0291e+06 0 0 1.65531e+06 1.08772 -7663.05 0 0.837419 0.947891 373785 0.736849 7663.05 0.0109672 
0.06935 0.0102517 2.02905e+06 0 0 1.68153e+06 1.10497 -8719.69 0 0.800087 0.930474 347523 0.685094 8719.69 0.012942 
0.073 0.0100964 2.029e+06 0 0 1.71089e+06 1.12429 -9711.05 0 0.756379 0.908501 318105 0.627118 9711.05 0.0150964 
0.07665 0.00993214 2.02895e+06 0 0 1.74307e+06 1.14547 -10548.6 0 0.705837 0.880803 285880 0.563601 10548.6 0.017359 
0.0803 0.00976308 2.0289e+06 0 0 1.77741e+06 1.16806 -11132.6 0 0.648301 0.845984 251486 0.495808 11132.6 0.0196065 
0.08395 0.00959445 2.02885e+06 0 0 1.81298e+06 1.19146 -11365.5 0 0.584089 0.802484 215873 0.425607 11365.5 0.0216521 
0.0876 0.00943194 2.0288e+06 0 0 1.84854e+06 1.21487 -11173.1 0 0.514197 0.74877 180261 0.355403 11173.1 0.0232443 
0.09125 0.00928113 2.02875e+06 0 0 1.88272e+06 1.23736 -10527.7 0 0.440474 0.683736 146028 0.287917 10527.7 0.0240903 
0.0949 0.00914679 2.0287e+06 0 0 1.91416e+06 1.25805 -9467.69 0 0.365664 0.607372 114540 0.22584 9467.69 0.0239183 
0.09855 0.00903222 2.02865e+06 0 0 1.94172e+06 1.2762 -8102.2 0 0.293201 0.52156 86927.8 0.1714 8102.2 0.0225779 
0.1022 0.00893884 2.0286e+06 0 0 1.96471e+06 1.29134 -6592.32 0 0.22666 0.430577 63891.6 0.125982 6592.32 0.0201423 
0.10585 0.00886606 2.02855e+06 0 0 1.98295e+06 1.30336 -5109.95 0 0.168992 0.340637 45600.9 0.0899182 5109.95 0.0169384 
0.1095 0.00881168 2.0285e+06 0 0 1.99677e+06 1.31247 -3791.98 0 0.121851 0.258282 31733.5 0.0625753 3791.98 0.0134514 
0.11315 0.00877252 2.02845e+06 0 0 2.00681e+06 1.31911 -2712.82 0 0.0853653 0.188379 21635.2 0.0426635 2712.82 0.0101489 
0.1168 0.00874518 2.0284e+06 0 0 2.01388e+06 1.32379 -1885.59 0 0.05843 0.132965 14520 0.0286335 1885.59 0.00733861 
0.12045 0.00872656 2.02835e+06 0 0 2.01872e+06 1.327 -1282.63 0 0.0392902 0.0914585 9632.72 0.0189962 1282.63 0.00513404 
0.1241 0.00871412 2.0283e+06 0 0 2.02196e+06 1.32917 -859.062 0 0.0260793 0.061708 6337.94 0.012499 859.062 0.00350514 
0.12775 0.00870593 2.02825e+06 0 0 2.0241e+06 1.33061 -569.185 0 0.0171516 0.0410634 4146.13 0.00817677 569.185 0.00235186 
0.1314 0.00870061 2.0282e+06 0 0 2.0255e+06 1.33156 -374.338 0 0.0112078 0.0270627 2701.47 0.00532782 374.338 0.00155916 
0.13505 0.00869721 2.02815e+06 0 0 2.02639e+06 1.33218 -244.955 0 0.00729112 0.0177173 1755.28 0.00346183 244.955 0.00102517 
0.1387 0.00869507 2.0281e+06 0 0 2.02696e+06 1.33259 -159.744 0 0.00472842 0.0115462 1138.24 0.00224495 159.744 0.000670314 
0.14235 0.00869375 2.02805e+06 0 0 2.02731e+06 1.33285 -103.93 0 0.00305967 0.00750086 737.06 0.00145373 103.93 0.000436624 
0.146 0.00869297 2.028e+06 0 0 2.02752e+06 1.33302 -67.5066 0 0.00197665 0.00486208 476.76 0.000940356 67.5066 0.00028366 
0.14965 0.00869254 2.02795e+06 0 0 2.02764e+06 1.33313 -43.7964 0 0.00127542 0.00314659 308.124 0.000607754 43.7964 0.000183944 
0.1533 0.00869234 2.0279e+06 0 0 2.0277e+06 1.3332 -28.3887 0 0.000822146 0.00203395 198.994 0.000392513 28.3887 0.000119121 
0.15695 0.00869228 2.02785e+06 0 0 2.02772e+06 1.33325 -18.3886 0 0.000529529 0.00131351 128.436 0.000253343 18.3886 7.70638e-05 
0.1606 0.00869232 2.0278e+06 0 0 2.02772e+06 1.33328 -11.9042 0 0.000340815 0.0008476 82.848 0.000163424 11.9042 4.98147e-05 
0.16425 0.00869243 2.02775e+06 0 0 2.0277e+06 1.3333 -7.70244 0 0.000219211 0.000546585 53.4128 0.000105364 7.70244 3.21785e-05 
0.1679 0.00869257 2.0277e+06 0 0 2.02767e+06 1.33331 -4.98144 0 0.000140909 0.000352259 34.4177 6.78951e-05 4.98144 2.07736e-05 
0.17155 0.00869274 2.02765e+06 0 0 2.02763e+06 1.33332 -3.22023 0 9.05221e-05 0.000226892 22.1664 4.37283e-05 3.22023 1.34035e-05 
0.1752 0.00869292 2.0276e+06 0 0 2.02759e+06 1.33332 -2.08081 0 5.8119e-05 0.000146062 14.2688 2.81491e-05 2.08081 8.64352e-06 
0.17885 0.00869312 2.02755e+06 0 0 2.02754e+06 1.33333 -1.34397 0 3.72932e-05 9.39776e-05 9.18027 1.81111e-05 1.34397 5.57109e-06 
0.1825 0.00869332 2.0275e+06 0 0 2.02749e+06 1.33333 -0.867675 0 2.39161e-05 6.04338e-05 5.90336 1.16466e-05 0.867675 3.58896e-06 
0.18615 0.00869352 2.02745e+06 0 0 2.02745e+06 1.33333 -0.559932 0 1.53285e-05 3.88423e-05 3.79417 7.4856e-06 0.559932 2.31087e-06 
0.1898 0.00869373 2.0274e+06 0 0 2.0274e+06 1.33333 -0.361177 0 9.81873e-06 2.49515e-05 2.43727 4.80867e-06 0.361177 1.48716e-06 
0.19345 0.00869394 2.02735e+06 0 0 2.02735e+06 1.33333 -0.232867 0 6.28575e-06 1.60197e-05 1.5648 3.08738e-06 0.232867 9.56573e-07 
0.1971 0.00869416 2.0273e+06 0 0 2.0273e+06 1.33333 -0.150071 0 4.02162e-06 1.02796e-05 1.00411 1.98117e-06 0.150071 6.14964e-07 
0.20075 0.00869437 2.02725e+06 0 0 2.02725e+06 1.33333 -0.0966674 0 2.5715e-06 6.59265e-06 0.643964 1.27062e-06 0.0966674 3.95141e-07 
0.2044 0.00869458 2.0272e+06 0 0 2.0272e+06 1.33333 -0.062238 0 1.64327e-06 4.22573e-06 0.412764 8.14452e-07 0.062238 2.53759e-07 
0.20805 0.0086948 2.02715e+06 0 0 2.02715e+06 1.33333 -0.0400516 0 1.04945e-06 2.70706e-06 0.264422 5.21761e-07 0.0400516 1.62875e-07 
0.2117 0.00869501 2.0271e+06 0 0 2.0271e+06 1.33333 -0.0257614 0 6.69796e-07 1.73319e-06 0.169295 3.34064e-07 0.0257614 1.04484e-07 
0.21535 0.00869523 2.02705e+06 0 0 2.02705e+06 1.33333 -0.0165615 0 4.27207e-07 1.10902e-06 0.108327 2.13763e-07 0.0165615 6.69895e-08 
0.219 0.00869544 2.027e+06 0 0 2.027e+06 1.33333 -0.0106417 0 2.72292e-07 7.092e-07 0.0692736 1.36702e-07 0.0106417 4.29259e-08 
0.22265 0.00869565 2.02695e+06 0 0 2.02695e+06 1.33333 -0.0068343 0 1.73423e-07 4.5324e-07 0.0442718 8.73663e-08 0.00683431 2.74908e-08 
0.2263 0.00869587 2.0269e+06 0 0 2.0269e+06 1.33333 -0.00438684 0 1.10361e-07 2.89467e-07 0.0282747 5.5799e-08 0.00438684 1.75958e-08 
0.22995 0.00869608 2.02685e+06 0 0 2.02685e+06 1.33333 -0.00281436 0 7.01613e-08 1.84739e-07 0.018045 3.5612e-08 0.00281436 1.1256e-08 
0.2336 0.0086963 2.0268e+06 0 0 2.0268e+06 1.33333 -0.00180458 0 4.45491e-08 1.17806e-07 0.0115071 2.27099e-08 0.00180459 7.19638e-09 
0.23725 0.00869651 2.02675e+06 0 0 2.02675e+06 1.33333 -0.00115646 0 2.82417e-08 7.50521e-08 0.00733097 1.44684e-08 0.00115647 4.59825e-09 
0.2409 0.00869673 2.0267e+06 0 0 2.0267e+06 1.33333 -0.000740715 0 1.7864e-08 4.77583e-08 0.00466495 9.20699e-09 0.000740718 2.93644e-09 
0.24455 0.00869694 2.02665e+06 0 0 2.02665e+06 1.33333 -0.00047402 0 1.12607e-08 3.03433e-08 0.00296388 5.84982e-09 0.000474024 1.87438e-09 
0.2482 0.00869716 2.0266e+06 0 0 2.0266e+06 1.33333 -0.000302926 0 7.05854e-09 1.92384e-08 0.00187918 3.70902e-09 0.000302928 1.19634e-09 
0.25185 0.00869737 2.02655e+06 0 0 2.02655e+06 1.33333 -0.000192289 0 4.38925e-09 1.21645e-08 0.00118821 2.34529e-09 0.000192291 7.63772e-10 
0.2555 0.00869759 2.0265e+06 0 0 2.0265e+06 1.33333 -0.000121407 0 2.68766e-09 7.66871e-09 0.000749068 1.47855e-09 0.000121408 4.89364e-10 
0.25915 0.0086978 2.02645e+06 0 0 2.02645e+06 1.33333 -6.08081e-05 0 1.59601e-09 4.8257e-09 0.000471367 9.30429e-10 6.08105e-05 3.182e-10 
0.2628 0.00869801 2.0264e+06 0 0 2.0264e+06 1.33333 -7.52085e-05 0 8.70201e-10 3.11965e-09 0.000304723 6.01506e-10 7.52125e-05 2.17534e-10 
0.26645 0.00869823 2.02635e+06 0 0 2.02635e+06 1.33333 0.00021951 0 3.27631e-10 2.09221e-09 0.000204364 4.03413e-10 -0.00021951 1.81983e-10 
0.2701 0.00869844 2.0263e+06 0 0 2.0263e+06 1.33333 -0.000607129 0 6.82167e-11 0 0.000195846 3.86608e-10 0.000607132 -6.78697e-12 
0.27375 0.00869866 2.02625e+06 0 0 2.02625e+06 1.33333 0.000283025 0 0 0 0.000188205 3.71534e-10 -0.000283025 0 
0.2774 0.00869887 2.0262e+06 0 0 2.0262e+06 1.33333 -5.18257e-05 0 0 0 0.000192586 3.80192e-10 5.18207e-05 0 
0.28105 0.00869909 2.02615e+06 0 0 2.02615e+06 1.33333 1.04096e-05 0 0 0 0.000190468 3.7602e-10 -1.04202e-05 0 
0.2847 0.0086993 2.0261e+06 0 0 2.0261e+06 1.33333 -9.55842e-06 0 0 0 0.000190464 3.76022e-10 9.53708e-06 0 
0.28835 0.00869952 2.02605e+06 0 0 2.02605e+06 1.33333 -2.44093e-06 0 0 0 0.000190007 3.75129e-10 2.39068e-06 0 
0.292 0.00869973 2.026e+06 0 0 2.026e+06 1.33333 -5.16294e-07 0 0 0 0.000190047 3.75216e-10 4.22677e-07 0 
0.29565 0.00869995 2.02595e+06 0 0 2.02595e+06 1.33333 4.236e-07 0 0 0 0.000190191 3.7551e-10 -6.12923e-07 0 
0.2993 0.00870016 2.0259e+06 0 0 2.0259e+06 1.33333 4.89383e-07 0 0 0 0.000190368 3.75869e-10 -8.55335e-07 0 
0.30295 0.00870038 2.02585e+06 0 0 2.02585e+06 1.33333 7.37563e-08 0 0 0 0.000190514 3.76165e-10 -7.70773e-07 0 
0.3066 0.00870059 2.0258e+06 0 0 2.0258e+06 1.33333 -7.25602e-07 0 0 0 0.000190611 3.76366e-10 -5.84877e-07 0 
0.31025 0.00870081 2.02575e+06 0 0 2.02575e+06 1.33333 -2.04724e-06 0 0 0 0.000190661 3.76476e-10 -3.86754e-07 0 
0.3139 0.00870102 2.0257e+06 0 0 2.0257e+06 1.33333 -4.25195e-06 0 0 0 0.000190674 3.76511e-10 -2.05544e-07 0 
0.31755 0.00870124 2.02565e+06 0 0 2.02565e+06 1.33333 -7.99957e-06 0 0 0 0.000190661 3.76493e-10 -6.69455e-08 0 
0.3212 0.00870145 2.0256e+06 0 0 2.0256e+06 1.33333 -1.44443e-05 0 0 0 0.000190631 3.76445e-10 2.93759e-08 0 
0.32485 0.00870167 2.02555e+06 0 0 2.02555e+06 1.33333 -2.55306e-05 0 0 0 0.000190595 3.76381e-10 8.57022e-08 0 
0.3285 0.00870188 2.0255e+06 0 0 2.0255e+06 1.33333 -4.4489e-05 0 0 0 0.000190556 3.76315e-10 1.11045e-07 0 
0.33215 0.00870209 2.02545e+06 0 0 2.02545e+06 1.33333 -7.65939e-05 0 0 0 0.000190521 3.76254e-10 1.14504e-07 0 
0.3358 0.00870231 2.0254e+06 0 0 2.0254e+06 1.33333 -0.000130374 0 0 0 0.00019049 3.76202e-10 1.04622e-07 0 
0.33945 0.00870252 2.02535e+06 0 0 2.02535e+06 1.33333 -0.000219412 0 0 0 0.000190464 3.76161e-10 8.80811e-08 0 
0.3431 0.00870274 2.0253e+06 0 0 2.0253e+06 1.33333 -0.000365115 0 0 0 0.000190444 3.76129e-10 6.96499e-08 0 
0.34675 0.00870295 2.02525e+06 0 0 2.02525e+06 1.33333 -0.000600766 0 0 0 0.000190428 3.76107e-10 5.23212e-08 0 
0.3504 0.00870317 2.0252e+06 0 0 2.0252e+06 1.33333 -0.000977517 0 0 0 0.000190416 3.76093e-10 3.76829e-08 0 
0.35405 0.00870338 2.02515e+06 0 0 2.02515e+06 1.33333 -0.00157299 0 0 0 0.000190407 3.76084e-10 2.63121e-08 0 
0.3577 0.0087036 2.0251e+06 0 0 2.0251e+06 1.33333 -0.00250353 0 0 0 0.0001904 3.76081e-10 1.81584e-08 0 
0.36135 0.00870381 2.02505e+06 0 0 2.02505e+06 1.33333 -0.0039414 0 0 0 0.000190396 3.76082e-10 1.28889e-08 0 
0.365 0.00870403 2.025e+06 0 0 2.025e+06 1.33333 -0.00613849 0 0 0 0.000190394 3.76086e-10 1.02122e-08 0 


0 0.0112 2.03e+06 0 0 1.5225e+06 1 0 0 1.01308 1.01407 507500 1 0 9.8672e-05 
0.00365 0.0111973 2.02995e+06 0 0 1.52288e+06 1.00027 -32.1158 0 1.01246 1.01391 507074 0.999186 32.1158 0.000143642 
0.0073 0.0111937 2.0299e+06 0 0 1.52339e+06 1.00063 -73.7733 0 1.01168 1.01369 506512 0.998103 73.7733 0.000200197 
0.01095 0.011189 2.02985e+06 0 0 1.52407e+06 1.00111 -127.276 0 1.01067 1.0134 505779 0.996682 127.276 0.000271346 
0.0146 0.0111829 2.0298e+06 0 0 1.52497e+06 1.00172 -195.45 0 1.0094 1.01303 504832 0.994841 195.45 0.000360751 
0.01825 0.0111751 2.02975e+06 0 0 1.52613e+06 1.00251 -281.735 0 1.00779 1.01255 503620 0.992476 281.735 0.000472907 
0.0219 0.0111651 2.0297e+06 0 0 1.52762e+06 1.00351 -390.283 0 1.00577 1.01194 502078 0.989463 390.283 0.000613126 
0.02555 0.0111525 2.02965e+06 0 0 1.52952e+06 1.00478 -526.055 0 1.00324 1.01117 500130 0.985648 526.055 0.000787595 
0.0292 0.0111367 2.0296e+06 0 0 1.53192e+06 1.00638 -694.93 0 1.00008 1.01018 497682 0.980847 694.93 0.00100353 
0.03285 0.0111169 2.02955e+06 0 0 1.53493e+06 1.00839 -903.79 0 0.996169 1.00895 494620 0.974836 903.79 0.00126944 
0.0365 0.0110925 2.0295e+06 0 0 1.53869e+06 1.01088 -1160.59 0 0.991328 1.00739 490809 0.96735 1160.59 0.00159545 
0.04015 0.0110624 2.02945e+06 0 0 1.54336e+06 1.01398 -1474.32 0 0.985362 1.00543 486089 0.95807 1474.32 0.00199357 
0.0438 0.0110256 2.0294e+06 0 0 1.54913e+06 1.01779 -1854.9 0 0.978029 1.00297 480268 0.94662 1854.9 0.00247793 
0.04745 0.0109807 2.02935e+06 0 0 1.55622e+06 1.02248 -2312.75 0 0.96904 0.999896 473125 0.932565 2312.75 0.00306484 
0.0511 0.0109266 2.0293e+06 0 0 1.56489e+06 1.0282 -2858.15 0 0.958051 0.996036 464408 0.915405 2858.15 0.00377277 
0.05475 0.0108616 2.02925e+06 0 0 1.57542e+06 1.03514 -3500.03 0 0.944659 0.991197 453832 0.894582 3500.03 0.0046221 
0.0584 0.0107846 2.0292e+06 0 0 1.58811e+06 1.0435 -4244.26 0 0.928392 0.985128 441094 0.869493 4244.26 0.00563445 
0.06205 0.0106941 2.02915e+06 0 0 1.60327e+06 1.05349 -5091.13 0 0.908715 0.977508 425877 0.839518 5091.13 0.00683137 
0.0657 0.0105893 2.0291e+06 0 0 1.62122e+06 1.06531 -6032.09 0 0.885025 0.967933 407880 0.804061 6032.09 0.00823217 
0.06935 0.0104696 2.02905e+06 0 0 1.6422e+06 1.07913 -7046.02 0 0.856669 0.955885 386846 0.762615 7046.02 0.00985035 
0.073 0.0103353 2.029e+06 0 0 1.66639e+06 1.09505 -8095.28 0 0.822965 0.94071 362609 0.714853 8095.28 0.0116882 
0.07665 0.0101877 2.02895e+06 0 0 1.6938e+06 1.11309 -9122.83 0 0.783253 0.921578 335152 0.660741 9122.83 0.0137286 
0.0803 0.0100291 2.0289e+06 0 0 1.72423e+06 1.13312 -10051.6 0 0.736968 0.897457 304666 0.600652 10051.6 0.015925 
0.08395 0.00986313 2.02885e+06 0 0 1.75724e+06 1.15484 -10788.5 0 0.68375 0.867089 271606 0.535488 10788.5 0.0181873 
0.0876 0.00969434 2.0288e+06 0 0 1.79207e+06 1.17775 -11233.5 0 0.623605 0.829007 236733 0.466744 11233.5 0.0203689 
0.09125 0.00952818 2.02875e+06 0 0 1.82765e+06 1.20116 -11296.9 0 0.557092 0.781638 201103 0.396507 11296.9 0.0222575 
0.0949 0.00937034 2.0287e+06 0 0 1.86269e+06 1.22423 -10921.1 0 0.485525 0.723568 166010 0.327322 10921.1 0.0235824 
0.09855 0.00922613 2.02865e+06 0 0 1.89581e+06 1.24602 -10103.2 0 0.411107 0.654043 132842 0.261931 10103.2 0.024051 
0.1022 0.00909979 2.0286e+06 0 0 1.92571e+06 1.26571 -8909.96 0 0.336889 0.57372 102889 0.202876 8909.96 0.0234279 
0.10585 0.00899391 2.02855e+06 0 0 1.95142e+06 1.28264 -7473.78 0 0.26643 0.485405 77125.6 0.15208 7473.78 0.0216421 
0.1095 0.0089091 2.0285e+06 0 0 1.97246e+06 1.2965 -5964.04 0 0.203146 0.394241 56044.6 0.110514 5964.04 0.0188687 
0.11315 0.00884407 2.02845e+06 0 0 1.98884e+06 1.3073 -4542.09 0 0.149531 0.306778 39609.4 0.0781078 4542.09 0.0155121 
0.1168 0.00879619 2.0284e+06 0 0 2.00105e+06 1.31536 -3320.62 0 0.106636 0.229076 27347.7 0.0539297 3320.62 0.0120683 
0.12045 0.00876213 2.02835e+06 0 0 2.00981e+06 1.32115 -2347.76 0 0.0740543 0.164924 18535.7 0.0365532 2347.76 0.00895029 
0.1241 0.00873858 2.0283e+06 0 0 2.01591e+06 1.32519 -1617.63 0 0.0503625 0.115235 12389.1 0.0244324 1617.63 0.0063862 
0.12775 0.00872265 2.02825e+06 0 0 2.02005e+06 1.32794 -1093.63 0 0.0337176 0.0786826 8197.5 0.0161666 1093.63 0.00442461 
0.1314 0.00871206 2.0282e+06 0 0 2.02281e+06 1.32979 -729.488 0 0.0223202 0.0528239 5385.53 0.0106213 729.488 0.00300071 
0.13505 0.00870513 2.02815e+06 0 0 2.02463e+06 1.33102 -482.088 0 0.0146584 0.0350413 3520.69 0.00694365 482.088 0.00200469 
0.1387 0.00870065 2.0281e+06 0 0 2.02581e+06 1.33183 -316.58 0 0.00957368 0.0230528 2293.73 0.0045239 316.58 0.0013255 
0.14235 0.00869779 2.02805e+06 0 0 2.02656e+06 1.33235 -207.002 0 0.00622898 0.0150799 1490.82 0.0029404 207.002 0.000870284 
0.146 0.008696 2.028e+06 0 0 2.02703e+06 1.3327 -134.96 0 0.00404203 0.00982608 967.34 0.00190797 134.96 0.00056869 
0.14965 0.00869492 2.02795e+06 0 0 2.02732e+06 1.33292 -87.8149 0 0.00261795 0.00638555 626.907 0.00123653 87.8149 0.000370411 
0.1533 0.00869429 2.0279e+06 0 0 2.02749e+06 1.33307 -57.0594 0 0.00169326 0.00414188 405.907 0.000800645 57.0594 0.000240727 
0.15695 0.00869395 2.02785e+06 0 0 2.02759e+06 1.33316 -37.0383 0 0.00109402 0.00268292 262.622 0.000518031 37.0383 0.000156201 
0.1606 0.00869381 2.0278e+06 0 0 2.02763e+06 1.33322 -24.0241 0 0.00070626 0.0017361 169.813 0.00033497 24.0241 0.000101238 
0.16425 0.0086938 2.02775e+06 0 0 2.02764e+06 1.33326 -15.5735 0 0.000455611 0.00112251 109.743 0.000216482 15.5735 6.55583e-05 
0.1679 0.00869386 2.0277e+06 0 0 2.02763e+06 1.33329 -10.0905 0 0.000293733 0.000725305 70.8874 0.000139838 10.0905 4.24237e-05 
0.17155 0.00869398 2.02765e+06 0 0 2.0276e+06 1.3333 -6.53502 0 0.000189262 0.00046838 45.7677 9.02871e-05 6.53502 2.74369e-05 
0.1752 0.00869414 2.0276e+06 0 0 2.02757e+06 1.33331 -4.23067 0 0.000121882 0.000302307 29.5359 5.82678e-05 4.23067 1.77352e-05 
0.17885 0.00869431 2.02755e+06 0 0 2.02753e+06 1.33332 -2.73782 0 7.84485e-05 0.000195021 19.0523 3.75869e-05 2.73782 1.14585e-05 
0.1825 0.0086945 2.0275e+06 0 0 2.02749e+06 1.33333 -1.77109 0 5.04669e-05 0.00012575 12.2843 2.42354e-05 1.77109 7.39976e-06 
0.18615 0.0086947 2.02745e+06 0 0 2.02744e+06 1.33333 -1.14528 0 3.24493e-05 8.10459e-05 7.91695 1.56195e-05 1.14528 4.77655e-06 
0.1898 0.0086949 2.0274e+06 0 0 2.02739e+06 1.33333 -0.740326 0 2.08536e-05 5.22095e-05 5.09995 1.00621e-05 0.740326 3.0819e-06 
0.19345 0.00869511 2.02735e+06 0 0 2.02735e+06 1.33333 -0.478375 0 1.33946e-05 3.36174e-05 3.28378 6.47896e-06 0.478375 1.9876e-06 
0.1971 0.00869532 2.0273e+06 0 0 2.0273e+06 1.33333 -0.308991 0 8.59912e-06 2.16358e-05 2.11338 4.16985e-06 0.308991 1.28128e-06 
0.20075 0.00869553 2.02725e+06 0 0 2.02725e+06 1.33333 -0.199505 0 5.51758e-06 1.39178e-05 1.35949 2.68243e-06 0.199505 8.25582e-07 
0.2044 0.00869574 2.0272e+06 0 0 2.0272e+06 1.33333 -0.128761 0 3.53843e-06 8.94873e-06 0.874104 1.72475e-06 0.128761 5.31713e-07 
0.20805 0.00869596 2.02715e+06 0 0 2.02715e+06 1.33333 -0.0830685 0 2.26797e-06 5.75091e-06 0.561742 1.10844e-06 0.0830685 3.42287e-07 
0.2117 0.00869617 2.0271e+06 0 0 2.0271e+06 1.33333 -0.0535681 0 1.45286e-06 3.69398e-06 0.360823 7.11998e-07 0.0535681 2.2024e-07 
0.21535 0.00869638 2.02705e+06 0 0 2.02705e+06 1.33333 -0.0345294 0 9.30175e-07 2.37154e-06 0.231649 4.57115e-07 0.0345295 1.41643e-07 
0.219 0.0086966 2.027e+06 0 0 2.027e+06 1.33333 -0.0222476 0 5.95185e-07 1.52174e-06 0.148641 2.93323e-07 0.0222476 9.10498e-08 
0.22265 0.00869681 2.02695e+06 0 0 2.02695e+06 1.33333 -0.0143279 0 3.80604e-07 9.75929e-07 0.0953273 1.8812e-07 0.0143279 5.84991e-08 
0.2263 0.00869703 2.0269e+06 0 0 2.0269e+06 1.33333 -0.00922331 0 2.43226e-07 6.25539e-07 0.0611017 1.20582e-07 0.00922332 3.75666e-08 
0.22995 0.00869724 2.02685e+06 0 0 2.02685e+06 1.33333 -0.00593459 0 1.55322e-07 4.00717e-07 0.0391414 7.72458e-08 0.00593459 2.4112e-08 
0.2336 0.00869746 2.0268e+06 0 0 2.0268e+06 1.33333 -0.00381673 0 9.91048e-08 2.56536e-07 0.025058 4.94534e-08 0.00381673 1.54684e-08 
0.23725 0.00869767 2.02675e+06 0 0 2.02675e+06 1.33333 -0.00245351 0 6.3172e-08 1.64118e-07 0.0160308 3.16385e-08 0.00245351 9.91818e-09 
0.2409 0.00869788 2.0267e+06 0 0 2.0267e+06 1.33333 -0.00157641 0 4.02166e-08 1.04911e-07 0.0102475 2.0225e-08 0.00157642 6.35611e-09 
0.24455 0.0086981 2.02665e+06 0 0 2.02665e+06 1.33333 -0.00101245 0 2.55574e-08 6.69977e-08 0.00654423 1.29164e-08 0.00101245 4.07132e-09 
0.2482 0.00869831 2.0266e+06 0 0 2.0266e+06 1.33333 -0.000649719 0 1.61995e-08 4.27327e-08 0.00417407 8.23856e-09 0.000649721 2.60669e-09 
0.25185 0.00869853 2.02655e+06 0 0 2.02655e+06 1.33333 -0.000417459 0 1.02315e-08 2.72117e-08 0.002658 5.24635e-09 0.000417463 1.6681e-09 
0.2555 0.00869874 2.0265e+06 0 0 2.0265e+06 1.33333 -0.000265675 0 6.42441e-09 1.72894e-08 0.0016888 3.33343e-09 0.000265678 1.06741e-09 
0.25915 0.00869896 2.02645e+06 0 0 2.02645e+06 1.33333 -0.000177598 0 3.99598e-09 1.09561e-08 0.00107017 2.11241e-09 0.0001776 6.83477e-10 
0.2628 0.00869917 2.0264e+06 0 0 2.0264e+06 1.33333 -8.69108e-05 0 2.44133e-09 6.91843e-09 0.000675782 1.33396e-09 8.69137e-05 4.40768e-10 
0.26645 0.00869939 2.02635e+06 0 0 2.02635e+06 1.33333 -0.000145945 0 1.43392e-09 4.40542e-09 0.000430315 8.49438e-10 0.000145947 2.88909e-10 
0.2701 0.0086996 2.0263e+06 0 0 2.0263e+06 1.33333 0.000222298 0 7.49209e-10 2.83304e-09 0.000276727 5.46271e-10 -0.000222296 2.14906e-10 
0.27375 0.00869982 2.02625e+06 0 0 2.02625e+06 1.33333 -0.000989341 0 2.48519e-10 2.35856e-09 0.000230381 4.54792e-10 0.000989344 -2.4521e-11 
0.2774 0.00870003 2.0262e+06 0 0 2.0262e+06 1.33333 0.000100925 0 3.98673e-11 0 0.000192423 3.7987e-10 -0.000100925 -3.96645e-12 
0.28105 0.00870025 2.02615e+06 0 0 2.02615e+06 1.33333 -0.000230529 0 0 0 0.000189445 3.74001e-10 0.000230534 0 
0.2847 0.00870046 2.0261e+06 0 0 2.0261e+06 1.33333 0.000112518 0 0 0 0.000186806 3.688e-10 -0.000112516 0 
0.28835 0.00870068 2.02605e+06 0 0 2.02605e+06 1.33333 -2.62263e-05 0 0 0 0.000189335 3.73802e-10 2.62286e-05 0 
0.292 0.00870089 2.026e+06 0 0 2.026e+06 1.33333 1.3611e-05 0 0 0 0.000189496 3.74128e-10 -1.36096e-05 0 
0.29565 0.0087011 2.02595e+06 0 0 2.02595e+06 1.33333 4.58485e-08 0 0 0 0.000190355 3.75834e-10 -4.3935e-08 0 
0.2993 0.00870132 2.0259e+06 0 0 2.0259e+06 1.33333 2.62433e-06 0 0 0 0.00019062 3.76366e-10 -2.62235e-06 0 
0.30295 0.00870153 2.02585e+06 0 0 2.02585e+06 1.33333 1.1183e-06 0 0 0 0.000190827 3.76785e-10 -1.12074e-06 0 
0.3066 0.00870175 2.0258e+06 0 0 2.0258e+06 1.33333 6.66797e-07 0 0 0 0.000190879 3.76896e-10 -6.69288e-07 0 
0.31025 0.00870196 2.02575e+06 0 0 2.02575e+06 1.33333 1.39539e-07 0 0 0 0.000190856 3.7686e-10 -1.45044e-07 0 
0.3139 0.00870218 2.0257e+06 0 0 2.0257e+06 1.33333 -1.28575e-07 0 0 0 0.000190788 3.76735e-10 1.16278e-07 0 
0.31755 0.00870239 2.02565e+06 0 0 2.02565e+06 1.33333 -3.02999e-07 0 0 0 0.000190705 3.76581e-10 2.74181e-07 0 
0.3212 0.00870261 2.0256e+06 0 0 2.0256e+06 1.33333 -3.69778e-07 0 0 0 0.000190625 3.76432e-10 3.14767e-07 0 
0.32485 0.00870282 2.02555e+06 0 0 2.02555e+06 1.33333 -4.03666e-07 0 0 0 0.000190559 3.76312e-10 2.94599e-07 0 
0.3285 0.00870304 2.0255e+06 0 0 2.0255e+06 1.33333 -4.46525e-07 0 0 0 0.000190512 3.76226e-10 2.36918e-07 0 
0.33215 0.00870325 2.02545e+06 0 0 2.02545e+06 1.33333 -5.59152e-07 0 0 0 0.000190482 3.76177e-10 1.66626e-07 0 
0.3358 0.00870347 2.0254e+06 0 0 2.0254e+06 1.33333 -8.19293e-07 0 0 0 0.000190467 3.76157e-10 9.85135e-08 0 
0.33945 0.00870368 2.02535e+06 0 0 2.02535e+06 1.33333 -1.35552e-06 0 0 0 0.000190464 3.7616e-10 4.1478e-08 0 
0.3431 0.0087039 2.0253e+06 0 0 2.0253e+06 1.33333 -2.36817e-06 0 0 0 0.000190468 3.76178e-10 -9.1114e-10 0 
0.34675 0.00870411 2.02525e+06 0 0 2.02525e+06 1.33333 -4.19215e-06 0 0 0 0.000190477 3.76204e-10 -2.85546e-08 0 
0.3504 0.00870433 2.0252e+06 0 0 2.0252e+06 1.33333 -7.3846e-06 0 0 0 0.000190487 3.76233e-10 -4.35094e-08 0 
0.35405 0.00870454 2.02515e+06 0 0 2.02515e+06 1.33333 -1.28854e-05 0 0 0 0.000190496 3.76262e-10 -4.89167e-08 0 
0.3577 0.00870476 2.0251e+06 0 0 2.0251e+06 1.33333 -2.22206e-05 0 0 0 0.000190505 3.76287e-10 -4.83032e-08 0 
0.36135 0.00870497 2.02505e+06 0 0 2.02505e+06 1.33333 -3.78778e-05 0 0 0 0.000190511 3.76308e-10 -4.5118e-08 0 
0.365 0.00870519 2.025e+06 0 0 2.025e+06 1.33333 -6.3857e-05 0 0 0 0.000190514 3.76324e-10 -4.23981e-08 0 


0 0.0112 2.03e+06 0 0 1.5225e+06 1 0 0 1.01347 1.01407 507500 1 0 6.01476e-05 
0.00365 0.0111983 2.02995e+06 0 0 1.52274e+06 1.00018 -21.7089 0 1.01304 1.01396 507207 0.999447 21.7089 9.15451e-05 
0.0073 0.0111959 2.0299e+06 0 0 1.52308e+06 1.00043 -50.1888 0 1.01249 1.01381 506817 0.998704 50.1888 0.000131233 
0.01095 0.0111927 2.02985e+06 0 0 1.52354e+06 1.00076 -87.0981 0 1.01178 1.01361 506306 0.997722 87.0981 0.000181354 
0.0146 0.0111885 2.0298e+06 0 0 1.52416e+06 1.00119 -134.478 0 1.01089 1.01335 505644 0.996442 134.478 0.000244527 
0.01825 0.0111831 2.02975e+06 0 0 1.52496e+06 1.00174 -194.824 0 1.00975 1.01301 504793 0.994789 194.824 0.000323973 
0.0219 0.0111762 2.0297e+06 0 0 1.52599e+06 1.00244 -271.174 0 1.00832 1.01259 503708 0.992674 271.174 0.000423531 
0.02555 0.0111673 2.02965e+06 0 0 1.52732e+06 1.00334 -367.189 0 1.00653 1.01204 502332 0.989987 367.189 0.000547718 
0.0292 0.0111562 2.0296e+06 0 0 1.529e+06 1.00447 -487.268 0 1.00429 1.01135 500596 0.986591 487.268 0.000701863 
0.03285 0.0111422 2.02955e+06 0 0 1.53113e+06 1.00589 -636.646 0 1.0015 1.01048 498419 0.982325 636.646 0.000892316 
0.0365 0.0111248 2.0295e+06 0 0 1.5338e+06 1.00767 -821.511 0 0.998044 1.00939 495700 0.97699 821.511 0.00112671 
0.04015 0.0111031 2.02945e+06 0 0 1.53713e+06 1.00988 -1049.09 0 0.993772 1.00801 492318 0.970348 1049.09 0.0014142 
0.0438 0.0110765 2.0294e+06 0 0 1.54127e+06 1.01263 -1327.66 0 0.988506 1.00628 488129 0.962114 1327.66 0.00176572 
0.04745 0.0110437 2.02935e+06 0 0 1.54639e+06 1.01602 -1666.53 0 0.982028 1.00412 482960 0.95195 1666.53 0.00219414 
0.0511 0.0110038 2.0293e+06 0 0 1.55269e+06 1.02018 -2075.76 0 0.974079 1.00141 476610 0.939457 2075.76 0.00271448 
0.05475 0.0109553 2.02925e+06 0 0 1.5604e+06 1.02527 -2565.7 0 0.964348 0.998015 468846 0.924176 2565.7 0.00334391 
0.0584 0.0108971 2.0292e+06 0 0 1.5698e+06 1.03147 -3146.12 0 0.95247 0.993768 459404 0.905586 3146.12 0.00410169 
0.06205 0.0108276 2.02915e+06 0 0 1.58116e+06 1.03896 -3824.85 0 0.938014 0.988448 447992 0.883112 3824.85 0.00500875 
0.0657 0.0107455 2.0291e+06 0 0 1.5948e+06 1.04795 -4605.72 0 0.920483 0.981777 434300 0.856143 4605.72 0.00608683 
0.06935 0.0106496 2.02905e+06 0 0 1.61103e+06 1.05864 -5485.82 0 0.899315 0.973405 418017 0.824065 5485.82 0.00735687 
0.073 0.0105392 2.029e+06 0 0 1.63014e+06 1.07123 -6452 0 0.873886 0.962884 398857 0.786312 6452 0.00883633 
0.07665 0.010414 2.02895e+06 0 0 1.65236e+06 1.08585 -7477.04 0 0.843526 0.949646 376594 0.742442 7477.04 0.010535 
0.0803 0.0102746 2.0289e+06 0 0 1.67778e+06 1.10259 -8516.01 0 0.807557 0.932971 351117 0.692231 8516.01 0.0124485 
0.08395 0.0101228 2.02885e+06 0 0 1.70637e+06 1.1214 -9504.18 0 0.765344 0.911955 322484 0.635796 9504.18 0.0145496 
0.0876 0.00996136 2.0288e+06 0 0 1.73782e+06 1.1421 -10357.9 0 0.716391 0.885478 290984 0.573707 10357.9 0.0167762 
0.09125 0.00979424 2.02875e+06 0 0 1.77156e+06 1.1643 -10980.6 0 0.66046 0.852195 257191 0.507093 10980.6 0.0190174 
0.0949 0.00962642 2.0287e+06 0 0 1.80672e+06 1.18744 -11275 0 0.597755 0.810585 221983 0.437686 11275 0.0211017 
0.09855 0.00946347 2.02865e+06 0 0 1.84213e+06 1.21074 -11162.3 0 0.52911 0.759102 186518 0.367767 11162.3 0.0227924 
0.1022 0.009311 2.0286e+06 0 0 1.87646e+06 1.23334 -10604.8 0 0.456182 0.696531 152139 0.299987 10604.8 0.0238046 
0.10585 0.00917392 2.02855e+06 0 0 1.90834e+06 1.25432 -9626.73 0 0.381525 0.622592 120214 0.237045 9626.73 0.0238586 
0.1095 0.00905589 2.0285e+06 0 0 1.93657e+06 1.27291 -8322.32 0 0.308444 0.538732 91927.4 0.181272 8322.32 0.0227726 
0.11315 0.0089587 2.02845e+06 0 0 1.96038e+06 1.28859 -6842.38 0 0.240523 0.448711 68070.8 0.134232 6842.38 0.0205682 
0.1168 0.00888219 2.0284e+06 0 0 1.97948e+06 1.30117 -5357.46 0 0.180892 0.358392 48922.6 0.0964753 5357.46 0.0175198 
0.12045 0.00882446 2.02835e+06 0 0 1.99409e+06 1.31081 -4012.07 0 0.131507 0.274348 34256.9 0.0675562 4012.07 0.0140863 
0.1241 0.00878255 2.0283e+06 0 0 2.00482e+06 1.3179 -2892.7 0 0.0928113 0.201873 23480.6 0.0463061 2892.7 0.0107467 
0.12775 0.00875307 2.02825e+06 0 0 2.01242e+06 1.32293 -2023.39 0 0.0639345 0.143592 15829.9 0.0312187 2023.39 0.00784424 
0.1314 0.00873286 2.0282e+06 0 0 2.01766e+06 1.3264 -1383.28 0 0.0432272 0.0994089 10541.8 0.0207905 1383.28 0.00552975 
0.13505 0.00871929 2.02815e+06 0 0 2.02119e+06 1.32876 -930.135 0 0.0288275 0.0674307 6958.94 0.0137247 930.135 0.0037982 
0.1387 0.00871031 2.0281e+06 0 0 2.02353e+06 1.33033 -618.211 0 0.0190371 0.0450702 4565.71 0.0090049 618.211 0.00256076 
0.14235 0.00870446 2.02805e+06 0 0 2.02507e+06 1.33137 -407.629 0 0.0124862 0.0298152 2982.88 0.00588325 407.629 0.00170427 
0.146 0.00870069 2.028e+06 0 0 2.02606e+06 1.33206 -267.33 0 0.00815108 0.0195838 1943.12 0.00383258 267.33 0.00112425 
0.14965 0.0086983 2.02795e+06 0 0 2.02669e+06 1.3325 -174.681 0 0.00530382 0.0128013 1263.24 0.00249166 174.681 0.000737206 
0.1533 0.00869682 2.0279e+06 0 0 2.02708e+06 1.33279 -113.86 0 0.00344334 0.00834011 820.077 0.00161759 113.86 0.000481457 
0.15695 0.00869594 2.02785e+06 0 0 2.02732e+06 1.33298 -74.0908 0 0.00223189 0.00542126 531.829 0.00104905 74.0908 0.00031357 
0.1606 0.00869544 2.0278e+06 0 0 2.02746e+06 1.33311 -48.1554 0 0.00144495 0.00351831 344.626 0.000679802 48.1554 0.00020384 
0.16425 0.00869519 2.02775e+06 0 0 2.02753e+06 1.33319 -31.2721 0 0.000934635 0.00228069 223.178 0.000440248 31.2721 0.000132332 
0.1679 0.0086951 2.0277e+06 0 0 2.02756e+06 1.33324 -20.2951 0 0.000604111 0.00147714 144.454 0.000284961 20.2951 8.58261e-05 
0.17155 0.00869512 2.02765e+06 0 0 2.02756e+06 1.33327 -13.1646 0 0.000390234 0.00095604 93.4554 0.000184362 13.1646 5.56227e-05 
0.1752 0.00869521 2.0276e+06 0 0 2.02754e+06 1.33329 -8.53576 0 0.000251941 0.000618421 60.436 0.000119227 8.53576 3.60268e-05 
0.17885 0.00869534 2.02755e+06 0 0 2.02751e+06 1.33331 -5.53242 0 0.000162576 0.00039983 39.0672 7.70726e-05 5.53242 2.33229e-05 
0.1825 0.0086955 2.0275e+06 0 0 2.02747e+06 1.33332 -3.58459 0 0.000104859 0.000258386 25.2439 4.9803e-05 3.58459 1.50919e-05 
0.18615 0.00869568 2.02745e+06 0 0 2.02743e+06 1.33332 -2.32179 0 6.76014e-05 0.000166907 16.3054 3.21692e-05 2.32179 9.7617e-06 
0.1898 0.00869587 2.0274e+06 0 0 2.02739e+06 1.33333 -1.50337 0 4.35619e-05 0.00010777 10.5277 2.07709e-05 1.50337 6.31153e-06 
0.19345 0.00869607 2.02735e+06 0 0 2.02734e+06 1.33333 -0.973133 0 2.80583e-05 6.95575e-05 6.79464 1.3406e-05 0.973133 4.0792e-06 
0.1971 0.00869628 2.0273e+06 0 0 2.0273e+06 1.33333 -0.629705 0 1.80641e-05 4.48756e-05 4.38353 8.649e-06 0.629705 2.63541e-06 
0.20075 0.00869649 2.02725e+06 0 0 2.02725e+06 1.33333 -0.407342 0 1.16244e-05 2.89398e-05 2.82686 5.57772e-06 0.407342 1.70197e-06 
0.2044 0.0086967 2.0272e+06 0 0 2.0272e+06 1.33333 -0.263412 0 7.4769e-06 1.86552e-05 1.82223 3.59557e-06 0.263412 1.09871e-06 
0.20805 0.00869691 2.02715e+06 0 0 2.02715e+06 1.33333 -0.17028 0 4.80692e-06 1.20204e-05 1.17414 2.31683e-06 0.17028 7.08993e-07 
0.2117 0.00869712 2.0271e+06 0 0 2.0271e+06 1.33333 -0.110037 0 3.08889e-06 7.74191e-06 0.756222 1.49222e-06 0.110037 4.57324e-07 
0.21535 0.00869734 2.02705e+06 0 0 2.02705e+06 1.33333 -0.0710814 0 1.98393e-06 4.9841e-06 0.486841 9.60689e-07 0.0710814 2.94867e-07 
0.219 0.00869755 2.027e+06 0 0 2.027e+06 1.33333 -0.0459002 0 1.27359e-06 3.20723e-06 0.313278 6.18211e-07 0.0459002 1.90041e-07 
0.22265 0.00869777 2.02695e+06 0 0 2.02695e+06 1.33333 -0.0296284 0 8.17161e-07 2.06288e-06 0.2015 3.97641e-07 0.0296284 1.22428e-07 
0.2263 0.00869798 2.0269e+06 0 0 2.0269e+06 1.33333 -0.0191177 0 5.24023e-07 1.32621e-06 0.129543 2.55647e-07 0.0191177 7.88361e-08 
0.22995 0.00869819 2.02685e+06 0 0 2.02685e+06 1.33333 -0.0123308 0 3.35849e-07 8.52195e-07 0.0832411 1.64277e-07 0.0123308 5.07432e-08 
0.2336 0.00869841 2.0268e+06 0 0 2.0268e+06 1.33333 -0.00795011 0 2.15112e-07 5.47321e-07 0.0534614 1.05509e-07 0.00795011 3.26465e-08 
0.23725 0.00869862 2.02675e+06 0 0 2.02675e+06 1.33333 -0.00512362 0 1.37682e-07 3.51323e-07 0.0343167 6.77276e-08 0.00512363 2.09941e-08 
0.2409 0.00869884 2.0267e+06 0 0 2.0267e+06 1.33333 -0.00330066 0 8.80508e-08 2.25378e-07 0.0220146 4.34491e-08 0.00330066 1.34946e-08 
0.24455 0.00869905 2.02665e+06 0 0 2.02665e+06 1.33333 -0.0021254 0 5.62515e-08 1.44485e-07 0.014113 2.78549e-08 0.00212541 8.67005e-09 
0.2482 0.00869927 2.0266e+06 0 0 2.0266e+06 1.33333 -0.00136802 0 3.58863e-08 9.2551e-08 0.00904024 1.78432e-08 0.00136802 5.56788e-09 
0.25185 0.00869948 2.02655e+06 0 0 2.02655e+06 1.33333 -0.000880198 0 2.2852e-08 5.92253e-08 0.00578504 1.14185e-08 0.000880203 3.57394e-09 
0.2555 0.0086997 2.0265e+06 0 0 2.0265e+06 1.33333 -0.000565902 0 1.45121e-08 3.78501e-08 0.00369714 7.29758e-09 0.000565905 2.29307e-09 
0.25915 0.00869991 2.02645e+06 0 0 2.02645e+06 1.33333 -0.000364323 0 9.17823e-09 2.41467e-08 0.00235861 4.65566e-09 0.000364327 1.47066e-09 
0.2628 0.00870013 2.0264e+06 0 0 2.0264e+06 1.33333 -0.000232267 0 5.7662e-09 1.53662e-08 0.00150095 2.96278e-09 0.000232269 9.43257e-10 
0.26645 0.00870034 2.02635e+06 0 0 2.02635e+06 1.33333 -0.000155712 0 3.58125e-09 9.74872e-09 0.00095224 1.87971e-09 0.000155716 6.05728e-10 
0.2701 0.00870056 2.0263e+06 0 0 2.0263e+06 1.33333 -7.59999e-05 0 2.17478e-09 6.16103e-09 0.0006018 1.18798e-09 7.6003e-05 3.92523e-10 
0.27375 0.00870077 2.02625e+06 0 0 2.02625e+06 1.33333 -0.000126888 0 1.25947e-09 3.93002e-09 0.000383879 7.57811e-10 0.000126892 2.59875e-10 
0.2774 0.00870098 2.0262e+06 0 0 2.0262e+06 1.33333 0.00020171 0 6.1958e-10 2.54901e-09 0.000248983 4.91528e-10 -0.000201708 1.99094e-10 
0.28105 0.0087012 2.02615e+06 0 0 2.02615e+06 1.33333 -0.000846704 0 1.91894e-10 2.18377e-09 0.000213307 4.21108e-10 0.000846707 -1.89031e-11 
0.2847 0.00870141 2.0261e+06 0 0 2.0261e+06 1.33333 9.74909e-05 0 8.47567e-12 0 0.000185985 3.67178e-10 -9.74885e-05 -8.43255e-13 
0.28835 0.00870163 2.02605e+06 0 0 2.02605e+06 1.33333 -0.000119358 0 0 0 0.000189323 3.73777e-10 0.000119359 0 
0.292 0.00870184 2.026e+06 0 0 2.026e+06 1.33333 9.74699e-05 0 0 0 0.00018953 3.74195e-10 -9.74662e-05 0 
0.29565 0.00870206 2.02595e+06 0 0 2.02595e+06 1.33333 -1.70457e-05 0 0 0 0.000191614 3.78319e-10 1.70468e-05 0 
0.2993 0.00870227 2.0259e+06 0 0 2.0259e+06 1.33333 7.14539e-06 0 0 0 0.000191243 3.77595e-10 -7.14062e-06 0 
0.30295 0.00870249 2.02585e+06 0 0 2.02585e+06 1.33333 -3.05391e-06 0 0 0 0.000191236 3.77591e-10 3.05558e-06 0 
0.3066 0.0087027 2.0258e+06 0 0 2.0258e+06 1.33333 -8.21286e-07 0 0 0 0.000190918 3.76974e-10 8.22735e-07 0 
0.31025 0.00870292 2.02575e+06 0 0 2.02575e+06 1.33333 -1.04156e-06 0 0 0 0.000190733 3.76616e-10 1.04359e-06 0 
0.3139 0.00870313 2.0257e+06 0 0 2.0257e+06 1.33333 -5.99021e-07 0 0 0 0.000190587 3.76338e-10 6.01739e-07 0 
0.31755 0.00870335 2.02565e+06 0 0 2.02565e+06 1.33333 -4.50511e-07 0 0 0 0.000190496 3.76167e-10 4.53415e-07 0 
0.3212 0.00870356 2.0256e+06 0 0 2.0256e+06 1.33333 -2.91038e-07 0 0 0 0.00019044 3.76067e-10 2.93513e-07 0 
0.32485 0.00870378 2.02555e+06 0 0 2.02555e+06 1.33333 -1.77414e-07 0 0 0 0.000190413 3.76022e-10 1.78884e-07 0 
0.3285 0.00870399 2.0255e+06 0 0 2.0255e+06 1.33333 -8.27266e-08 0 0 0 0.000190405 3.76015e-10 8.331e-08 0 
0.33215 0.00870421 2.02545e+06 0 0 2.02545e+06 1.33333 -1.19605e-08 0 0 0 0.000190409 3.76034e-10 1.34651e-08 0 
0.3358 0.00870442 2.0254e+06 0 0 2.0254e+06 1.33333 3.28913e-08 0 0 0 0.000190421 3.76066e-10 -3.34693e-08 0 
0.33945 0.00870464 2.02535e+06 0 0 2.02535e+06 1.33333 5.68123e-08 0 0 0 0.000190436 3.76104e-10 -5.93138e-08 0 
0.3431 0.00870485 2.0253e+06 0 0 2.0253e+06 1.33333 5.98024e-08 0 0 0 0.00019045 3.76141e-10 -6.83902e-08 0 
0.34675 0.00870507 2.02525e+06 0 0 2.02525e+06 1.33333 4.88386e-08 0 0 0 0.000190461 3.76173e-10 -6.53861e-08 0 
0.3504 0.00870528 2.0252e+06 0 0 2.0252e+06 1.33333 2.59144e-08 0 0 0 0.000190469 3.76199e-10 -5.49787e-08 0 
0.35405 0.0087055 2.02515e+06 0 0 2.02515e+06 1.33333 -2.09308e-08 0 0 0 0.000190474 3.76218e-10 -4.12148e-08 0 
0.3577 0.00870571 2.0251e+06 0 0 2.0251e+06 1.33333 -8.57168e-08 0 0 0 0.000190477 3.76232e-10 -2.73763e-08 0 
0.36135 0.00870593 2.02505e+06 0 0 2.02505e+06 1.33333 -1.97348e-07 0 0 0 0.000190478 3.76243e-10 -1.60468e-08 0 
0.365 0.00870614 2.025e+06 0 0 2.025e+06 1.33333 -3.76755e-07 0 0 0 0.000190478 3.76253e-10 -9.37068e-09 0 


0 0.0112 2.03e+06 0 0 1.5225e+06 1 0 0 1.01371 1.01407 507500 1 0 3.66642e-05 
0.00365 0.0111989 2.02995e+06 0 0 1.52265e+06 1.00013 -14.7056 0 1.01341 1.014 507296 0.999623 14.7056 5.84991e-05 
0.0073 0.0111974 2.0299e+06 0 0 1.52288e+06 1.0003 -34.201 0 1.01302 1.01389 507025 0.999113 34.201 8.62541e-05 
0.01095 0.0111952 2.02985e+06 0 0 1.52318e+06 1.00052 -59.6757 0 1.01253 1.01375 506668 0.998434 59.6757 0.000121454 
0.0146 0.0111924 2.0298e+06 0 0 1.5236e+06 1.00082 -92.5969 0 1.0119 1.01357 506203 0.997543 92.5969 0.000165969 
0.01825 0.0111887 2.02975e+06 0 0 1.52414e+06 1.0012 -134.766 0 1.0111 1.01333 505605 0.996389 134.766 0.0002221 
0.0219 0.0111839 2.0297e+06 0 0 1.52486e+06 1.0017 -188.383 0 1.01009 1.01303 504840 0.994906 188.383 0.000292611 
0.02555 0.0111778 2.02965e+06 0 0 1.52578e+06 1.00233 -256.121 0 1.00882 1.01265 503868 0.993014 256.121 0.000380778 
0.0292 0.0111699 2.0296e+06 0 0 1.52696e+06 1.00313 -341.216 0 1.00723 1.01216 502639 0.990617 341.216 0.000490499 
0.03285 0.0111601 2.02955e+06 0 0 1.52846e+06 1.00414 -447.566 0 1.00524 1.01155 501093 0.987595 447.566 0.000626459 
0.0365 0.0111477 2.0295e+06 0 0 1.53034e+06 1.0054 -579.841 0 1.00278 1.01078 499157 0.983803 579.841 0.00079432 
0.04015 0.0111323 2.02945e+06 0 0 1.53271e+06 1.00698 -743.599 0 0.999731 1.00981 496742 0.979068 743.599 0.00100094 
0.0438 0.0111131 2.0294e+06 0 0 1.53566e+06 1.00894 -945.38 0 0.99596 1.00859 493740 0.973175 945.38 0.00125457 
0.04745 0.0110894 2.02935e+06 0 0 1.53933e+06 1.01138 -1192.78 0 0.991308 1.00706 490022 0.965869 1192.78 0.00156508 
0.0511 0.0110604 2.0293e+06 0 0 1.54387e+06 1.01438 -1494.44 0 0.985584 1.00516 485432 0.956847 1494.44 0.00194418 
0.05475 0.0110248 2.02925e+06 0 0 1.54946e+06 1.01808 -1859.93 0 0.978552 1.00277 479789 0.945746 1859.93 0.00240555 
0.0584 0.0109816 2.0292e+06 0 0 1.55632e+06 1.02262 -2299.41 0 0.969935 0.999788 472878 0.932147 2299.41 0.00296507 
0.06205 0.0109294 2.02915e+06 0 0 1.56469e+06 1.02814 -2823.04 0 0.959401 0.996057 464455 0.915566 2823.04 0.00364072 
0.0657 0.0108668 2.0291e+06 0 0 1.57485e+06 1.03485 -3439.88 0 0.946557 0.991389 454245 0.895462 3439.88 0.00445248 
0.06935 0.0107925 2.02905e+06 0 0 1.5871e+06 1.04292 -4156.34 0 0.930949 0.985544 441949 0.871243 4156.34 0.00542169 
0.073 0.0107051 2.029e+06 0 0 1.60175e+06 1.05257 -4973.8 0 0.912053 0.978216 427255 0.842296 4973.8 0.00656995 
0.07665 0.0106037 2.02895e+06 0 0 1.61909e+06 1.06399 -5885.62 0 0.889281 0.969018 409859 0.808022 5885.62 0.00791719 
0.0803 0.0104876 2.0289e+06 0 0 1.6394e+06 1.07737 -6873.45 0 0.861987 0.957458 389496 0.767896 6873.45 0.00947836 
0.08395 0.0103569 2.02885e+06 0 0 1.66287e+06 1.09282 -7903.42 0 0.829496 0.942911 365981 0.721554 7903.42 0.0112584 
0.0876 0.0102127 2.0288e+06 0 0 1.68954e+06 1.11037 -8922.99 0 0.791136 0.924588 339265 0.668898 8922.99 0.0132452 
0.09125 0.010057 2.02875e+06 0 0 1.71926e+06 1.12993 -9859.88 0 0.746317 0.901501 309491 0.61021 9859.88 0.0153988 
0.0949 0.00989318 2.0287e+06 0 0 1.75164e+06 1.15124 -10624.7 0 0.694629 0.872442 277057 0.546275 10624.7 0.0176398 
0.09855 0.00972562 2.02865e+06 0 0 1.78599e+06 1.17385 -11119.6 0 0.635988 0.835989 242657 0.47846 11119.6 0.0198343 
0.1022 0.00955955 2.0286e+06 0 0 1.82132e+06 1.19709 -11252.7 0 0.570825 0.790587 207283 0.408721 11252.7 0.0217849 
0.10585 0.0094006 2.02855e+06 0 0 1.85637e+06 1.22016 -10959.7 0 0.500284 0.734776 172179 0.339511 10959.7 0.0232329 
0.1095 0.00925416 2.0285e+06 0 0 1.88979e+06 1.24216 -10226 0 0.42638 0.667637 138714 0.273531 10226 0.0238878 
0.11315 0.00912471 2.02845e+06 0 0 1.92024e+06 1.26221 -9104.07 0 0.351996 0.589496 108205 0.213375 9104.07 0.0234977 
0.1168 0.00901519 2.0284e+06 0 0 1.94671e+06 1.27963 -7713.35 0 0.280619 0.502687 81694.2 0.161101 7713.35 0.0219518 
0.12045 0.0089266 2.02835e+06 0 0 1.96858e+06 1.29404 -6216.98 0 0.215737 0.411896 59773.4 0.117876 6216.98 0.0193725 
0.1241 0.00885805 2.0283e+06 0 0 1.98579e+06 1.30539 -4779.19 0 0.160078 0.323473 42509.6 0.0838331 4779.19 0.0161218 
0.12775 0.00880712 2.02825e+06 0 0 1.99874e+06 1.31393 -3522.76 0 0.115001 0.243686 29510.2 0.0581984 3522.76 0.0126862 
0.1314 0.00877062 2.0282e+06 0 0 2.00811e+06 1.32012 -2507.71 0 0.0803797 0.176837 20093.2 0.0396277 2507.71 0.0095022 
0.13505 0.00874523 2.02815e+06 0 0 2.01467e+06 1.32447 -1737.25 0 0.0549645 0.124392 13481.4 0.0265886 1737.25 0.00683552 
0.1387 0.00872796 2.0281e+06 0 0 2.01915e+06 1.32745 -1179.47 0 0.0369687 0.0854045 8948.73 0.0176495 1179.47 0.00476668 
0.14235 0.00871643 2.02805e+06 0 0 2.02215e+06 1.32946 -789.331 0 0.0245684 0.0575939 5895.15 0.0116272 789.331 0.00324911 
0.146 0.00870884 2.028e+06 0 0 2.02414e+06 1.33079 -522.991 0 0.0161901 0.0383464 3863.19 0.00761971 522.991 0.0021793 
0.14965 0.00870392 2.02795e+06 0 0 2.02543e+06 1.33167 -344.169 0 0.0106068 0.0253059 2522.5 0.00497547 344.169 0.00144558 
0.1533 0.00870076 2.0279e+06 0 0 2.02626e+06 1.33225 -225.452 0 0.00692112 0.0165991 1643.02 0.00324083 225.452 0.000951681 
0.15695 0.00869878 2.02785e+06 0 0 2.02678e+06 1.33263 -147.229 0 0.00450371 0.0108432 1068.34 0.00210734 147.229 0.000623347 
0.1606 0.00869756 2.0278e+06 0 0 2.02711e+06 1.33288 -95.9455 0 0.00292503 0.00706337 693.828 0.00136863 95.9455 0.000406892 
0.16425 0.00869684 2.02775e+06 0 0 2.0273e+06 1.33304 -62.4361 0 0.00189712 0.00459227 450.206 0.000888091 62.4361 0.000264983 
0.1679 0.00869645 2.0277e+06 0 0 2.02741e+06 1.33314 -40.5896 0 0.00122921 0.00298163 291.932 0.000575887 40.5896 0.000172291 
0.17155 0.00869627 2.02765e+06 0 0 2.02746e+06 1.33321 -26.3682 0 0.000795831 0.00193399 189.199 0.000373238 26.3682 0.000111896 
0.1752 0.00869623 2.0276e+06 0 0 2.02748e+06 1.33325 -17.1203 0 0.000514928 0.00125352 122.564 0.000241791 17.1203 7.26124e-05 
0.17885 0.00869628 2.02755e+06 0 0 2.02747e+06 1.33328 -11.1111 0 0.000332999 0.000811997 79.3657 0.000156575 11.1111 4.70904e-05 
0.1825 0.00869639 2.0275e+06 0 0 2.02745e+06 1.3333 -7.20859 0 0.000215246 0.000525732 51.3741 0.000101355 7.20859 3.05235e-05 
0.18615 0.00869653 2.02745e+06 0 0 2.02742e+06 1.33331 -4.67525 0 0.000139072 0.000340242 33.2433 6.55864e-05 4.67525 1.97765e-05 
0.1898 0.0086967 2.0274e+06 0 0 2.02738e+06 1.33332 -3.03133 0 8.98179e-05 0.00022011 21.5038 4.24263e-05 3.03133 1.28085e-05 
0.19345 0.00869689 2.02735e+06 0 0 2.02734e+06 1.33332 -1.96489 0 5.79843e-05 0.000142341 13.9052 2.74353e-05 1.96489 8.2926e-06 
0.1971 0.00869708 2.0273e+06 0 0 2.02729e+06 1.33333 -1.27329 0 3.74183e-05 9.20156e-05 8.98859 1.77351e-05 1.27329 5.36705e-06 
0.20075 0.00869729 2.02725e+06 0 0 2.02724e+06 1.33333 -0.824888 0 2.41369e-05 5.94615e-05 5.80838 1.14606e-05 0.824888 3.47244e-06 
0.2044 0.00869749 2.0272e+06 0 0 2.0272e+06 1.33333 -0.534247 0 1.55633e-05 3.84107e-05 3.75201 7.40334e-06 0.534247 2.24588e-06 
0.20805 0.0086977 2.02715e+06 0 0 2.02715e+06 1.33333 -0.345913 0 1.0031e-05 2.48034e-05 2.4228 4.78071e-06 0.345913 1.45208e-06 
0.2117 0.00869791 2.0271e+06 0 0 2.0271e+06 1.33333 -0.223905 0 6.4626e-06 1.60106e-05 1.56391 3.08601e-06 0.223905 9.38527e-07 
0.21535 0.00869812 2.02705e+06 0 0 2.02705e+06 1.33333 -0.144888 0 4.16183e-06 1.0331e-05 1.00912 1.99131e-06 0.144888 6.06388e-07 
0.219 0.00869834 2.027e+06 0 0 2.027e+06 1.33333 -0.0937274 0 2.679e-06 6.66356e-06 0.650889 1.28444e-06 0.0937274 3.9165e-07 
0.22265 0.00869855 2.02695e+06 0 0 2.02695e+06 1.33333 -0.0606129 0 1.72372e-06 4.29636e-06 0.419663 8.28167e-07 0.0606129 2.52865e-07 
0.2263 0.00869877 2.0269e+06 0 0 2.0269e+06 1.33333 -0.0391853 0 1.10857e-06 2.76898e-06 0.27047 5.33762e-07 0.0391853 1.63199e-07 
0.22995 0.00869898 2.02685e+06 0 0 2.02685e+06 1.33333 -0.0253243 0 7.12608e-07 1.78385e-06 0.174244 3.43872e-07 0.0253243 1.05288e-07 
0.2336 0.00869919 2.0268e+06 0 0 2.0268e+06 1.33333 -0.0163608 0 4.57846e-07 1.14871e-06 0.112205 2.21442e-07 0.0163608 6.79011e-08 
0.23725 0.00869941 2.02675e+06 0 0 2.02675e+06 1.33333 -0.0105662 0 2.94003e-07 7.39381e-07 0.0722217 1.42537e-07 0.0105662 4.37726e-08 
0.2409 0.00869962 2.0267e+06 0 0 2.0267e+06 1.33333 -0.00682154 0 1.88678e-07 4.75684e-07 0.0464641 9.17039e-08 0.00682154 2.82068e-08 
0.24455 0.00869984 2.02665e+06 0 0 2.02665e+06 1.33333 -0.00440237 0 1.21e-07 3.05874e-07 0.0298773 5.89689e-08 0.00440238 1.81689e-08 
0.2482 0.00870005 2.0266e+06 0 0 2.0266e+06 1.33333 -0.00284008 0 7.7531e-08 1.96569e-07 0.0192006 3.78972e-08 0.00284009 1.16985e-08 
0.25185 0.00870027 2.02655e+06 0 0 2.02655e+06 1.33333 -0.00183152 0 4.96249e-08 1.2624e-07 0.0123309 2.43388e-08 0.00183153 7.52915e-09 
0.2555 0.00870048 2.0265e+06 0 0 2.0265e+06 1.33333 -0.00118065 0 3.17167e-08 8.10071e-08 0.00791265 1.56184e-08 0.00118065 4.84376e-09 
0.25915 0.0087007 2.02645e+06 0 0 2.02645e+06 1.33333 -0.00076082 0 2.02295e-08 5.19271e-08 0.00507216 1.00119e-08 0.000760823 3.11484e-09 
0.2628 0.00870091 2.0264e+06 0 0 2.0264e+06 1.33333 -0.000489967 0 1.2863e-08 3.32393e-08 0.00324676 6.40892e-09 0.00048997 2.00228e-09 
0.26645 0.00870113 2.02635e+06 0 0 2.02635e+06 1.33333 -0.000315555 0 8.13965e-09 2.12349e-08 0.00207419 4.09444e-09 0.000315559 1.28678e-09 
0.2701 0.00870134 2.0263e+06 0 0 2.0263e+06 1.33333 -0.000203447 0 5.1096e-09 1.35287e-08 0.00132146 2.60861e-09 0.000203449 8.27246e-10 
0.27375 0.00870156 2.02625e+06 0 0 2.02625e+06 1.33333 -0.000126562 0 3.16646e-09 8.5875e-09 0.000838814 1.65589e-09 0.000126564 5.32865e-10 
0.2774 0.00870177 2.0262e+06 0 0 2.0262e+06 1.33333 -9.86092e-05 0 1.909e-09 5.44016e-09 0.000531386 1.04903e-09 9.86094e-05 3.46479e-10 
0.28105 0.00870199 2.02615e+06 0 0 2.02615e+06 1.33333 7.61982e-06 0 1.08377e-09 3.46391e-09 0.000338349 6.67965e-10 -7.61818e-06 2.35661e-10 
0.2847 0.0087022 2.0261e+06 0 0 2.0261e+06 1.33333 -0.000198116 0 4.91358e-10 2.3354e-09 0.000228119 4.5036e-10 0.00019812 1.78227e-10 
0.28835 0.00870241 2.02605e+06 0 0 2.02605e+06 1.33333 -0.000149911 0 1.1277e-10 2.12987e-09 0.000208042 4.10735e-10 0.000149912 -1.10446e-11 
0.292 0.00870263 2.026e+06 0 0 2.026e+06 1.33333 -0.000184096 0 0 0 0.000191736 3.78551e-10 0.000184097 0 
0.29565 0.00870284 2.02595e+06 0 0 2.02595e+06 1.33333 7.41031e-05 0 0 0 0.00019207 3.7922e-10 -7.40998e-05 0 
0.2993 0.00870306 2.0259e+06 0 0 2.0259e+06 1.33333 -2.39369e-05 0 0 0 0.000192191 3.79467e-10 2.39415e-05 0 
0.30295 0.00870327 2.02585e+06 0 0 2.02585e+06 1.33333 6.64305e-06 0 0 0 0.000191362 3.77841e-10 -6.64053e-06 0 
0.3066 0.00870349 2.0258e+06 0 0 2.0258e+06 1.33333 -3.14461e-06 0 0 0 0.000191281 3.77689e-10 3.14866e-06 0 
0.31025 0.0087037 2.02575e+06 0 0 2.02575e+06 1.33333 -7.00685e-07 0 0 0 0.000190963 3.77072e-10 7.04462e-07 0 
0.3139 0.00870392 2.0257e+06 0 0 2.0257e+06 1.33333 -7.77431e-07 0 0 0 0.000190787 3.76732e-10 7.8033e-07 0 
0.31755 0.00870413 2.02565e+06 0 0 2.02565e+06 1.33333 -6.92711e-07 0 0 0 0.000190638 3.76447e-10 6.95905e-07 0 
0.3212 0.00870435 2.0256e+06 0 0 2.0256e+06 1.33333 -4.76426e-07 0 0 0 0.000190538 3.7626e-10 4.79143e-07 0 
0.32485 0.00870456 2.02555e+06 0 0 2.02555e+06 1.33333 -3.60808e-07 0 0 0 0.000190477 3.7615e-10 3.62875e-07 0 
0.3285 0.00870478 2.0255e+06 0 0 2.0255e+06 1.33333 -1.96351e-07 0 0 0 0.000190448 3.76101e-10 2.00933e-07 0 
0.33215 0.00870499 2.02545e+06 0 0 2.02545e+06 1.33333 -7.07662e-08 0 0 0 0.000190442 3.76099e-10 7.26395e-08 0 
0.3358 0.00870521 2.0254e+06 0 0 2.0254e+06 1.33333 2.3921e-08 0 0 0 0.000190449 3.76121e-10 -2.1716e-08 0 
0.33945 0.00870542 2.02535e+06 0 0 2.02535e+06 1.33333 7.27596e-08 0 0 0 0.00019046 3.76152e-10 -7.12969e-08 0 
0.3431 0.00870564 2.0253e+06 0 0 2.0253e+06 1.33333 8.57168e-08 0 0 0 0.000190469 3.76179e-10 -8.28201e-08 0 
0.34675 0.00870585 2.02525e+06 0 0 2.02525e+06 1.33333 7.17629e-08 0 0 0 0.000190473 3.76196e-10 -6.80756e-08 0 
0.3504 0.00870607 2.0252e+06 0 0 2.0252e+06 1.33333 4.18617e-08 0 0 0 0.000190471 3.76202e-10 -4.01358e-08 0 
0.35405 0.00870628 2.02515e+06 0 0 2.02515e+06 1.33333 1.19605e-08 0 0 0 0.000190465 3.76199e-10 -9.42997e-09 0 
0.3577 0.0087065 2.0251e+06 0 0 2.0251e+06 1.33333 -1.49506e-08 0 0 0 0.000190456 3.76191e-10 1.73315e-08 0 
0.36135 0.00870671 2.02505e+06 0 0 2.02505e+06 1.33333 -3.58814e-08 0 0 0 0.000190448 3.76184e-10 3.67476e-08 0 
0.365 0.00870693 2.025e+06 0 0 2.025e+06 1.33333 -4.58485e-08 0 0 0 0.000190442 3.76183e-10 4.72461e-08 0 


0 0.0112 2.03e+06 0 0 1.5225e+06 1 0 0 1.01385 1.01407 507500 1 0 2.23494e-05 
0.00365 0.0111993 2.02995e+06 0 0 1.52259e+06 1.00009 -9.98292 0 1.01364 1.01402 507357 0.999743 9.98292 3.74871e-05 
0.0073 0.0111984 2.0299e+06 0 0 1.52273e+06 1.0002 -23.3459 0 1.01337 1.01394 507166 0.999392 23.3459 5.68441e-05 
0.01095 0.011197 2.02985e+06 0 0 1.52293e+06 1.00036 -40.9401 0 1.01303 1.01385 506915 0.998922 40.9401 8.15052e-05 
0.0146 0.0111951 2.0298e+06 0 0 1.52321e+06 1.00057 -63.8169 0 1.01258 1.01372 506588 0.998302 63.8169 0.000112803 
0.01825 0.0111926 2.02975e+06 0 0 1.52358e+06 1.00083 -93.27 0 1.01202 1.01355 506167 0.997496 93.27 0.000152381 
0.0219 0.0111893 2.0297e+06 0 0 1.52407e+06 1.00118 -130.885 0 1.01131 1.01334 505627 0.996456 130.885 0.00020222 
0.02555 0.011185 2.02965e+06 0 0 1.52471e+06 1.00162 -178.599 0 1.01041 1.01307 504939 0.995125 178.599 0.000264688 
0.0292 0.0111796 2.0296e+06 0 0 1.52553e+06 1.00219 -238.766 0 1.00928 1.01273 504069 0.993434 238.766 0.000342617 
0.03285 0.0111727 2.02955e+06 0 0 1.52658e+06 1.0029 -314.248 0 1.00787 1.0123 502972 0.991297 314.248 0.000439432 
0.0365 0.011164 2.0295e+06 0 0 1.52791e+06 1.0038 -408.502 0 1.00612 1.01175 501595 0.988608 408.502 0.000559293 
0.04015 0.011153 2.02945e+06 0 0 1.52958e+06 1.00492 -525.696 0 1.00394 1.01106 499874 0.98524 525.696 0.000707264 
0.0438 0.0111393 2.0294e+06 0 0 1.53167e+06 1.00632 -670.812 0 1.00125 1.0102 497729 0.981036 670.812 0.000889487 
0.04745 0.0111224 2.02935e+06 0 0 1.53429e+06 1.00806 -849.758 0 0.997919 1.00913 495064 0.975808 849.758 0.00111337 
0.0511 0.0111014 2.0293e+06 0 0 1.53754e+06 1.01022 -1069.46 0 0.99381 1.00778 491764 0.969328 1069.46 0.0013878 
0.05475 0.0110756 2.02925e+06 0 0 1.54156e+06 1.01289 -1337.89 0 0.988749 1.0061 487690 0.961321 1337.89 0.00172333 
0.0584 0.0110439 2.0292e+06 0 0 1.54652e+06 1.01618 -1664.03 0 0.982528 1.004 482676 0.951461 1664.03 0.00213245 
0.06205 0.0110054 2.02915e+06 0 0 1.55262e+06 1.02021 -2057.69 0 0.974896 1.00137 476529 0.939366 2057.69 0.00262969 
0.0657 0.0109587 2.0291e+06 0 0 1.56008e+06 1.02514 -2529.03 0 0.965555 0.998093 469022 0.924591 2529.03 0.00323174 
0.06935 0.0109025 2.02905e+06 0 0 1.56915e+06 1.03112 -3087.86 0 0.954148 0.993994 459899 0.906629 3087.86 0.0039574 
0.073 0.0108354 2.029e+06 0 0 1.58013e+06 1.03836 -3742.29 0 0.940259 0.988867 448875 0.884918 3742.29 0.00482726 
0.07665 0.010756 2.02895e+06 0 0 1.59331e+06 1.04705 -4496.93 0 0.923407 0.982447 435645 0.858858 4496.93 0.0058629 
0.0803 0.0106632 2.0289e+06 0 0 1.609e+06 1.05739 -5350.26 0 0.90304 0.974398 419899 0.827836 5350.26 0.00708552 
0.08395 0.010556 2.02885e+06 0 0 1.6275e+06 1.06957 -6291.33 0 0.878547 0.964294 401346 0.791277 6291.33 0.00851345 
0.0876 0.0104342 2.0288e+06 0 0 1.64905e+06 1.08376 -7295.97 0 0.849266 0.951592 379747 0.748713 7295.97 0.0101583 
0.09125 0.0102982 2.02875e+06 0 0 1.67378e+06 1.10004 -8323.2 0 0.814517 0.935605 354967 0.699874 8323.2 0.0120192 
0.0949 0.0101493 2.0287e+06 0 0 1.70167e+06 1.1184 -9312.68 0 0.773652 0.915469 327028 0.644803 9312.68 0.0140742 
0.09855 0.00999028 2.02865e+06 0 0 1.73248e+06 1.13868 -10185 0 0.726139 0.890109 296169 0.583973 10185 0.0162691 
0.1022 0.00982475 2.0286e+06 0 0 1.7657e+06 1.16054 -10846.4 0 0.671678 0.85823 262903 0.518393 10846.4 0.0185042 
0.10585 0.00965751 2.02855e+06 0 0 1.80051e+06 1.18344 -11200 0 0.61037 0.818342 228044 0.449669 11200 0.0206214 
0.1095 0.009494 2.0285e+06 0 0 1.83581e+06 1.20668 -11162.8 0 0.54291 0.768897 192693 0.379971 11162.8 0.0223974 
0.11315 0.00933983 2.02845e+06 0 0 1.87029e+06 1.22937 -10688.4 0 0.470778 0.70859 158158 0.311879 10688.4 0.023556 
0.1168 0.00920008 2.0284e+06 0 0 1.90259e+06 1.25064 -9788.27 0 0.396349 0.636918 125808 0.248092 9788.27 0.0238125 
0.12045 0.00907866 2.02835e+06 0 0 1.93148e+06 1.26966 -8542.83 0 0.322795 0.554937 96869 0.19103 8542.83 0.0229598 
0.1241 0.00897775 2.0283e+06 0 0 1.95608e+06 1.28586 -7092.76 0 0.253684 0.465935 72216.8 0.142418 7092.76 0.0209734 
0.12775 0.00889758 2.02825e+06 0 0 1.97602e+06 1.299 -5606.43 0 0.192286 0.375408 52231.1 0.103007 5606.43 0.0180781 
0.1314 0.00883656 2.0282e+06 0 0 1.99142e+06 1.30915 -4234.85 0 0.140824 0.289899 36778.9 0.0725351 4234.85 0.0147037 
0.13505 0.0087919 2.02815e+06 0 0 2.00282e+06 1.31668 -3075.84 0 0.100043 0.215055 25329.5 0.0499559 3075.84 0.0113349 
0.1387 0.00876028 2.0281e+06 0 0 2.01096e+06 1.32206 -2164.32 0 0.0693044 0.154051 17143.5 0.033812 2164.32 0.00834656 
0.14235 0.00873849 2.02805e+06 0 0 2.0166e+06 1.3258 -1486.51 0 0.0470779 0.107274 11453.4 0.0225901 1486.51 0.00592551 
0.146 0.00872378 2.028e+06 0 0 2.02042e+06 1.32835 -1003.11 0 0.0315177 0.0731078 7580.92 0.0149525 1003.11 0.00409247 
0.14965 0.00871402 2.02795e+06 0 0 2.02296e+06 1.33006 -668.543 0 0.0208821 0.0490491 4985.1 0.00983279 668.543 0.00277089 
0.1533 0.00870762 2.0279e+06 0 0 2.02464e+06 1.33119 -441.766 0 0.0137354 0.0325471 3263.45 0.0064371 441.766 0.00185023 
0.15695 0.00870349 2.02785e+06 0 0 2.02572e+06 1.33193 -290.226 0 0.00898967 0.0214337 2129.85 0.00420119 290.226 0.00122378 
0.1606 0.00870086 2.0278e+06 0 0 2.02641e+06 1.33242 -189.927 0 0.0058636 0.0140424 1387.1 0.00273617 189.927 0.000804255 
0.16425 0.00869922 2.02775e+06 0 0 2.02685e+06 1.33274 -123.965 0 0.00381565 0.00916787 902.067 0.00177944 123.965 0.000526272 
0.1679 0.00869822 2.0277e+06 0 0 2.02711e+06 1.33295 -80.7695 0 0.00247894 0.00597122 586.037 0.00115606 80.7695 0.000343373 
0.17155 0.00869765 2.02765e+06 0 0 2.02727e+06 1.33308 -52.5619 0 0.00160864 0.00388282 380.44 0.000750504 52.5619 0.000223598 
0.1752 0.00869735 2.0276e+06 0 0 2.02735e+06 1.33317 -34.1765 0 0.00104299 0.00252193 246.832 0.000486944 34.1765 0.000145406 
0.17885 0.00869724 2.02755e+06 0 0 2.02739e+06 1.33323 -22.2086 0 0.000675801 0.00163665 160.073 0.000315797 22.2086 9.44668e-05 
0.1825 0.00869723 2.0275e+06 0 0 2.0274e+06 1.33327 -14.425 0 0.000437648 0.00106146 103.77 0.000204724 14.425 6.13302e-05 
0.18615 0.00869731 2.02745e+06 0 0 2.02738e+06 1.33329 -9.36602 0 0.000283292 0.000688078 67.2471 0.000132673 9.36602 3.97958e-05 
0.1898 0.00869743 2.0274e+06 0 0 2.02736e+06 1.3333 -6.07941 0 0.000183302 0.000445849 43.5652 8.59529e-05 6.07941 2.58114e-05 
0.19345 0.00869759 2.02735e+06 0 0 2.02732e+06 1.33331 -3.94504 0 0.000118559 0.000288786 28.2147 5.56681e-05 3.94504 1.67351e-05 
0.1971 0.00869777 2.0273e+06 0 0 2.02728e+06 1.33332 -2.55938 0 7.66559e-05 0.00018699 18.2676 3.60432e-05 2.55938 1.08468e-05 
0.20075 0.00869796 2.02725e+06 0 0 2.02724e+06 1.33333 -1.66002 0 4.95453e-05 0.000121037 11.8238 2.33298e-05 1.66002 7.02817e-06 
0.2044 0.00869815 2.0272e+06 0 0 2.02719e+06 1.33333 -1.07644 0 3.20115e-05 7.83212e-05 7.65077 1.50962e-05 1.07644 4.55255e-06 
0.20805 0.00869836 2.02715e+06 0 0 2.02714e+06 1.33333 -0.697853 0 2.06754e-05 5.06646e-05 4.94903 9.7655e-06 0.697853 2.94808e-06 
0.2117 0.00869857 2.0271e+06 0 0 2.0271e+06 1.33333 -0.452307 0 1.33489e-05 3.27636e-05 3.20038 6.31518e-06 0.452307 1.90853e-06 
0.21535 0.00869878 2.02705e+06 0 0 2.02705e+06 1.33333 -0.293087 0 8.6155e-06 2.11806e-05 2.06892 4.08263e-06 0.293087 1.23518e-06 
0.219 0.00869899 2.027e+06 0 0 2.027e+06 1.33333 -0.189867 0 5.55843e-06 1.36881e-05 1.33705 2.63847e-06 0.189867 7.9915e-07 
0.22265 0.0086992 2.02695e+06 0 0 2.02695e+06 1.33333 -0.122968 0 3.58475e-06 8.84305e-06 0.863782 1.70459e-06 0.122968 5.16886e-07 
0.2263 0.00869941 2.0269e+06 0 0 2.0269e+06 1.33333 -0.0796191 0 2.31098e-06 5.71101e-06 0.557845 1.10088e-06 0.0796191 3.34215e-07 
0.22995 0.00869963 2.02685e+06 0 0 2.02685e+06 1.33333 -0.0515376 0 1.48921e-06 3.68698e-06 0.36014 7.10738e-07 0.0515376 2.16031e-07 
0.2336 0.00869984 2.0268e+06 0 0 2.0268e+06 1.33333 -0.0333509 0 9.59259e-07 2.37942e-06 0.232419 4.58691e-07 0.0333509 1.39594e-07 
0.23725 0.00870006 2.02675e+06 0 0 2.02675e+06 1.33333 -0.0215757 0 6.17623e-07 1.53501e-06 0.149937 2.95916e-07 0.0215757 9.01715e-08 
0.2409 0.00870027 2.0267e+06 0 0 2.0267e+06 1.33333 -0.0139538 0 3.97471e-07 9.89868e-07 0.0966889 1.9083e-07 0.0139538 5.8227e-08 
0.24455 0.00870049 2.02665e+06 0 0 2.02665e+06 1.33333 -0.00902172 0 2.55659e-07 6.38065e-07 0.0623252 1.23011e-07 0.00902172 3.75861e-08 
0.2482 0.0087007 2.0266e+06 0 0 2.0266e+06 1.33333 -0.00583108 0 1.64345e-07 4.1111e-07 0.0401566 7.92591e-08 0.00583108 2.42537e-08 
0.25185 0.00870092 2.02655e+06 0 0 2.02655e+06 1.33333 -0.00376764 0 1.05572e-07 2.64751e-07 0.0258604 5.10433e-08 0.00376765 1.56448e-08 
0.2555 0.00870113 2.0265e+06 0 0 2.0265e+06 1.33333 -0.00243359 0 6.77577e-08 1.704e-07 0.0166444 3.28535e-08 0.00243359 1.00879e-08 
0.25915 0.00870134 2.02645e+06 0 0 2.02645e+06 1.33333 -0.00157139 0 4.34379e-08 1.09599e-07 0.0107055 2.11316e-08 0.00157139 6.50238e-09 
0.2628 0.00870156 2.0264e+06 0 0 2.0264e+06 1.33333 -0.00101429 0 2.78022e-08 7.04333e-08 0.00687981 1.35804e-08 0.00101429 4.1897e-09 
0.26645 0.00870177 2.02635e+06 0 0 2.02635e+06 1.33333 -0.000654474 0 1.77529e-08 4.52126e-08 0.00441629 8.71773e-09 0.000654475 2.69863e-09 
0.2701 0.00870199 2.0263e+06 0 0 2.0263e+06 1.33333 -0.000422005 0 1.12951e-08 2.89781e-08 0.00283053 5.58759e-09 0.000422006 1.73778e-09 
0.27375 0.0087022 2.02625e+06 0 0 2.02625e+06 1.33333 -0.000271751 0 7.14797e-09 1.85332e-08 0.00181029 3.57368e-09 0.000271752 1.11888e-09 
0.2774 0.00870242 2.0262e+06 0 0 2.0262e+06 1.33333 -0.000173746 0 4.48125e-09 1.18181e-08 0.00115437 2.27889e-09 0.00017375 7.21097e-10 
0.28105 0.00870263 2.02615e+06 0 0 2.02615e+06 1.33333 -0.000110472 0 2.76791e-09 7.51105e-09 0.000733667 1.4484e-09 0.000110474 4.66253e-10 
0.2847 0.00870285 2.0261e+06 0 0 2.0261e+06 1.33333 -5.44291e-05 0 1.65628e-09 4.76405e-09 0.000465345 9.18701e-10 5.44303e-05 3.06129e-10 
0.28835 0.00870306 2.02605e+06 0 0 2.02605e+06 1.33333 -7.15097e-05 0 8.99693e-10 3.06736e-09 0.000299615 5.91525e-10 7.15124e-05 2.1243e-10 
0.292 0.00870328 2.026e+06 0 0 2.026e+06 1.33333 -1.4213e-06 0 3.46831e-10 2.13139e-09 0.000208191 4.11038e-10 1.42248e-06 1.79638e-10 
0.29565 0.00870349 2.02595e+06 0 0 2.02595e+06 1.33333 -8.54377e-05 0 6.61973e-11 2.08128e-09 0.000203296 4.01384e-10 8.54404e-05 -6.41462e-12 
0.2993 0.00870371 2.0259e+06 0 0 2.0259e+06 1.33333 -9.94613e-06 0 0 0 0.000193226 3.81511e-10 9.94949e-06 0 
0.30295 0.00870392 2.02585e+06 0 0 2.02585e+06 1.33333 -5.13055e-05 0 0 0 0.000193033 3.8114e-10 5.1308e-05 0 
0.3066 0.00870414 2.0258e+06 0 0 2.0258e+06 1.33333 1.0582e-05 0 0 0 0.000191048 3.77229e-10 -1.05795e-05 0 
0.31025 0.00870435 2.02575e+06 0 0 2.02575e+06 1.33333 -9.60526e-06 0 0 0 0.000190413 3.75985e-10 9.60815e-06 0 
0.3139 0.00870457 2.0257e+06 0 0 2.0257e+06 1.33333 -2.56951e-06 0 0 0 0.000189913 3.75007e-10 2.57242e-06 0 
0.31755 0.00870478 2.02565e+06 0 0 2.02565e+06 1.33333 -6.25932e-07 0 0 0 0.000189914 3.75019e-10 6.27267e-07 0 
0.3212 0.008705 2.0256e+06 0 0 2.0256e+06 1.33333 4.42538e-07 0 0 0 0.000190032 3.7526e-10 -4.40225e-07 0 
0.32485 0.00870521 2.02555e+06 0 0 2.02555e+06 1.33333 7.39556e-07 0 0 0 0.000190196 3.75593e-10 -7.37172e-07 0 
0.3285 0.00870543 2.0255e+06 0 0 2.0255e+06 1.33333 7.09655e-07 0 0 0 0.00019034 3.75888e-10 -7.07343e-07 0 
0.33215 0.00870564 2.02545e+06 0 0 2.02545e+06 1.33333 5.66129e-07 0 0 0 0.000190446 3.76106e-10 -5.65064e-07 0 
0.3358 0.00870586 2.0254e+06 0 0 2.0254e+06 1.33333 3.99679e-07 0 0 0 0.000190512 3.76245e-10 -3.97182e-07 0 
0.33945 0.00870607 2.02535e+06 0 0 2.02535e+06 1.33333 2.40206e-07 0 0 0 0.000190544 3.76319e-10 -2.35599e-07 0 
0.3431 0.00870629 2.0253e+06 0 0 2.0253e+06 1.33333 1.14621e-07 0 0 0 0.000190554 3.76347e-10 -1.10263e-07 0 
0.34675 0.0087065 2.02525e+06 0 0 2.02525e+06 1.33333 2.69111e-08 0 0 0 0.000190549 3.76346e-10 -2.41127e-08 0 
0.3504 0.00870672 2.0252e+06 0 0 2.0252e+06 1.33333 -1.99341e-08 0 0 0 0.000190537 3.76333e-10 2.36536e-08 0 
0.35405 0.00870693 2.02515e+06 0 0 2.02515e+06 1.33333 -3.98683e-08 0 0 0 0.000190525 3.76317e-10 4.22765e-08 0 
0.3577 0.00870715 2.0251e+06 0 0 2.0251e+06 1.33333 -3.98683e-08 0 0 0 0.000190514 3.76305e-10 4.22654e-08 0 
0.36135 0.00870736 2.02505e+06 0 0 2.02505e+06 1.33333 -3.18946e-08 0 0 0 0.000190506 3.76298e-10 3.42176e-08 0 
0.365 0.00870758 2.025e+06 0 0 2.025e+06 1.33333 -2.3921e-08 0 0 0 0.000190502 3.76299e-10 2.70169e-08 0 


0 0.0112 2.03e+06 0 0 1.5225e+06 1 0 0 1.01394 1.01407 507500 1 0 1.36236e-05 
0.00365 0.0111996 2.02995e+06 0 0 1.52255e+06 1.00006 -6.79132 0 1.01379 1.01404 507398 0.999824 6.79132 2.4093e-05 
0.0073 0.011199 2.0299e+06 0 0 1.52264e+06 1.00014 -15.9635 0 1.0136 1.01398 507263 0.999582 15.9635 3.7564e-05 
0.01095 0.0111982 2.02985e+06 0 0 1.52276e+06 1.00025 -28.1243 0 1.01336 1.01391 507085 0.999257 28.1243 5.48081e-05 
0.0146 0.0111969 2.0298e+06 0 0 1.52295e+06 1.00039 -44.0253 0 1.01305 1.01382 506854 0.998825 44.0253 7.67744e-05 
0.01825 0.0111953 2.02975e+06 0 0 1.52319e+06 1.00058 -64.5933 0 1.01265 1.01371 506556 0.998262 64.5933 0.000104635 
0.0219 0.011193 2.0297e+06 0 0 1.52353e+06 1.00082 -90.9669 0 1.01215 1.01356 506173 0.997533 90.9669 0.000139808 
0.02555 0.0111901 2.02965e+06 0 0 1.52396e+06 1.00113 -124.54 0 1.01151 1.01337 505686 0.996598 124.54 0.000183997 
0.0292 0.0111864 2.0296e+06 0 0 1.52453e+06 1.00153 -167.018 0 1.01071 1.01312 505069 0.995406 167.018 0.000239252 
0.03285 0.0111816 2.02955e+06 0 0 1.52526e+06 1.00203 -220.478 0 1.00972 1.01282 504290 0.993895 220.478 0.00030806 
0.0365 0.0111754 2.0295e+06 0 0 1.52619e+06 1.00267 -287.452 0 1.00847 1.01243 503311 0.991991 287.452 0.000393455 
0.04015 0.0111677 2.02945e+06 0 0 1.52736e+06 1.00347 -371.01 0 1.00692 1.01194 502086 0.989599 371.01 0.000499144 
0.0438 0.011158 2.0294e+06 0 0 1.52884e+06 1.00446 -474.866 0 1.005 1.01134 500555 0.986608 474.866 0.000629646 
0.04745 0.0111459 2.02935e+06 0 0 1.5307e+06 1.00571 -603.48 0 1.00262 1.01057 498651 0.982878 603.48 0.000790444 
0.0511 0.0111309 2.0293e+06 0 0 1.53301e+06 1.00725 -762.175 0 0.999674 1.00962 496286 0.978241 762.175 0.000988169 
0.05475 0.0111123 2.02925e+06 0 0 1.53589e+06 1.00917 -957.235 0 0.996042 1.00843 493358 0.972493 957.235 0.00123079 
0.0584 0.0110894 2.0292e+06 0 0 1.53946e+06 1.01154 -1195.97 0 0.991567 1.00695 489742 0.965389 1195.97 0.00152784 
0.06205 0.0110613 2.02915e+06 0 0 1.54386e+06 1.01445 -1486.75 0 0.986063 1.0051 485289 0.956636 1486.75 0.00189061 
0.0657 0.011027 2.0291e+06 0 0 1.54928e+06 1.01804 -1838.86 0 0.979303 1.00279 479824 0.945885 1838.86 0.00233236 
0.06935 0.0109852 2.02905e+06 0 0 1.55591e+06 1.02242 -2262.28 0 0.971021 0.999901 473139 0.93273 2262.28 0.00286849 
0.073 0.0109348 2.029e+06 0 0 1.564e+06 1.02777 -2767.08 0 0.960893 0.9963 464997 0.916701 2767.08 0.00351654 
0.07665 0.0108744 2.02895e+06 0 0 1.57382e+06 1.03424 -3362.48 0 0.948542 0.9918 455129 0.89727 3362.48 0.00429605 
0.0803 0.0108025 2.0289e+06 0 0 1.58566e+06 1.04205 -4055.37 0 0.933525 0.986171 443243 0.873859 4055.37 0.0052281 
0.08395 0.0107179 2.02885e+06 0 0 1.59982e+06 1.05138 -4848.17 0 0.915331 0.979121 429030 0.845858 4848.17 0.00633431 
0.0876 0.0106195 2.0288e+06 0 0 1.61662e+06 1.06244 -5735.89 0 0.893386 0.970282 412184 0.812665 5735.89 0.00763505 
0.09125 0.0105065 2.02875e+06 0 0 1.63632e+06 1.07542 -6702.68 0 0.867054 0.959181 392432 0.773742 6702.68 0.00914648 
0.0949 0.010379 2.0287e+06 0 0 1.65913e+06 1.09044 -7718 0 0.835661 0.945223 369573 0.728689 7718 0.010876 
0.09855 0.0102378 2.02865e+06 0 0 1.68512e+06 1.10755 -8733.31 0 0.798535 0.927652 343527 0.677351 8733.31 0.0128152 
0.1022 0.0100847 2.0286e+06 0 0 1.7142e+06 1.12669 -9680.53 0 0.75506 0.905523 314398 0.619931 9680.53 0.0149307 
0.10585 0.00992282 2.02855e+06 0 0 1.74602e+06 1.14763 -10473.9 0 0.704784 0.877672 282531 0.557108 10473.9 0.0171518 
0.1095 0.00975628 2.0285e+06 0 0 1.77994e+06 1.16996 -11017.1 0 0.647548 0.84272 248557 0.490129 11017.1 0.0193565 
0.11315 0.00959018 2.02845e+06 0 0 1.81504e+06 1.19306 -11216.8 0 0.583667 0.799134 213410 0.420833 11216.8 0.0213607 
0.1168 0.00943008 2.0284e+06 0 0 1.85012e+06 1.21614 -11002.8 0 0.514133 0.745417 178285 0.351577 11002.8 0.0229174 
0.12045 0.00928146 2.02835e+06 0 0 1.88382e+06 1.23833 -10350 0 0.440782 0.680516 144533 0.285025 10350 0.0237399 
0.1241 0.00914898 2.0283e+06 0 0 1.91481e+06 1.25873 -9297.46 0 0.366337 0.604466 113487 0.223807 9297.46 0.0235635 
0.12775 0.00903589 2.02825e+06 0 0 1.942e+06 1.27663 -7952.26 0 0.294193 0.519175 86251.7 0.170101 7952.26 0.0222436 
0.1314 0.0089436 2.0282e+06 0 0 1.96469e+06 1.29158 -6470.72 0 0.227887 0.428882 63510.4 0.125255 6470.72 0.0198537 
0.13505 0.00887154 2.02815e+06 0 0 1.98272e+06 1.30347 -5018.92 0 0.170341 0.339699 45429.1 0.0895971 5018.92 0.0167132 
0.1387 0.00881758 2.0281e+06 0 0 1.99641e+06 1.3125 -3728.73 0 0.123201 0.258031 31694.7 0.0625112 3728.73 0.0132942 
0.14235 0.00877864 2.02805e+06 0 0 2.00638e+06 1.31909 -2671.73 0 0.0866159 0.188639 21670.3 0.0427412 2671.73 0.0100519 
0.146 0.00875137 2.028e+06 0 0 2.01341e+06 1.32374 -1860.47 0 0.0595188 0.133525 14588.5 0.0287742 1860.47 0.00728716 
0.14965 0.00873274 2.02795e+06 0 0 2.01824e+06 1.32695 -1268.13 0 0.0401923 0.0921383 9709.97 0.0191523 1268.13 0.00511263 
0.1533 0.00872025 2.0279e+06 0 0 2.02149e+06 1.32912 -851.217 0 0.0267984 0.0623836 6410.94 0.0126455 851.217 0.00350121 
0.15695 0.008712 2.02785e+06 0 0 2.02364e+06 1.33057 -565.285 0 0.0177083 0.0416671 4209.18 0.00830274 565.285 0.00235675 
0.1606 0.00870663 2.0278e+06 0 0 2.02505e+06 1.33152 -372.668 0 0.0116291 0.027568 2753.03 0.00543058 372.668 0.00156761 
0.16425 0.00870318 2.02775e+06 0 0 2.02595e+06 1.33215 -244.476 0 0.00760453 0.018122 1795.96 0.00354276 244.476 0.00103429 
0.1679 0.00870099 2.0277e+06 0 0 2.02653e+06 1.33256 -159.852 0 0.00495841 0.0118605 1169.53 0.0023071 159.852 0.000678705 
0.17155 0.00869964 2.02765e+06 0 0 2.02689e+06 1.33283 -104.289 0 0.00322665 0.00773957 760.662 0.00150058 104.289 0.000443745 
0.1752 0.00869883 2.0276e+06 0 0 2.02711e+06 1.33301 -67.9375 0 0.00209683 0.00504031 494.307 0.000975156 67.9375 0.000289415 
0.17885 0.00869839 2.02755e+06 0 0 2.02723e+06 1.33312 -44.212 0 0.00136128 0.00327791 321.016 0.000633309 44.212 0.000188446 
0.1825 0.00869817 2.0275e+06 0 0 2.02729e+06 1.3332 -28.7516 0 0.000883112 0.00212968 208.376 0.0004111 28.7516 0.000122562 
0.18615 0.0086981 2.02745e+06 0 0 2.02731e+06 1.33324 -18.688 0 0.000572587 0.00138269 135.208 0.000266754 18.688 7.96479e-05 
0.1898 0.00869814 2.0274e+06 0 0 2.02731e+06 1.33328 -12.1421 0 0.000371082 0.000897232 87.7026 0.000173035 12.1421 5.17292e-05 
0.19345 0.00869823 2.02735e+06 0 0 2.02729e+06 1.3333 -7.88665 0 0.000240396 0.000581966 56.8718 0.000112209 7.88665 3.35815e-05 
0.1971 0.00869837 2.0273e+06 0 0 2.02726e+06 1.33331 -5.12129 0 0.00015568 0.000377342 36.8692 7.27454e-05 5.12129 2.17925e-05 
0.20075 0.00869854 2.02725e+06 0 0 2.02723e+06 1.33332 -3.32482 0 0.000100785 0.000244587 23.8955 4.71487e-05 3.32482 1.41376e-05 
0.2044 0.00869872 2.0272e+06 0 0 2.02718e+06 1.33332 -2.15806 0 6.52264e-05 0.000158491 15.4831 3.05507e-05 2.15806 9.16902e-06 
0.20805 0.00869891 2.02715e+06 0 0 2.02714e+06 1.33333 -1.40046 0 4.22003e-05 0.000102672 10.0297 1.97907e-05 1.40046 5.94506e-06 
0.2117 0.00869911 2.0271e+06 0 0 2.02709e+06 1.33333 -0.908641 0 2.72943e-05 6.64939e-05 6.49537 1.28171e-05 0.908642 3.85371e-06 
0.21535 0.00869932 2.02705e+06 0 0 2.02705e+06 1.33333 -0.58942 0 1.76478e-05 4.30517e-05 4.20537 8.29851e-06 0.58942 2.49742e-06 
0.219 0.00869953 2.027e+06 0 0 2.027e+06 1.33333 -0.382267 0 1.14071e-05 2.78663e-05 2.72199 5.37147e-06 0.382267 1.61806e-06 
0.22265 0.00869974 2.02695e+06 0 0 2.02695e+06 1.33333 -0.247867 0 7.37081e-06 1.8032e-05 1.76136 3.47589e-06 0.247867 1.04806e-06 
0.2263 0.00869995 2.0269e+06 0 0 2.0269e+06 1.33333 -0.160684 0 4.76115e-06 1.1665e-05 1.13943 2.24861e-06 0.160684 6.78679e-07 
0.22995 0.00870016 2.02685e+06 0 0 2.02685e+06 1.33333 -0.104144 0 3.07441e-06 7.54389e-06 0.73688 1.45424e-06 0.104144 4.39365e-07 
0.2336 0.00870038 2.0268e+06 0 0 2.0268e+06 1.33333 -0.0674823 0 1.98453e-06 4.87724e-06 0.476403 9.40208e-07 0.0674823 2.8436e-07 
0.23725 0.00870059 2.02675e+06 0 0 2.02675e+06 1.33333 -0.0437164 0 1.28054e-06 3.15223e-06 0.307905 6.07683e-07 0.0437164 1.83988e-07 
0.2409 0.00870081 2.0267e+06 0 0 2.0267e+06 1.33333 -0.0283133 0 8.25969e-07 2.03666e-06 0.198938 3.92635e-07 0.0283133 1.1901e-07 
0.24455 0.00870102 2.02665e+06 0 0 2.02665e+06 1.33333 -0.0183328 0 5.32544e-07 1.31545e-06 0.128491 2.53602e-07 0.0183328 7.69573e-08 
0.2482 0.00870123 2.0266e+06 0 0 2.0266e+06 1.33333 -0.0118673 0 3.43203e-07 8.4932e-07 0.0829603 1.63743e-07 0.0118673 4.97491e-08 
0.25185 0.00870145 2.02655e+06 0 0 2.02655e+06 1.33333 -0.00767994 0 2.2107e-07 5.48153e-07 0.0535428 1.05683e-07 0.00767994 3.21504e-08 
0.2555 0.00870166 2.0265e+06 0 0 2.0265e+06 1.33333 -0.00496872 0 1.42316e-07 3.5363e-07 0.0345421 6.81808e-08 0.00496872 2.07707e-08 
0.25915 0.00870188 2.02645e+06 0 0 2.02645e+06 1.33333 -0.00321372 0 9.15509e-08 2.28029e-07 0.0222735 4.39655e-08 0.00321372 1.34145e-08 
0.2628 0.00870209 2.0264e+06 0 0 2.0264e+06 1.33333 -0.00207801 0 5.88394e-08 1.46955e-07 0.0143543 2.83346e-08 0.00207801 8.66077e-09 
0.26645 0.00870231 2.02635e+06 0 0 2.02635e+06 1.33333 -0.00134324 0 3.77678e-08 9.46402e-08 0.00924431 1.82482e-08 0.00134324 5.58982e-09 
0.2701 0.00870252 2.0263e+06 0 0 2.0263e+06 1.33333 -0.00086808 0 2.41982e-08 6.08939e-08 0.00594803 1.17416e-08 0.000868083 3.60664e-09 
0.27375 0.00870274 2.02625e+06 0 0 2.02625e+06 1.33333 -0.000560637 0 1.54637e-08 3.91329e-08 0.00382244 7.54584e-09 0.000560641 2.32629e-09 
0.2774 0.00870295 2.0262e+06 0 0 2.0262e+06 1.33333 -0.000362662 0 9.84103e-09 2.51056e-08 0.00245228 4.84114e-09 0.000362664 1.50021e-09 
0.28105 0.00870317 2.02615e+06 0 0 2.02615e+06 1.33333 -0.000232173 0 6.22484e-09 1.60678e-08 0.00156948 3.09844e-09 0.000232176 9.67436e-10 
0.2847 0.00870338 2.0261e+06 0 0 2.0261e+06 1.33333 -0.000157026 0 3.8965e-09 1.0253e-08 0.0010015 1.97719e-09 0.000157028 6.24473e-10 
0.28835 0.0087036 2.02605e+06 0 0 2.02605e+06 1.33333 -7.48885e-05 0 2.38537e-09 6.51556e-09 0.00063643 1.25649e-09 7.4891e-05 4.06879e-10 
0.292 0.00870381 2.026e+06 0 0 2.026e+06 1.33333 -0.000135352 0 1.40637e-09 4.1757e-09 0.000407876 8.05284e-10 0.000135355 2.69334e-10 
0.29565 0.00870403 2.02595e+06 0 0 2.02595e+06 1.33333 0.000225629 0 7.21055e-10 2.70266e-09 0.000263992 5.21221e-10 -0.000225625 2.04965e-10 
0.2993 0.00870424 2.0259e+06 0 0 2.0259e+06 1.33333 -0.000946669 0 2.31411e-10 2.2763e-09 0.000222346 4.39006e-10 0.000946672 -2.2826e-11 
0.30295 0.00870446 2.02585e+06 0 0 2.02585e+06 1.33333 0.000117018 0 2.51014e-11 0 0.000188707 3.72598e-10 -0.000117015 -2.49737e-12 
0.3066 0.00870467 2.0258e+06 0 0 2.0258e+06 1.33333 -0.000206848 0 0 0 0.000188609 3.72414e-10 0.000206849 0 
0.31025 0.00870489 2.02575e+06 0 0 2.02575e+06 1.33333 0.000122319 0 0 0 0.000187595 3.7042e-10 -0.000122316 0 
0.3139 0.0087051 2.0257e+06 0 0 2.0257e+06 1.33333 -2.30728e-05 0 0 0 0.000190535 3.76236e-10 2.30744e-05 0 
0.31755 0.00870532 2.02565e+06 0 0 2.02565e+06 1.33333 1.29502e-05 0 0 0 0.0001906 3.76374e-10 -1.29489e-05 0 
0.3212 0.00870553 2.0256e+06 0 0 2.0256e+06 1.33333 -1.0286e-06 0 0 0 0.000191198 3.77563e-10 1.03115e-06 0 
0.32485 0.00870575 2.02555e+06 0 0 2.02555e+06 1.33333 1.5738e-06 0 0 0 0.000191204 3.77585e-10 -1.57151e-06 0 
0.3285 0.00870596 2.0255e+06 0 0 2.0255e+06 1.33333 1.82397e-07 0 0 0 0.000191196 3.77578e-10 -1.79741e-07 0 
0.33215 0.00870618 2.02545e+06 0 0 2.02545e+06 1.33333 -9.07003e-08 0 0 0 0.000191086 3.7737e-10 9.10331e-08 0 
0.3358 0.00870639 2.0254e+06 0 0 2.0254e+06 1.33333 -4.21607e-07 0 0 0 0.000190954 3.77119e-10 4.22821e-07 0 
0.33945 0.00870661 2.02535e+06 0 0 2.02535e+06 1.33333 -4.95363e-07 0 0 0 0.00019082 3.76864e-10 4.98221e-07 0 
0.3431 0.00870682 2.0253e+06 0 0 2.0253e+06 1.33333 -4.78419e-07 0 0 0 0.000190705 3.76646e-10 4.82437e-07 0 
0.34675 0.00870704 2.02525e+06 0 0 2.02525e+06 1.33333 -3.96689e-07 0 0 0 0.000190616 3.76479e-10 4.00125e-07 0 
0.3504 0.00870725 2.0252e+06 0 0 2.0252e+06 1.33333 -2.97019e-07 0 0 0 0.000190553 3.76364e-10 2.99376e-07 0 
0.35405 0.00870747 2.02515e+06 0 0 2.02515e+06 1.33333 -1.98345e-07 0 0 0 0.000190513 3.76293e-10 1.99168e-07 0 
0.3577 0.00870768 2.0251e+06 0 0 2.0251e+06 1.33333 -1.09638e-07 0 0 0 0.00019049 3.76258e-10 1.13199e-07 0 
0.36135 0.0087079 2.02505e+06 0 0 2.02505e+06 1.33333 -4.68452e-08 0 0 0 0.000190479 3.76245e-10 4.88589e-08 0 
0.365 0.00870811 2.025e+06 0 0 2.025e+06 1.33333 -1.09638e-08 0 0 0 0.000190474 3.76246e-10 1.2794e-08 0 


0 0.0112 2.03e+06 0 0 1.5225e+06 1 0 0 1.01399 1.01407 507500 1 0 8.30453e-06 
0.00365 0.0111998 2.02995e+06 0 0 1.52252e+06 1.00004 -4.62973 0 1.01389 1.01405 507426 0.99988 4.62973 1.55321e-05 
0.0073 0.0111995 2.0299e+06 0 0 1.52257e+06 1.0001 -10.934 0 1.01376 1.01401 507329 0.999713 10.934 2.48914e-05 
0.01095 0.011199 2.02985e+06 0 0 1.52265e+06 1.00017 -19.3463 0 1.01359 1.01396 507202 0.999487 19.3463 3.69309e-05 
0.0146 0.0111982 2.0298e+06 0 0 1.52276e+06 1.00027 -30.403 0 1.01337 1.01389 507037 0.999187 30.403 5.23265e-05 
0.01825 0.0111971 2.02975e+06 0 0 1.52293e+06 1.0004 -44.7665 0 1.01309 1.01381 506825 0.998793 44.7665 7.19132e-05 
0.0219 0.0111957 2.0297e+06 0 0 1.52315e+06 1.00057 -63.2521 0 1.01273 1.0137 506553 0.998282 63.2521 9.67047e-05 
0.02555 0.0111937 2.02965e+06 0 0 1.52344e+06 1.00079 -86.8606 0 1.01228 1.01357 506207 0.997624 86.8606 0.000127924 
0.0292 0.0111911 2.0296e+06 0 0 1.52383e+06 1.00107 -116.819 0 1.01172 1.0134 505768 0.996784 116.819 0.000167049 
0.03285 0.0111878 2.02955e+06 0 0 1.52434e+06 1.00143 -154.629 0 1.01101 1.01318 505215 0.995718 154.629 0.000215879 
0.0365 0.0111835 2.0295e+06 0 0 1.52498e+06 1.00188 -202.126 0 1.01012 1.01291 504518 0.99437 202.126 0.000276615 
0.04015 0.0111781 2.02945e+06 0 0 1.5258e+06 1.00244 -261.551 0 1.00902 1.01256 503646 0.992674 261.551 0.000351952 
0.0438 0.0111713 2.0294e+06 0 0 1.52685e+06 1.00315 -335.631 0 1.00765 1.01213 502555 0.990549 335.631 0.000445188 
0.04745 0.0111627 2.02935e+06 0 0 1.52815e+06 1.00404 -427.67 0 1.00595 1.01159 501195 0.987893 427.67 0.000560343 
0.0511 0.0111521 2.0293e+06 0 0 1.5298e+06 1.00514 -541.659 0 1.00385 1.01092 499504 0.984584 541.659 0.000702308 
0.05475 0.0111388 2.02925e+06 0 0 1.53184e+06 1.00651 -682.378 0 1.00125 1.01007 497406 0.980472 682.378 0.000877002 
0.0584 0.0111223 2.0292e+06 0 0 1.53439e+06 1.00821 -855.51 0 0.998034 1.00902 494808 0.975375 855.51 0.00109157 
0.06205 0.011102 2.02915e+06 0 0 1.53755e+06 1.01031 -1067.73 0 0.994076 1.00771 491600 0.969075 1067.73 0.00135457 
0.0657 0.011077 2.0291e+06 0 0 1.54145e+06 1.0129 -1326.74 0 0.989205 1.00608 487647 0.961307 1326.74 0.00167621 
0.06935 0.0110464 2.02905e+06 0 0 1.54626e+06 1.01608 -1641.29 0 0.983219 1.00404 482790 0.951756 1641.29 0.00206855 
0.073 0.0110092 2.029e+06 0 0 1.55216e+06 1.01998 -2020.94 0 0.975877 1.00151 476842 0.940053 2020.94 0.00254569 
0.07665 0.0109641 2.02895e+06 0 0 1.55937e+06 1.02474 -2475.74 0 0.966888 0.998341 469583 0.925766 2475.74 0.00312387 
0.0803 0.0109098 2.0289e+06 0 0 1.56814e+06 1.03053 -3015.51 0 0.95591 0.994388 460764 0.908401 3015.51 0.00382146 
0.08395 0.0108449 2.02885e+06 0 0 1.57874e+06 1.03753 -3648.68 0 0.942538 0.989449 450105 0.887409 3648.68 0.00465868 
0.0876 0.010768 2.0288e+06 0 0 1.59149e+06 1.04593 -4380.56 0 0.926303 0.98327 437307 0.862198 4380.56 0.00565697 
0.09125 0.010678 2.02875e+06 0 0 1.60669e+06 1.05595 -5210.88 0 0.906668 0.97553 422060 0.832157 5210.88 0.00683767 
0.0949 0.0105738 2.0287e+06 0 0 1.62463e+06 1.06777 -6130.66 0 0.883032 0.965821 404068 0.796704 6130.66 0.00821986 
0.09855 0.010455 2.02865e+06 0 0 1.64557e+06 1.08155 -7118.52 0 0.85474 0.953625 383083 0.755347 7118.52 0.00981677 
0.1022 0.0103219 2.0286e+06 0 0 1.66965e+06 1.09741 -8136.99 0 0.821115 0.938284 358947 0.707774 8136.99 0.0116303 
0.10585 0.0101758 2.02855e+06 0 0 1.6969e+06 1.11535 -9129.73 0 0.781497 0.91897 331648 0.653962 9129.73 0.0136434 
0.1095 0.0100189 2.0285e+06 0 0 1.72712e+06 1.13524 -10021.2 0 0.735325 0.894652 301381 0.594294 10021.2 0.0158088 
0.11315 0.00985481 2.02845e+06 0 0 1.75985e+06 1.15678 -10720.5 0 0.682244 0.864077 268603 0.529672 10720.5 0.018037 
0.1168 0.00968804 2.0284e+06 0 0 1.79433e+06 1.17947 -11130.8 0 0.622267 0.825792 234068 0.461582 11130.8 0.0201818 
0.12045 0.00952395 2.02835e+06 0 0 1.82953e+06 1.20264 -11166 0 0.555959 0.778249 198823 0.392088 11166 0.0220328 
0.1241 0.00936812 2.0283e+06 0 0 1.86416e+06 1.22543 -10771.7 0 0.48464 0.720074 164139 0.323698 10771.7 0.0233229 
0.12775 0.00922576 2.02825e+06 0 0 1.89687e+06 1.24697 -9947.74 0 0.410509 0.650568 131382 0.259105 9947.74 0.0237652 
0.1314 0.00910104 2.0282e+06 0 0 1.92638e+06 1.2664 -8761.26 0 0.336604 0.570444 101815 0.200799 8761.26 0.0231314 
0.13505 0.00899648 2.02815e+06 0 0 1.95176e+06 1.28311 -7342.68 0 0.266455 0.482541 76388 0.150656 7342.68 0.0213561 
0.1387 0.00891267 2.0281e+06 0 0 1.97252e+06 1.2968 -5857.29 0 0.203439 0.391975 55577.1 0.109614 5857.29 0.0186159 
0.14235 0.00884836 2.02805e+06 0 0 1.98871e+06 1.30747 -4461.43 0 0.150019 0.305204 39341.3 0.0775944 4461.43 0.0153089 
0.146 0.00880094 2.028e+06 0 0 2.00079e+06 1.31544 -3263.65 0 0.107229 0.228162 27214.5 0.0536776 3263.65 0.0119202 
0.14965 0.00876715 2.02795e+06 0 0 2.00946e+06 1.32118 -2309.78 0 0.0746676 0.164538 18485.8 0.036462 2309.78 0.00885229 
0.1533 0.00874373 2.0279e+06 0 0 2.01551e+06 1.32519 -1593.53 0 0.050936 0.115207 12385.7 0.0244307 1593.53 0.00632736 
0.15695 0.00872786 2.02785e+06 0 0 2.01963e+06 1.32793 -1078.96 0 0.0342171 0.0788567 8216.85 0.016208 1078.96 0.00439292 
0.1606 0.00871729 2.0278e+06 0 0 2.02239e+06 1.32977 -720.911 0 0.0227334 0.0530859 5413.42 0.0106784 720.911 0.00298609 
0.16425 0.00871035 2.02775e+06 0 0 2.0242e+06 1.331 -477.281 0 0.0149876 0.0353197 3549.47 0.00700179 477.281 0.00199988 
0.1679 0.00870584 2.0277e+06 0 0 2.02538e+06 1.33181 -314.025 0 0.00982884 0.0233097 2319.77 0.00457616 314.025 0.0013258 
0.17155 0.00870296 2.02765e+06 0 0 2.02614e+06 1.33234 -205.751 0 0.00642252 0.0152991 1512.76 0.00298425 205.751 0.000872902 
0.1752 0.00870115 2.0276e+06 0 0 2.02661e+06 1.33269 -134.433 0 0.00418645 0.0100042 985.011 0.00194321 134.433 0.000572067 
0.17885 0.00870005 2.02755e+06 0 0 2.02691e+06 1.33291 -87.6719 0 0.00272432 0.00652544 640.713 0.00126402 87.6719 0.000373756 
0.1825 0.00869941 2.0275e+06 0 0 2.02708e+06 1.33306 -57.1043 0 0.00177077 0.00424916 416.455 0.000821614 57.1043 0.000243686 
0.18615 0.00869906 2.02745e+06 0 0 2.02718e+06 1.33316 -37.1625 0 0.00115003 0.00276369 270.546 0.000533766 37.1625 0.000158659 
0.1898 0.00869891 2.0274e+06 0 0 2.02722e+06 1.33322 -24.1702 0 0.000746423 0.00179605 175.686 0.000346622 24.1702 0.0001032 
0.19345 0.00869889 2.02735e+06 0 0 2.02724e+06 1.33326 -15.7133 0 0.000484234 0.00116651 114.048 0.000225019 15.7133 6.70807e-05 
0.1971 0.00869895 2.0273e+06 0 0 2.02723e+06 1.33328 -10.2121 0 0.000314019 0.000757285 74.0149 0.000146036 10.2121 4.35811e-05 
0.20075 0.00869907 2.02725e+06 0 0 2.0272e+06 1.3333 -6.63511 0 0.000203569 0.000491443 48.0222 9.47533e-05 6.63511 2.8303e-05 
0.2044 0.00869922 2.0272e+06 0 0 2.02717e+06 1.33331 -4.3101 0 0.000131927 0.000318826 31.1503 6.14648e-05 4.3101 1.83752e-05 
0.20805 0.00869939 2.02715e+06 0 0 2.02713e+06 1.33332 -2.79926 0 8.54742e-05 0.000206784 20.2016 3.98621e-05 2.79926 1.19266e-05 
0.2117 0.00869958 2.0271e+06 0 0 2.02709e+06 1.33332 -1.81769 0 5.53625e-05 0.000134081 13.0982 2.58462e-05 1.81769 7.73917e-06 
0.21535 0.00869978 2.02705e+06 0 0 2.02704e+06 1.33333 -1.18011 0 3.58491e-05 8.69187e-05 8.49067 1.67547e-05 1.18011 5.02082e-06 
0.219 0.00869998 2.027e+06 0 0 2.02699e+06 1.33333 -0.766033 0 2.32072e-05 5.63319e-05 5.50266 1.08587e-05 0.766033 3.25657e-06 
0.22265 0.00870019 2.02695e+06 0 0 2.02695e+06 1.33333 -0.497162 0 1.50192e-05 3.64999e-05 3.56536 7.0359e-06 0.497162 2.11179e-06 
0.2263 0.0087004 2.0269e+06 0 0 2.0269e+06 1.33333 -0.322605 0 9.71741e-06 2.36441e-05 2.30956 4.55782e-06 0.322605 1.36914e-06 
0.22995 0.00870061 2.02685e+06 0 0 2.02685e+06 1.33333 -0.209298 0 6.28534e-06 1.53125e-05 1.49572 2.95181e-06 0.209298 8.87455e-07 
0.2336 0.00870082 2.0268e+06 0 0 2.0268e+06 1.33333 -0.135762 0 4.06423e-06 9.91424e-06 0.968415 1.91122e-06 0.135762 5.75104e-07 
0.23725 0.00870103 2.02675e+06 0 0 2.02675e+06 1.33333 -0.0880454 0 2.62721e-06 6.41739e-06 0.626844 1.23714e-06 0.0880454 3.72602e-07 
0.2409 0.00870125 2.0267e+06 0 0 2.0267e+06 1.33333 -0.0570884 0 1.69775e-06 4.1528e-06 0.40564 8.00593e-07 0.0570884 2.41346e-07 
0.24455 0.00870146 2.02665e+06 0 0 2.02665e+06 1.33333 -0.0370082 0 1.09675e-06 2.68659e-06 0.262422 5.17943e-07 0.0370082 1.56288e-07 
0.2482 0.00870168 2.0266e+06 0 0 2.0266e+06 1.33333 -0.0239859 0 7.0825e-07 1.73754e-06 0.16972 3.34985e-07 0.0239859 1.01182e-07 
0.25185 0.00870189 2.02655e+06 0 0 2.02655e+06 1.33333 -0.0155423 0 4.57192e-07 1.1234e-06 0.109732 2.16588e-07 0.0155423 6.54891e-08 
0.2555 0.0087021 2.0265e+06 0 0 2.0265e+06 1.33333 -0.0100688 0 2.95002e-07 7.26086e-07 0.070923 1.39991e-07 0.0100688 4.23758e-08 
0.25915 0.00870232 2.02645e+06 0 0 2.02645e+06 1.33333 -0.00652135 0 1.90256e-07 4.69123e-07 0.0458232 9.04503e-08 0.00652135 2.74124e-08 
0.2628 0.00870253 2.0264e+06 0 0 2.0264e+06 1.33333 -0.00422271 0 1.22628e-07 3.02977e-07 0.0295943 5.84176e-08 0.00422271 1.77278e-08 
0.26645 0.00870275 2.02635e+06 0 0 2.02635e+06 1.33333 -0.00273361 0 7.89796e-08 1.95581e-07 0.0191041 3.77114e-08 0.00273362 1.14615e-08 
0.2701 0.00870296 2.0263e+06 0 0 2.0263e+06 1.33333 -0.00176918 0 5.08158e-08 1.26182e-07 0.0123252 2.43305e-08 0.00176918 7.40805e-09 
0.27375 0.00870318 2.02625e+06 0 0 2.02625e+06 1.33333 -0.00114471 0 3.26498e-08 8.13482e-08 0.00794597 1.56861e-08 0.00114471 4.7867e-09 
0.2774 0.00870339 2.0262e+06 0 0 2.0262e+06 1.33333 -0.000740445 0 2.09349e-08 5.23934e-08 0.00511771 1.01031e-08 0.000740448 3.0921e-09 
0.28105 0.00870361 2.02615e+06 0 0 2.02615e+06 1.33333 -0.000478791 0 1.33842e-08 3.36995e-08 0.00329171 6.49845e-09 0.000478794 1.99678e-09 
0.2847 0.00870382 2.0261e+06 0 0 2.0261e+06 1.33333 -0.000309827 0 8.51742e-09 2.1634e-08 0.00211318 4.17191e-09 0.000309829 1.28919e-09 
0.28835 0.00870404 2.02605e+06 0 0 2.02605e+06 1.33333 -0.000198769 0 5.37558e-09 1.38495e-08 0.0013528 2.67081e-09 0.000198771 8.32934e-10 
0.292 0.00870425 2.026e+06 0 0 2.026e+06 1.33333 -0.000133955 0 3.35453e-09 8.8362e-09 0.000863106 1.70406e-09 0.000133958 5.38604e-10 
0.29565 0.00870447 2.02595e+06 0 0 2.02595e+06 1.33333 -6.566e-05 0 2.03649e-09 5.61423e-09 0.000548389 1.08273e-09 6.5662e-05 3.52431e-10 
0.2993 0.00870468 2.0259e+06 0 0 2.0259e+06 1.33333 -0.000105424 0 1.1666e-09 3.60244e-09 0.000351881 6.94764e-10 0.000105425 2.37405e-10 
0.30295 0.0087049 2.02585e+06 0 0 2.02585e+06 1.33333 0.000163457 0 5.44837e-10 2.37054e-09 0.000231551 4.57193e-10 -0.000163454 1.87817e-10 
0.3066 0.00870511 2.0258e+06 0 0 2.0258e+06 1.33333 -0.000755106 0 1.45019e-10 2.11405e-09 0.000206497 4.07735e-10 0.000755109 -1.42458e-11 
0.31025 0.00870533 2.02575e+06 0 0 2.02575e+06 1.33333 0.000210572 0 0 0 0.000189068 3.73329e-10 -0.000210569 0 
0.3139 0.00870554 2.0257e+06 0 0 2.0257e+06 1.33333 -6.69757e-05 0 0 0 0.000194148 3.83369e-10 6.69783e-05 0 
0.31755 0.00870576 2.02565e+06 0 0 2.02565e+06 1.33333 2.03817e-05 0 0 0 0.000191624 3.78395e-10 -2.03797e-05 0 
0.3212 0.00870597 2.0256e+06 0 0 2.0256e+06 1.33333 -1.03099e-05 0 0 0 0.000191697 3.78549e-10 1.03114e-05 0 
0.32485 0.00870619 2.02555e+06 0 0 2.02555e+06 1.33333 8.15306e-07 0 0 0 0.000191124 3.77427e-10 -8.12809e-07 0 
0.3285 0.0087064 2.0255e+06 0 0 2.0255e+06 1.33333 -1.86982e-06 0 0 0 0.000190928 3.77048e-10 1.87239e-06 0 
0.33215 0.00870662 2.02545e+06 0 0 2.02545e+06 1.33333 -4.87389e-07 0 0 0 0.000190726 3.7666e-10 4.8788e-07 0 
0.3358 0.00870683 2.0254e+06 0 0 2.0254e+06 1.33333 -5.8706e-07 0 0 0 0.000190609 3.76437e-10 5.90707e-07 0 
0.33945 0.00870705 2.02535e+06 0 0 2.02535e+06 1.33333 -4.30577e-07 0 0 0 0.000190524 3.76278e-10 4.33746e-07 0 
0.3431 0.00870726 2.0253e+06 0 0 2.0253e+06 1.33333 -3.05989e-07 0 0 0 0.000190476 3.76194e-10 3.09343e-07 0 
0.34675 0.00870748 2.02525e+06 0 0 2.02525e+06 1.33333 -1.83394e-07 0 0 0 0.000190458 3.76168e-10 1.86724e-07 0 
0.3504 0.00870769 2.0252e+06 0 0 2.0252e+06 1.33333 -6.07991e-08 0 0 0 0.000190463 3.76186e-10 6.3488e-08 0 
0.35405 0.00870791 2.02515e+06 0 0 2.02515e+06 1.33333 3.58814e-08 0 0 0 0.000190482 3.76233e-10 -3.32427e-08 0 
0.3577 0.00870812 2.0251e+06 0 0 2.0251e+06 1.33333 1.05651e-07 0 0 0 0.000190507 3.76292e-10 -1.035e-07 0 
0.36135 0.00870834 2.02505e+06 0 0 2.02505e+06 1.33333 1.48509e-07 0 0 0 0.000190531 3.76348e-10 -1.46575e-07 0 
0.365 0.00870855 2.025e+06 0 0 2.025e+06 1.33333 1.68443e-07 0 0 0 0.000190545 3.76386e-10 -1.67244e-07 0 


0 0.0112 2.03e+06 0 0 1.5225e+06 1 0 0 1.01402 1.01407 507500 1 0 5.0622e-06 
0.00365 0.0112 2.02995e+06 0 0 1.5225e+06 1.00003 -3.16255 0 1.01395 1.01405 507446 0.999917 3.16255 1.0045e-05 
0.0073 0.0111998 2.0299e+06 0 0 1.52253e+06 1.00007 -7.5016 0 1.01386 1.01403 507375 0.999802 7.5016 1.65394e-05 
0.01095 0.0111996 2.02985e+06 0 0 1.52257e+06 1.00012 -13.3258 0 1.01374 1.01399 507283 0.999645 13.3258 2.49353e-05 
0.0146 0.0111991 2.0298e+06 0 0 1.52264e+06 1.00019 -21.0176 0 1.01358 1.01394 507164 0.999436 21.0176 3.57138e-05 
0.01825 0.0111984 2.02975e+06 0 0 1.52274e+06 1.00028 -31.0498 0 1.01339 1.01388 507012 0.999161 31.0498 4.94694e-05 
0.0219 0.0111975 2.0297e+06 0 0 1.52288e+06 1.0004 -44.0049 0 1.01313 1.01381 506817 0.998803 44.0049 6.69261e-05 
0.02555 0.0111962 2.02965e+06 0 0 1.52308e+06 1.00055 -60.5998 0 1.01282 1.01371 506570 0.998341 60.5998 8.89603e-05 
0.0292 0.0111944 2.0296e+06 0 0 1.52334e+06 1.00075 -81.7148 0 1.01242 1.01359 506258 0.997749 81.7148 0.000116635 
0.03285 0.0111922 2.02955e+06 0 0 1.52369e+06 1.001 -108.43 0 1.01191 1.01343 505863 0.996996 108.43 0.000151247 
0.0365 0.0111892 2.0295e+06 0 0 1.52413e+06 1.00132 -142.071 0 1.01128 1.01324 505367 0.996043 142.071 0.000194387 
0.04015 0.0111855 2.02945e+06 0 0 1.5247e+06 1.00172 -184.259 0 1.0105 1.013 504745 0.994841 184.259 0.000248005 
0.0438 0.0111807 2.0294e+06 0 0 1.52543e+06 1.00222 -236.979 0 1.00952 1.01269 503967 0.993333 236.979 0.000314494 
0.04745 0.0111747 2.02935e+06 0 0 1.52635e+06 1.00285 -302.649 0 1.00831 1.01231 502997 0.991444 302.649 0.000396783 
0.0511 0.0111671 2.0293e+06 0 0 1.52751e+06 1.00364 -384.212 0 1.00681 1.01183 501788 0.989087 384.212 0.000498446 
0.05475 0.0111577 2.02925e+06 0 0 1.52896e+06 1.00462 -485.228 0 1.00495 1.01123 500287 0.986152 485.228 0.000623833 
0.0584 0.0111459 2.0292e+06 0 0 1.53077e+06 1.00583 -609.983 0 1.00265 1.01048 498426 0.982507 609.983 0.000778228 
0.06205 0.0111313 2.02915e+06 0 0 1.53303e+06 1.00734 -763.6 0 0.999811 1.00956 496122 0.977989 763.6 0.000968014 
0.0657 0.0111133 2.0291e+06 0 0 1.53582e+06 1.0092 -952.138 0 0.99631 1.0084 493276 0.972403 952.138 0.00120088 
0.06935 0.0110912 2.02905e+06 0 0 1.53928e+06 1.0115 -1182.67 0 0.991999 1.00696 489768 0.965512 1182.67 0.00148602 
0.073 0.011064 2.029e+06 0 0 1.54354e+06 1.01432 -1463.31 0 0.986698 1.00517 485455 0.957033 1463.31 0.00183436 
0.07665 0.0110308 2.02895e+06 0 0 1.54878e+06 1.01779 -1803.13 0 0.98019 1.00293 480166 0.946629 1803.13 0.00225875 
0.0803 0.0109905 2.0289e+06 0 0 1.5552e+06 1.02203 -2211.93 0 0.972215 1.00015 473701 0.933907 2211.93 0.00277414 
0.08395 0.0109417 2.02885e+06 0 0 1.56302e+06 1.0272 -2699.72 0 0.962462 0.996673 465828 0.918409 2699.72 0.00339763 
0.0876 0.0108833 2.0288e+06 0 0 1.57251e+06 1.03346 -3275.89 0 0.950565 0.992336 456287 0.89962 3275.89 0.0041484 
0.09125 0.0108137 2.02875e+06 0 0 1.58396e+06 1.04101 -3947.77 0 0.936091 0.986916 444789 0.876971 3947.77 0.00504723 
0.0949 0.0107316 2.0287e+06 0 0 1.59767e+06 1.05005 -4718.71 0 0.918546 0.980134 431028 0.84986 4718.71 0.0061157 
0.09855 0.010636 2.02865e+06 0 0 1.61395e+06 1.06077 -5585.25 0 0.897364 0.971636 414698 0.817682 5585.25 0.00737454 
0.1022 0.010526 2.0286e+06 0 0 1.63308e+06 1.07337 -6533.8 0 0.871922 0.960971 395518 0.779884 6533.8 0.00884095 
0.10585 0.0104014 2.02855e+06 0 0 1.65528e+06 1.08799 -7536.84 0 0.841551 0.947569 373272 0.736037 7536.84 0.0105243 
0.1095 0.0102629 2.0285e+06 0 0 1.68065e+06 1.10469 -8549.51 0 0.805574 0.930706 347855 0.685935 8549.51 0.0124199 
0.11315 0.0101122 2.02845e+06 0 0 1.70912e+06 1.12343 -9507.62 0 0.763361 0.909475 319331 0.629705 9507.62 0.0144997 
0.1168 0.00995211 2.0284e+06 0 0 1.7404e+06 1.14402 -10328.8 0 0.714419 0.882756 287997 0.56793 10328.8 0.0167011 
0.12045 0.00978651 2.02835e+06 0 0 1.77392e+06 1.16608 -10918.5 0 0.658522 0.849211 254429 0.501745 10918.5 0.0189128 
0.1241 0.00962037 2.0283e+06 0 0 1.8088e+06 1.18904 -11182.2 0 0.595884 0.807328 219501 0.432876 11182.2 0.0209634 
0.12775 0.00945917 2.02825e+06 0 0 1.84389e+06 1.21214 -11044.4 0 0.527356 0.75559 184362 0.363588 11044.4 0.0226172 
0.1314 0.00930842 2.0282e+06 0 0 1.87786e+06 1.2345 -10470.6 0 0.454605 0.692826 150341 0.296501 10470.6 0.0235928 
0.13505 0.00917299 2.02815e+06 0 0 1.90937e+06 1.25524 -9487.17 0 0.380193 0.61882 118783 0.234268 9487.17 0.0236162 
0.1387 0.00905642 2.0281e+06 0 0 1.93725e+06 1.27361 -8189.01 0 0.307414 0.535086 90846.1 0.179175 8189.01 0.0225133 
0.14235 0.00896045 2.02805e+06 0 0 1.96075e+06 1.28909 -6724.97 0 0.239824 0.445425 67299.6 0.132738 6724.97 0.0203121 
0.146 0.0088849 2.028e+06 0 0 1.97959e+06 1.30151 -5261.79 0 0.180512 0.355673 48405.5 0.0954745 5261.79 0.0172888 
0.14965 0.00882788 2.02795e+06 0 0 1.99402e+06 1.31102 -3939.5 0 0.131392 0.27231 33932.3 0.0669292 3939.5 0.0138967 
0.1533 0.00878644 2.0279e+06 0 0 2.00461e+06 1.31802 -2840.97 0 0.0928857 0.200503 23291.1 0.0459413 2840.97 0.0106045 
0.15695 0.00875726 2.02785e+06 0 0 2.01212e+06 1.32299 -1988.38 0 0.0641183 0.142778 15728.6 0.0310252 1988.38 0.00774621 
0.1606 0.00873723 2.0278e+06 0 0 2.01731e+06 1.32643 -1360.56 0 0.0434565 0.0989978 10494.5 0.0207012 1360.56 0.00546697 
0.16425 0.00872376 2.02775e+06 0 0 2.02081e+06 1.32877 -915.877 0 0.0290591 0.0672787 6942.37 0.0136947 915.877 0.00376068 
0.1679 0.00871483 2.0277e+06 0 0 2.02313e+06 1.33033 -609.519 0 0.019247 0.0450661 4565.27 0.00900582 609.519 0.00253988 
0.17155 0.00870899 2.02765e+06 0 0 2.02466e+06 1.33137 -402.472 0 0.0126641 0.0298838 2989.91 0.00589829 402.472 0.00169365 
0.1752 0.00870523 2.0276e+06 0 0 2.02565e+06 1.33205 -264.357 0 0.00829523 0.0196797 1952.78 0.00385241 264.357 0.0011196 
0.17885 0.00870284 2.02755e+06 0 0 2.02628e+06 1.3325 -173.025 0 0.00541696 0.0128995 1273.04 0.00251148 173.025 0.000735808 
0.1825 0.00870135 2.0275e+06 0 0 2.02667e+06 1.33279 -112.981 0 0.00353007 0.00842877 828.854 0.00163522 112.981 0.000481695 
0.18615 0.00870045 2.02745e+06 0 0 2.02691e+06 1.33298 -73.6579 0 0.00229719 0.00549589 539.181 0.00106376 73.6579 0.00031452 
0.1898 0.00869995 2.0274e+06 0 0 2.02705e+06 1.3331 -47.9703 0 0.00149343 0.00357841 350.529 0.000691583 47.9703 0.000205006 
0.19345 0.00869969 2.02735e+06 0 0 2.02712e+06 1.33318 -31.2185 0 0.000970206 0.00232763 227.78 0.000449415 31.2185 0.000133466 
0.1971 0.0086996 2.0273e+06 0 0 2.02715e+06 1.33324 -20.3064 0 0.000629967 0.00151299 147.965 0.000291944 20.3064 8.68209e-05 
0.20075 0.00869962 2.02725e+06 0 0 2.02715e+06 1.33327 -13.2037 0 0.000408879 0.000982971 96.0901 0.000189597 13.2037 5.64451e-05 
0.2044 0.0086997 2.0272e+06 0 0 2.02714e+06 1.33329 -8.58297 0 0.000265294 0.000638377 62.3872 0.0001231 8.58297 3.66813e-05 
0.20805 0.00869983 2.02715e+06 0 0 2.02711e+06 1.33331 -5.57809 0 0.000172082 0.000414456 40.4968 7.99088e-05 5.57809 2.38299e-05 
0.2117 0.00869999 2.0271e+06 0 0 2.02707e+06 1.33332 -3.62454 0 0.000111591 0.000269009 26.2819 5.18612e-05 3.62454 1.5477e-05 
0.21535 0.00870017 2.02705e+06 0 0 2.02703e+06 1.33332 -2.35477 0 7.23465e-05 0.000174563 17.0534 3.36516e-05 2.35477 1.00496e-05 
0.219 0.00870036 2.027e+06 0 0 2.02699e+06 1.33333 -1.5296 0 4.68923e-05 0.000113251 11.0632 2.18316e-05 1.5296 6.52416e-06 
0.22265 0.00870056 2.02695e+06 0 0 2.02694e+06 1.33333 -0.993445 0 3.03866e-05 7.34584e-05 7.17572 1.41606e-05 0.993445 4.23463e-06 
0.2263 0.00870077 2.0269e+06 0 0 2.0269e+06 1.33333 -0.645127 0 1.96861e-05 4.76376e-05 4.65334 9.18317e-06 0.645127 2.74804e-06 
0.22995 0.00870098 2.02685e+06 0 0 2.02685e+06 1.33333 -0.418872 0 1.27506e-05 3.08864e-05 3.01701 5.95409e-06 0.418872 1.783e-06 
0.2336 0.00870119 2.0268e+06 0 0 2.0268e+06 1.33333 -0.271926 0 8.25649e-06 2.00213e-05 1.95568 3.85964e-06 0.271926 1.15663e-06 
0.23725 0.0087014 2.02675e+06 0 0 2.02675e+06 1.33333 -0.176503 0 5.34501e-06 1.29755e-05 1.26744 2.50142e-06 0.176503 7.50166e-07 
0.2409 0.00870161 2.0267e+06 0 0 2.0267e+06 1.33333 -0.114547 0 3.4593e-06 8.4073e-06 0.821217 1.6208e-06 0.114547 4.86444e-07 
0.24455 0.00870182 2.02665e+06 0 0 2.02665e+06 1.33333 -0.0743261 0 2.23825e-06 5.44615e-06 0.531974 1.04996e-06 0.0743261 3.15369e-07 
0.2482 0.00870204 2.0266e+06 0 0 2.0266e+06 1.33333 -0.0482196 0 1.44778e-06 3.5271e-06 0.344523 6.80002e-07 0.0482196 2.04416e-07 
0.25185 0.00870225 2.02655e+06 0 0 2.02655e+06 1.33333 -0.0312772 0 9.36193e-07 2.28369e-06 0.223068 4.40291e-07 0.0312772 1.3247e-07 
0.2555 0.00870247 2.0265e+06 0 0 2.0265e+06 1.33333 -0.0202839 0 6.0518e-07 1.47823e-06 0.144391 2.85007e-07 0.0202839 8.58268e-08 
0.25915 0.00870268 2.02645e+06 0 0 2.02645e+06 1.33333 -0.0131519 0 3.91062e-07 9.56586e-07 0.0934379 1.84437e-07 0.0131519 5.55942e-08 
0.2628 0.0087029 2.0264e+06 0 0 2.0264e+06 1.33333 -0.00852591 0 2.52596e-07 6.18832e-07 0.0604466 1.19318e-07 0.00852591 3.60026e-08 
0.26645 0.00870311 2.02635e+06 0 0 2.02635e+06 1.33333 -0.0055259 0 1.63077e-07 4.00196e-07 0.0390905 7.71644e-08 0.0055259 2.33096e-08 
0.2701 0.00870333 2.0263e+06 0 0 2.0263e+06 1.33333 -0.00358074 0 1.05217e-07 2.58703e-07 0.0252697 4.98834e-08 0.00358075 1.50879e-08 
0.27375 0.00870354 2.02625e+06 0 0 2.02625e+06 1.33333 -0.00231979 0 6.78322e-08 1.67157e-07 0.0163276 3.22322e-08 0.00231979 9.76366e-09 
0.2774 0.00870376 2.0262e+06 0 0 2.0262e+06 1.33333 -0.00150253 0 4.3682e-08 1.07942e-07 0.0105436 2.08145e-08 0.00150254 6.31668e-09 
0.28105 0.00870397 2.02615e+06 0 0 2.02615e+06 1.33333 -0.00097296 0 2.8087e-08 6.96495e-08 0.00680326 1.34309e-08 0.000972962 4.08551e-09 
0.2847 0.00870419 2.0261e+06 0 0 2.0261e+06 1.33333 -0.000629812 0 1.80183e-08 4.48937e-08 0.00438514 8.65731e-09 0.000629814 2.64175e-09 
0.28835 0.0087044 2.02605e+06 0 0 2.02605e+06 1.33333 -0.000407655 0 1.1516e-08 2.8893e-08 0.00282223 5.57188e-09 0.000407658 1.70808e-09 
0.292 0.00870461 2.026e+06 0 0 2.026e+06 1.33333 -0.000262834 0 7.32338e-09 1.85553e-08 0.00181246 3.5784e-09 0.000262835 1.10407e-09 
0.29565 0.00870483 2.02595e+06 0 0 2.02595e+06 1.33333 -0.000171295 0 4.61176e-09 1.18799e-08 0.00116041 2.2911e-09 0.000171297 7.1441e-10 
0.2993 0.00870504 2.0259e+06 0 0 2.0259e+06 1.33333 -0.000106144 0 2.8595e-09 7.57707e-09 0.000740116 1.46131e-09 0.000106145 4.63917e-10 
0.30295 0.00870526 2.02585e+06 0 0 2.02585e+06 1.33333 -6.88166e-05 0 1.7171e-09 4.82339e-09 0.000471141 9.30259e-10 6.88174e-05 3.05483e-10 
0.3066 0.00870547 2.0258e+06 0 0 2.0258e+06 1.33333 -2.21319e-05 0 9.4425e-10 3.10338e-09 0.000303134 5.98546e-10 2.21349e-05 2.13141e-10 
0.31025 0.00870569 2.02575e+06 0 0 2.02575e+06 1.33333 -0.00010547 0 3.77619e-10 2.15237e-09 0.00021024 4.15136e-10 0.000105474 1.75088e-10 
0.3139 0.0087059 2.0257e+06 0 0 2.0257e+06 1.33333 -2.2387e-05 0 7.19211e-11 2.0756e-09 0.000202742 4.00339e-10 2.23909e-05 -6.98575e-12 
0.31755 0.00870612 2.02565e+06 0 0 2.02565e+06 1.33333 -0.00010552 0 0 0 0.000192406 3.79939e-10 0.000105522 0 
0.3212 0.00870633 2.0256e+06 0 0 2.0256e+06 1.33333 1.67108e-05 0 0 0 0.00019261 3.80352e-10 -1.67096e-05 0 
0.32485 0.00870655 2.02555e+06 0 0 2.02555e+06 1.33333 -6.20848e-06 0 0 0 0.000191794 3.7875e-10 6.21082e-06 0 
0.3285 0.00870676 2.0255e+06 0 0 2.0255e+06 1.33333 -3.58316e-06 0 0 0 0.000190806 3.76808e-10 3.58545e-06 0 
0.33215 0.00870698 2.02545e+06 0 0 2.02545e+06 1.33333 -4.04164e-06 0 0 0 0.000190327 3.7587e-10 4.04419e-06 0 
0.3358 0.00870719 2.0254e+06 0 0 2.0254e+06 1.33333 -1.47413e-06 0 0 0 0.000190079 3.75391e-10 1.47583e-06 0 
0.33945 0.00870741 2.02535e+06 0 0 2.02535e+06 1.33333 -8.19293e-07 0 0 0 0.000190046 3.75335e-10 8.21057e-07 0 
0.3431 0.00870762 2.0253e+06 0 0 2.0253e+06 1.33333 1.97348e-07 0 0 0 0.00019012 3.75491e-10 -1.92755e-07 0 
0.34675 0.00870784 2.02525e+06 0 0 2.02525e+06 1.33333 4.76426e-07 0 0 0 0.000190239 3.75735e-10 -4.75568e-07 0 
0.3504 0.00870805 2.0252e+06 0 0 2.0252e+06 1.33333 5.48189e-07 0 0 0 0.000190352 3.75967e-10 -5.45129e-07 0 
0.35405 0.00870827 2.02515e+06 0 0 2.02515e+06 1.33333 4.54498e-07 0 0 0 0.00019044 3.76149e-10 -4.52885e-07 0 
0.3577 0.00870848 2.0251e+06 0 0 2.0251e+06 1.33333 3.21936e-07 0 0 0 0.000190498 3.76274e-10 -3.2084e-07 0 
0.36135 0.0087087 2.02505e+06 0 0 2.02505e+06 1.33333 2.04325e-07 0 0 0 0.000190532 3.7635e-10 -2.00247e-07 0 
0.365 0.00870891 2.025e+06 0 0 2.025e+06 1.33333 1.30569e-07 0 0 0 0.000190547 3.76389e-10 -1.27008e-07 0 


0 0.0112 2.03e+06 0 0 1.5225e+06 1 0 0 1.01404 1.01407 507500 1 0 3.08577e-06 
0.00365 0.0112001 2.02995e+06 0 0 1.52249e+06 1.00002 -2.16456 0 1.01399 1.01406 507459 0.999943 2.16456 6.5177e-06 
0.0073 0.0112001 2.0299e+06 0 0 1.52249e+06 1.00005 -5.155 0 1.01393 1.01404 507406 0.999863 5.155 1.102e-05 
0.01095 0.0112 2.02985e+06 0 0 1.52251e+06 1.00008 -9.19093 0 1.01384 1.01401 507338 0.999755 9.19093 1.68698e-05 
0.0146 0.0111997 2.0298e+06 0 0 1.52255e+06 1.00013 -14.5447 0 1.01373 1.01398 507251 0.999609 14.5447 2.44093e-05 
0.01825 0.0111993 2.02975e+06 0 0 1.52261e+06 1.00019 -21.5533 0 1.01359 1.01393 507141 0.999416 21.5533 3.40619e-05 
0.0219 0.0111987 2.0297e+06 0 0 1.5227e+06 1.00028 -30.6326 0 1.01341 1.01388 507001 0.999165 30.6326 4.63441e-05 
0.02555 0.0111979 2.02965e+06 0 0 1.52283e+06 1.00039 -42.295 0 1.01319 1.01381 506824 0.99884 42.295 6.18831e-05 
0.0292 0.0111968 2.0296e+06 0 0 1.523e+06 1.00053 -57.1708 0 1.0129 1.01372 506600 0.998424 57.1708 8.1442e-05 
0.03285 0.0111952 2.02955e+06 0 0 1.52323e+06 1.0007 -76.0351 0 1.01255 1.01361 506318 0.997892 76.0351 0.000105954 
0.0365 0.0111932 2.0295e+06 0 0 1.52354e+06 1.00093 -99.8404 0 1.0121 1.01347 505964 0.997218 99.8404 0.000136563 
0.04015 0.0111907 2.02945e+06 0 0 1.52393e+06 1.00121 -129.756 0 1.01154 1.0133 505520 0.996368 129.756 0.000174677 
0.0438 0.0111873 2.0294e+06 0 0 1.52444e+06 1.00157 -167.216 0 1.01085 1.01308 504964 0.995298 167.216 0.000222027 
0.04745 0.0111831 2.02935e+06 0 0 1.52508e+06 1.00201 -213.976 0 1.00998 1.01281 504271 0.993956 213.976 0.000280732 
0.0511 0.0111778 2.0293e+06 0 0 1.52589e+06 1.00257 -272.184 0 1.00891 1.01247 503408 0.992279 272.184 0.000353389 
0.05475 0.0111712 2.02925e+06 0 0 1.52692e+06 1.00327 -344.453 0 1.00758 1.01204 502335 0.990188 344.453 0.000443174 
0.0584 0.0111628 2.0292e+06 0 0 1.5282e+06 1.00414 -433.959 0 1.00594 1.01151 501002 0.987586 433.959 0.000553954 
0.06205 0.0111524 2.02915e+06 0 0 1.5298e+06 1.00522 -544.536 0 1.0039 1.01085 499351 0.984355 544.536 0.000690437 
0.0657 0.0111395 2.0291e+06 0 0 1.53179e+06 1.00655 -680.79 0 1.00139 1.01003 497308 0.980351 680.79 0.000858326 
0.06935 0.0111236 2.02905e+06 0 0 1.53427e+06 1.0082 -848.2 0 0.998297 1.00901 494784 0.9754 848.2 0.0010645 
0.073 0.0111039 2.029e+06 0 0 1.53733e+06 1.01024 -1053.22 0 0.994482 1.00774 491672 0.96929 1053.22 0.00131724 
0.07665 0.0110798 2.02895e+06 0 0 1.54111e+06 1.01274 -1303.33 0 0.989788 1.00616 487844 0.961766 1303.33 0.0016264 
0.0803 0.0110502 2.0289e+06 0 0 1.54576e+06 1.01583 -1607.03 0 0.984021 1.00419 483144 0.952524 1607.03 0.00200366 
0.08395 0.0110142 2.02885e+06 0 0 1.55146e+06 1.0196 -1973.71 0 0.976948 1.00174 477391 0.941205 1973.71 0.00246271 
0.0876 0.0109706 2.0288e+06 0 0 1.55843e+06 1.0242 -2413.29 0 0.968288 0.998689 470372 0.92739 2413.29 0.00301936 
0.09125 0.0109181 2.02875e+06 0 0 1.56691e+06 1.0298 -2935.64 0 0.957708 0.994879 461844 0.910599 2935.64 0.00369157 
0.0949 0.0108552 2.0287e+06 0 0 1.57717e+06 1.03657 -3549.45 0 0.944817 0.990122 451534 0.890293 3549.45 0.00449922 
0.09855 0.0107807 2.02865e+06 0 0 1.5895e+06 1.0447 -4260.68 0 0.929156 0.984175 439146 0.865888 4260.68 0.00546354 
0.1022 0.0106933 2.0286e+06 0 0 1.60423e+06 1.05441 -5070.23 0 0.910203 0.976731 424371 0.836776 5070.23 0.00660601 
0.10585 0.0105919 2.02855e+06 0 0 1.62164e+06 1.06588 -5970.89 0 0.887366 0.967399 406911 0.802368 5970.89 0.00794628 
0.1095 0.010476 2.0285e+06 0 0 1.64199e+06 1.07928 -6943.85 0 0.86 0.955683 386506 0.762151 6943.85 0.00949897 
0.11315 0.0103457 2.02845e+06 0 0 1.66547e+06 1.09474 -7954.87 0 0.82743 0.940953 362979 0.715776 7954.87 0.0112686 
0.1168 0.0102021 2.0284e+06 0 0 1.69211e+06 1.11228 -8951.37 0 0.788989 0.922415 336288 0.66316 8951.37 0.0132421 
0.12045 0.0100473 2.02835e+06 0 0 1.72176e+06 1.1318 -9861.48 0 0.744088 0.899078 306586 0.604602 9861.48 0.0153789 
0.1241 0.00988453 2.0283e+06 0 0 1.75402e+06 1.15303 -10597 0 0.692329 0.869732 274278 0.540902 10597 0.0175984 
0.12775 0.00971823 2.02825e+06 0 0 1.78819e+06 1.17552 -11061.7 0 0.63364 0.832958 240061 0.473434 11061.7 0.0197657 
0.1314 0.00955359 2.0282e+06 0 0 1.82327e+06 1.19861 -11166.7 0 0.568472 0.787215 204927 0.404156 11166.7 0.0216831 
0.13505 0.00939617 2.02815e+06 0 0 1.85804e+06 1.2215 -10850.5 0 0.49799 0.731075 170113 0.335504 10850.5 0.0230925 
0.1387 0.0092513 2.0281e+06 0 0 1.89113e+06 1.24328 -10102 0 0.424229 0.663673 136974 0.270153 10102 0.0237073 
0.14235 0.00912335 2.02805e+06 0 0 1.92125e+06 1.26312 -8975.64 0 0.350083 0.58541 106804 0.210654 8975.64 0.0232818 
0.146 0.00901519 2.028e+06 0 0 1.94738e+06 1.28033 -7591.23 0 0.279027 0.498698 80621.4 0.159017 7591.23 0.0217141 
0.14965 0.00892777 2.02795e+06 0 0 1.96896e+06 1.29455 -6109.97 0 0.214519 0.408265 58993.9 0.116362 6109.97 0.0191338 
0.1533 0.00886014 2.0279e+06 0 0 1.98593e+06 1.30574 -4692.35 0 0.159233 0.320426 41972.6 0.0827904 4692.35 0.0159043 
0.15695 0.0088099 2.02785e+06 0 0 1.99869e+06 1.31416 -3456.99 0 0.114484 0.241341 29159 0.0575171 3456.99 0.012506 
0.1606 0.00877388 2.0278e+06 0 0 2.00792e+06 1.32027 -2460.71 0 0.0801142 0.175182 19874.8 0.0392046 2460.71 0.00936543 
0.16425 0.0087488 2.02775e+06 0 0 2.0144e+06 1.32455 -1705.2 0 0.0548697 0.123318 13352.3 0.0263391 1705.2 0.00673921 
0.1679 0.00873173 2.0277e+06 0 0 2.01882e+06 1.3275 -1158.4 0 0.0369755 0.084762 8876.56 0.0175106 1158.4 0.00470296 
0.17155 0.00872032 2.02765e+06 0 0 2.02179e+06 1.32948 -775.873 0 0.0246267 0.0572441 5857.64 0.0115555 775.873 0.0032091 
0.1752 0.0087128 2.0276e+06 0 0 2.02375e+06 1.3308 -514.589 0 0.0162679 0.0381792 3845.82 0.00758694 514.589 0.00215532 
0.17885 0.00870791 2.02755e+06 0 0 2.02503e+06 1.33168 -339.026 0 0.0106858 0.0252445 2516.25 0.00496413 339.026 0.00143186 
0.1825 0.00870477 2.0275e+06 0 0 2.02586e+06 1.33225 -222.362 0 0.00699235 0.016594 1642.51 0.00324046 222.362 0.000944242 
0.18615 0.00870279 2.02745e+06 0 0 2.02638e+06 1.33263 -145.409 0 0.00456369 0.0108647 1070.48 0.00211197 145.409 0.000619611 
0.1898 0.00870157 2.0274e+06 0 0 2.0267e+06 1.33287 -94.899 0 0.00297337 0.00709468 696.921 0.00137501 94.899 0.000405251 
0.19345 0.00870085 2.02735e+06 0 0 2.0269e+06 1.33304 -61.8522 0 0.00193493 0.0046246 453.388 0.000894543 61.8522 0.000264469 
0.1971 0.00870046 2.0273e+06 0 0 2.027e+06 1.33314 -40.2775 0 0.00125811 0.00301087 294.802 0.000581663 40.2775 0.000172341 
0.20075 0.00870028 2.02725e+06 0 0 2.02706e+06 1.33321 -26.2123 0 0.00081755 0.00195862 191.612 0.000378074 26.2123 0.000112194 
0.2044 0.00870024 2.0272e+06 0 0 2.02708e+06 1.33325 -17.0515 0 0.000531029 0.00127336 124.506 0.000245671 17.0515 7.29883e-05 
0.20805 0.00870029 2.02715e+06 0 0 2.02707e+06 1.33328 -11.0889 0 0.000344804 0.000827504 80.8824 0.000159598 11.0889 4.74599e-05 
0.2117 0.00870039 2.0271e+06 0 0 2.02705e+06 1.3333 -7.20963 0 0.000223822 0.000537583 52.5327 0.000103661 7.20963 3.08493e-05 
0.21535 0.00870054 2.02705e+06 0 0 2.02702e+06 1.33331 -4.68659 0 0.000145253 0.000349146 34.1134 6.73164e-05 4.68659 2.00467e-05 
0.219 0.0087007 2.027e+06 0 0 2.02698e+06 1.33332 -3.04602 0 9.42435e-05 0.00022671 22.1486 4.37072e-05 3.04602 1.3024e-05 
0.22265 0.00870089 2.02695e+06 0 0 2.02694e+06 1.33332 -1.97947 0 6.11342e-05 0.000147179 14.3779 2.83735e-05 1.97947 8.45984e-06 
0.2263 0.00870108 2.0269e+06 0 0 2.02689e+06 1.33333 -1.2862 0 3.96486e-05 9.55302e-05 9.33195 1.84162e-05 1.2862 5.49418e-06 
0.22995 0.00870129 2.02685e+06 0 0 2.02684e+06 1.33333 -0.835625 0 2.57087e-05 6.19949e-05 6.05587 1.19513e-05 0.835625 3.56757e-06 
0.2336 0.00870149 2.0268e+06 0 0 2.0268e+06 1.33333 -0.542826 0 1.66664e-05 4.02247e-05 3.92921 7.75452e-06 0.542826 2.31617e-06 
0.23725 0.0087017 2.02675e+06 0 0 2.02675e+06 1.33333 -0.352577 0 1.08022e-05 2.60946e-05 2.54893 5.03058e-06 0.352577 1.50349e-06 
0.2409 0.00870191 2.0267e+06 0 0 2.0267e+06 1.33333 -0.228977 0 6.99984e-06 1.6925e-05 1.65323 3.26289e-06 0.228977 9.75791e-07 
0.24455 0.00870213 2.02665e+06 0 0 2.02665e+06 1.33333 -0.148686 0 4.53487e-06 1.09754e-05 1.07207 2.11595e-06 0.148686 6.33201e-07 
0.2482 0.00870234 2.0266e+06 0 0 2.0266e+06 1.33333 -0.0965353 0 2.93724e-06 7.11591e-06 0.695075 1.3719e-06 0.0965353 4.1082e-07 
0.25185 0.00870255 2.02655e+06 0 0 2.02655e+06 1.33333 -0.0626672 0 1.90199e-06 4.61265e-06 0.450558 8.8931e-07 0.0626672 2.66493e-07 
0.2555 0.00870277 2.0265e+06 0 0 2.0265e+06 1.33333 -0.0406751 0 1.23129e-06 2.98935e-06 0.291996 5.76355e-07 0.0406751 1.72838e-07 
0.25915 0.00870298 2.02645e+06 0 0 2.02645e+06 1.33333 -0.0263967 0 7.96881e-07 1.93689e-06 0.189193 3.73447e-07 0.0263967 1.12076e-07 
0.2628 0.0087032 2.0264e+06 0 0 2.0264e+06 1.33333 -0.0171277 0 5.15574e-07 1.25467e-06 0.122555 2.41916e-07 0.0171277 7.26607e-08 
0.26645 0.00870341 2.02635e+06 0 0 2.02635e+06 1.33333 -0.0111116 0 3.33454e-07 8.12534e-07 0.0793671 1.5667e-07 0.0111116 4.70978e-08 
0.2701 0.00870363 2.0263e+06 0 0 2.0263e+06 1.33333 -0.00720738 0 2.15577e-07 5.2605e-07 0.0513838 1.01434e-07 0.00720738 3.0522e-08 
0.27375 0.00870384 2.02625e+06 0 0 2.02625e+06 1.33333 -0.00467412 0 1.39299e-07 3.40463e-07 0.0332559 6.56501e-08 0.00467412 1.97757e-08 
0.2774 0.00870405 2.0262e+06 0 0 2.0262e+06 1.33333 -0.00303069 0 8.99526e-08 2.20263e-07 0.021515 4.24736e-08 0.0030307 1.28103e-08 
0.28105 0.00870427 2.02615e+06 0 0 2.02615e+06 1.33333 -0.00196472 0 5.80368e-08 1.42431e-07 0.0139125 2.74658e-08 0.00196472 8.29633e-09 
0.2847 0.00870448 2.0261e+06 0 0 2.0261e+06 1.33333 -0.00127344 0 3.73995e-08 9.2044e-08 0.00899072 1.77498e-08 0.00127344 5.37173e-09 
0.28835 0.0087047 2.02605e+06 0 0 2.02605e+06 1.33333 -0.000825162 0 2.4056e-08 5.94314e-08 0.00580517 1.14611e-08 0.000825164 3.47748e-09 
0.292 0.00870491 2.026e+06 0 0 2.026e+06 1.33333 -0.000534797 0 1.54344e-08 3.83287e-08 0.00374389 7.39168e-09 0.0005348 2.25052e-09 
0.29565 0.00870513 2.02595e+06 0 0 2.02595e+06 1.33333 -0.000345804 0 9.85966e-09 2.46764e-08 0.00241035 4.75896e-09 0.000345807 1.4565e-09 
0.2993 0.00870534 2.0259e+06 0 0 2.0259e+06 1.33333 -0.000225971 0 6.25804e-09 1.58487e-08 0.00154807 3.05657e-09 0.000225976 9.42681e-10 
0.30295 0.00870556 2.02585e+06 0 0 2.02585e+06 1.33333 -0.000139596 0 3.92892e-09 1.01441e-08 0.000990862 1.95644e-09 0.000139598 6.1118e-10 
0.3066 0.00870577 2.0258e+06 0 0 2.0258e+06 1.33333 -0.000113238 0 2.41517e-09 6.4777e-09 0.000632732 1.24935e-09 0.000113241 3.98608e-10 
0.31025 0.00870599 2.02575e+06 0 0 2.02575e+06 1.33333 3.10275e-06 0 1.42999e-09 4.12854e-09 0.00040327 7.96287e-10 -3.10104e-06 2.68247e-10 
0.3139 0.0087062 2.0257e+06 0 0 2.0257e+06 1.33333 -0.000262187 0 7.32284e-10 2.79419e-09 0.000272932 5.38939e-10 0.000262189 1.94333e-10 
0.31755 0.00870642 2.02565e+06 0 0 2.02565e+06 1.33333 0.000963717 0 2.40263e-10 0 0.000189606 3.74411e-10 -0.000963715 2.04298e-10 
0.3212 0.00870663 2.0256e+06 0 0 2.0256e+06 1.33333 -0.000824891 0 2.84775e-11 0 0.000192335 3.79808e-10 0.000824893 -2.66183e-12 
0.32485 0.00870685 2.02555e+06 0 0 2.02555e+06 1.33333 0.000313415 0 0 0 0.000179484 3.5444e-10 -0.000313414 0 
0.3285 0.00870706 2.0255e+06 0 0 2.0255e+06 1.33333 -5.13732e-05 0 0 0 0.000190519 3.76242e-10 5.13767e-05 0 
0.33215 0.00870728 2.02545e+06 0 0 2.02545e+06 1.33333 1.49855e-05 0 0 0 0.000189348 3.73937e-10 -1.49831e-05 0 
0.3358 0.00870749 2.0254e+06 0 0 2.0254e+06 1.33333 -6.54836e-07 0 0 0 0.000190562 3.76345e-10 6.57385e-07 0 
0.33945 0.00870771 2.02535e+06 0 0 2.02535e+06 1.33333 3.49645e-06 0 0 0 0.000190768 3.76761e-10 -3.49394e-06 0 
0.3431 0.00870792 2.0253e+06 0 0 2.0253e+06 1.33333 7.91385e-07 0 0 0 0.000190952 3.77133e-10 -7.91574e-07 0 
0.34675 0.00870814 2.02525e+06 0 0 2.02525e+06 1.33333 6.17958e-07 0 0 0 0.000190955 3.77149e-10 -6.15361e-07 0 
0.3504 0.00870835 2.0252e+06 0 0 2.0252e+06 1.33333 -9.46871e-08 0 0 0 0.000190894 3.77037e-10 9.80776e-08 0 
0.35405 0.00870857 2.02515e+06 0 0 2.02515e+06 1.33333 -2.49177e-07 0 0 0 0.000190793 3.76847e-10 2.50492e-07 0 
0.3577 0.00870878 2.0251e+06 0 0 2.0251e+06 1.33333 -4.29581e-07 0 0 0 0.00019069 3.76653e-10 4.31434e-07 0 
0.36135 0.008709 2.02505e+06 0 0 2.02505e+06 1.33333 -4.76426e-07 0 0 0 0.000190604 3.76493e-10 4.7998e-07 0 
0.365 0.00870921 2.025e+06 0 0 2.025e+06 1.33333 -4.9636e-07 0 0 0 0.000190554 3.76402e-10 5.00302e-07 0 


0 0.0112 2.03e+06 0 0 1.5225e+06 1 0 0 1.01406 1.01407 507500 1 0 1.881e-06 
0.00365 0.0112001 2.02995e+06 0 0 1.52248e+06 1.00001 -1.4843 0 1.01402 1.01406 507468 0.999961 1.4843 4.24331e-06 
0.0073 0.0112002 2.0299e+06 0 0 1.52247e+06 1.00003 -3.54798 0 1.01397 1.01405 507427 0.999906 3.54798 7.36253e-06 
0.01095 0.0112002 2.02985e+06 0 0 1.52247e+06 1.00006 -6.34717 0 1.01391 1.01403 507376 0.99983 6.34717 1.14357e-05 
0.0146 0.0112001 2.0298e+06 0 0 1.52249e+06 1.00009 -10.0756 0 1.01383 1.014 507312 0.999728 10.0756 1.67062e-05 
0.01825 0.0111999 2.02975e+06 0 0 1.52252e+06 1.00014 -14.9734 0 1.01373 1.01397 507231 0.999594 14.9734 2.34753e-05 
0.0219 0.0111996 2.0297e+06 0 0 1.52257e+06 1.00019 -21.3371 0 1.01361 1.01393 507129 0.999417 21.3371 3.21113e-05 
0.02555 0.0111991 2.02965e+06 0 0 1.52265e+06 1.00027 -29.5323 0 1.01345 1.01388 507001 0.999189 29.5323 4.30628e-05 
0.0292 0.0111984 2.0296e+06 0 0 1.52276e+06 1.00037 -40.0099 0 1.01324 1.01382 506840 0.998896 40.0099 5.68766e-05 
0.03285 0.0111974 2.02955e+06 0 0 1.52291e+06 1.00049 -53.3248 0 1.01299 1.01374 506637 0.998521 53.3248 7.42223e-05 
0.0365 0.0111961 2.0295e+06 0 0 1.52312e+06 1.00065 -70.1598 0 1.01267 1.01364 506383 0.998044 70.1598 9.59229e-05 
0.04015 0.0111943 2.02945e+06 0 0 1.52339e+06 1.00085 -91.3551 0 1.01228 1.01351 506065 0.997442 91.3551 0.000122991 
0.0438 0.011192 2.0294e+06 0 0 1.52373e+06 1.00111 -117.943 0 1.01178 1.01336 505667 0.996684 117.943 0.000156673 
0.04745 0.0111891 2.02935e+06 0 0 1.52418e+06 1.00142 -151.193 0 1.01117 1.01316 505172 0.995732 151.193 0.0001985 
0.0511 0.0111854 2.0293e+06 0 0 1.52475e+06 1.00182 -192.657 0 1.0104 1.01292 504555 0.994539 192.657 0.00025035 
0.05475 0.0111807 2.02925e+06 0 0 1.52546e+06 1.00232 -244.24 0 1.00945 1.01262 503787 0.993051 244.24 0.000314525 
0.0584 0.0111749 2.0292e+06 0 0 1.52637e+06 1.00293 -308.265 0 1.00828 1.01224 502834 0.991196 308.265 0.000393842 
0.06205 0.0111675 2.02915e+06 0 0 1.5275e+06 1.0037 -387.557 0 1.00682 1.01177 501651 0.98889 387.557 0.000491739 
0.0657 0.0111583 2.0291e+06 0 0 1.52891e+06 1.00466 -485.543 0 1.00502 1.01119 500187 0.986027 485.543 0.000612406 
0.06935 0.0111469 2.02905e+06 0 0 1.53067e+06 1.00584 -606.352 0 1.0028 1.01046 498375 0.98248 606.352 0.000760931 
0.073 0.0111328 2.029e+06 0 0 1.53286e+06 1.0073 -754.926 0 1.00006 1.00956 496138 0.978093 754.926 0.000943471 
0.07665 0.0111154 2.02895e+06 0 0 1.53557e+06 1.00911 -937.122 0 0.996688 1.00844 493378 0.972677 937.122 0.00116744 
0.0803 0.011094 2.0289e+06 0 0 1.53892e+06 1.01133 -1159.8 0 0.992532 1.00705 489981 0.966003 1159.8 0.00144174 
0.08395 0.0110677 2.02885e+06 0 0 1.54304e+06 1.01407 -1430.84 0 0.987423 1.00531 485807 0.957798 1430.84 0.00177693 
0.0876 0.0110356 2.0288e+06 0 0 1.54811e+06 1.01742 -1759.12 0 0.981151 1.00316 480692 0.947737 1759.12 0.00218549 
0.09125 0.0109966 2.02875e+06 0 0 1.55431e+06 1.02152 -2154.28 0 0.973465 1.00047 474441 0.935435 2154.28 0.00268195 
0.0949 0.0109495 2.0287e+06 0 0 1.56187e+06 1.02652 -2626.29 0 0.964063 0.99712 466830 0.920451 2626.29 0.003283 
0.09855 0.0108929 2.02865e+06 0 0 1.57105e+06 1.03257 -3184.66 0 0.95259 0.992942 457602 0.902278 3184.66 0.00400741 
0.1022 0.0108255 2.0286e+06 0 0 1.58213e+06 1.03988 -3837.16 0 0.938627 0.987724 446474 0.880359 3837.16 0.00487571 
0.10585 0.0107458 2.02855e+06 0 0 1.59541e+06 1.04863 -4587.96 0 0.921689 0.981199 433144 0.854096 4587.96 0.00590938 
0.1095 0.0106528 2.0285e+06 0 0 1.61119e+06 1.05904 -5435.02 0 0.901224 0.973027 417305 0.822884 5435.02 0.00712945 
0.11315 0.0105455 2.02845e+06 0 0 1.62978e+06 1.07128 -6366.82 0 0.87662 0.962778 398671 0.786158 6366.82 0.00855397 
0.1168 0.0104238 2.0284e+06 0 0 1.65139e+06 1.08551 -7358.65 0 0.847214 0.949904 377010 0.743462 7358.65 0.0101941 
0.12045 0.0102879 2.02835e+06 0 0 1.67616e+06 1.10182 -8369.09 0 0.812327 0.933712 352193 0.694541 8369.09 0.0120483 
0.1241 0.0101395 2.0283e+06 0 0 1.70405e+06 1.12018 -9337.66 0 0.771314 0.913331 324252 0.639456 9337.66 0.0140935 
0.12775 0.00998111 2.02825e+06 0 0 1.73481e+06 1.14043 -10185.3 0 0.723652 0.887683 293437 0.578699 10185.3 0.0162745 
0.1314 0.00981645 2.0282e+06 0 0 1.76793e+06 1.16223 -10819.3 0 0.669053 0.855468 260268 0.513298 10819.3 0.01849 
0.13505 0.0096503 2.02815e+06 0 0 1.80259e+06 1.18504 -11144.5 0 0.607637 0.815202 225565 0.444868 11144.5 0.0205802 
0.1387 0.00948808 2.0281e+06 0 0 1.83767e+06 1.20814 -11080.7 0 0.540125 0.765352 190429 0.375582 11080.7 0.0223212 
0.14235 0.00933531 2.02805e+06 0 0 1.87189e+06 1.23066 -10584.7 0 0.468024 0.704653 156164 0.308008 10584.7 0.0234378 
0.146 0.00919701 2.028e+06 0 0 1.90388e+06 1.25173 -9671.01 0 0.393735 0.632668 124122 0.244816 9671.01 0.0236496 
0.14965 0.00907702 2.02795e+06 0 0 1.93244e+06 1.27054 -8422.26 0 0.32044 0.550544 95507.2 0.188382 8422.26 0.0227573 
0.1533 0.00897741 2.0279e+06 0 0 1.95673e+06 1.28654 -6979.15 0 0.251692 0.461653 71169.4 0.140381 6979.15 0.0207465 
0.15695 0.00889835 2.02785e+06 0 0 1.97638e+06 1.29949 -5507.87 0 0.190717 0.371524 51464.8 0.101516 5507.87 0.017849 
0.1606 0.00883822 2.0278e+06 0 0 1.99156e+06 1.3095 -4155.58 0 0.13968 0.286646 36244.7 0.0714957 4155.58 0.0144954 
0.16425 0.00879423 2.02775e+06 0 0 2.00278e+06 1.31691 -3016.15 0 0.0992743 0.212541 24973.3 0.0492631 3016.15 0.0111628 
0.1679 0.00876308 2.0277e+06 0 0 2.01078e+06 1.32221 -2121.76 0 0.0688299 0.152249 16915.3 0.0333685 2121.76 0.00821582 
0.17155 0.0087416 2.02765e+06 0 0 2.01634e+06 1.32589 -1457.43 0 0.046812 0.106064 11312.5 0.0223164 1457.43 0.00583277 
0.1752 0.00872709 2.0276e+06 0 0 2.0201e+06 1.3284 -983.877 0 0.0313873 0.0723429 7496.77 0.0147895 983.877 0.00403016 
0.17885 0.00871745 2.02755e+06 0 0 2.02261e+06 1.33009 -656.125 0 0.0208327 0.048591 4936.67 0.00973918 656.125 0.00273078 
0.1825 0.00871114 2.0275e+06 0 0 2.02426e+06 1.3312 -433.9 0 0.0137303 0.0322877 3236.75 0.0063857 433.9 0.0018253 
0.18615 0.00870705 2.02745e+06 0 0 2.02533e+06 1.33194 -285.32 0 0.00900593 0.0212966 2115.98 0.00417467 285.32 0.00120876 
0.1898 0.00870444 2.0274e+06 0 0 2.02602e+06 1.33243 -186.908 0 0.00588804 0.0139771 1380.57 0.00272383 186.908 0.000795472 
0.19345 0.00870281 2.02735e+06 0 0 2.02645e+06 1.33274 -122.133 0 0.00384118 0.00914261 899.563 0.00177485 122.133 0.00052131 
0.1971 0.00870182 2.0273e+06 0 0 2.02671e+06 1.33295 -79.6728 0 0.00250218 0.00596694 585.615 0.00115546 79.6728 0.000340691 
0.20075 0.00870125 2.02725e+06 0 0 2.02687e+06 1.33308 -51.9162 0 0.0016283 0.0038885 380.999 0.000751755 51.9162 0.00022224 
0.2044 0.00870096 2.0272e+06 0 0 2.02695e+06 1.33317 -33.8042 0 0.00105888 0.00253146 247.767 0.000488886 33.8042 0.000144793 
0.20805 0.00870084 2.02715e+06 0 0 2.02699e+06 1.33323 -21.9997 0 0.000688244 0.00164686 161.073 0.000317832 21.9997 9.42557e-05 
0.2117 0.00870084 2.0271e+06 0 0 2.027e+06 1.33326 -14.3122 0 0.000447171 0.00107085 104.688 0.000206577 14.3122 6.13223e-05 
0.21535 0.00870091 2.02705e+06 0 0 2.02698e+06 1.33329 -9.30864 0 0.000290454 0.000696055 68.0271 0.000134239 9.30864 3.98797e-05 
0.219 0.00870104 2.027e+06 0 0 2.02696e+06 1.3333 -6.05313 0 0.000188615 0.000452311 44.1969 8.72165e-05 6.05313 2.59271e-05 
0.22265 0.00870119 2.02695e+06 0 0 2.02692e+06 1.33331 -3.93555 0 0.000122457 0.000293856 28.7101 5.66567e-05 3.93555 1.68522e-05 
0.2263 0.00870137 2.0269e+06 0 0 2.02688e+06 1.33332 -2.55843 0 7.9489e-05 0.000190875 18.6472 3.67994e-05 2.55843 1.09515e-05 
0.22995 0.00870156 2.02685e+06 0 0 2.02684e+06 1.33333 -1.66299 0 5.15882e-05 0.000123962 12.1096 2.38983e-05 1.66299 7.11577e-06 
0.2336 0.00870175 2.0268e+06 0 0 2.02679e+06 1.33333 -1.08084 0 3.34746e-05 8.04926e-05 7.86289 1.55179e-05 1.08084 4.62279e-06 
0.23725 0.00870196 2.02675e+06 0 0 2.02674e+06 1.33333 -0.702395 0 2.17171e-05 5.22584e-05 5.10473 1.00747e-05 0.702395 3.00279e-06 
0.2409 0.00870217 2.0267e+06 0 0 2.0267e+06 1.33333 -0.456412 0 1.40867e-05 3.39225e-05 3.31359 6.53988e-06 0.456412 1.95023e-06 
0.24455 0.00870238 2.02665e+06 0 0 2.02665e+06 1.33333 -0.296541 0 9.13557e-06 2.20167e-05 2.15059 4.24463e-06 0.296541 1.26644e-06 
0.2482 0.00870259 2.0266e+06 0 0 2.0266e+06 1.33333 -0.192647 0 5.9235e-06 1.42871e-05 1.39556 2.75449e-06 0.192647 8.22288e-07 
0.25185 0.0087028 2.02655e+06 0 0 2.02655e+06 1.33333 -0.125139 0 3.84002e-06 9.26969e-06 0.905456 1.78719e-06 0.125139 5.33826e-07 
0.2555 0.00870302 2.0265e+06 0 0 2.0265e+06 1.33333 -0.081277 0 2.48884e-06 6.01327e-06 0.587369 1.15938e-06 0.081277 3.46506e-07 
0.25915 0.00870323 2.02645e+06 0 0 2.02645e+06 1.33333 -0.0527824 0 1.61274e-06 3.90011e-06 0.380958 7.51971e-07 0.0527824 2.24883e-07 
0.2628 0.00870344 2.0264e+06 0 0 2.0264e+06 1.33333 -0.0342731 0 1.04479e-06 2.52907e-06 0.247036 4.87635e-07 0.0342731 1.45926e-07 
0.26645 0.00870366 2.02635e+06 0 0 2.02635e+06 1.33333 -0.0222515 0 6.76671e-07 1.63966e-06 0.16016 3.16155e-07 0.0222515 9.46751e-08 
0.2701 0.00870387 2.0263e+06 0 0 2.0263e+06 1.33333 -0.0144446 0 4.38126e-07 1.06281e-06 0.103813 2.04932e-07 0.0144446 6.14139e-08 
0.27375 0.00870409 2.02625e+06 0 0 2.02625e+06 1.33333 -0.00937531 0 2.83577e-07 6.88728e-07 0.0672739 1.32805e-07 0.00937531 3.9831e-08 
0.2774 0.0087043 2.0262e+06 0 0 2.0262e+06 1.33333 -0.00608416 0 1.83469e-07 4.46192e-07 0.0435833 8.60395e-08 0.00608417 2.58284e-08 
0.28105 0.00870452 2.02615e+06 0 0 2.02615e+06 1.33333 -0.00394773 0 1.18639e-07 2.88971e-07 0.0282263 5.5724e-08 0.00394773 1.67453e-08 
0.2847 0.00870473 2.0261e+06 0 0 2.0261e+06 1.33333 -0.00256108 0 7.66641e-08 1.87075e-07 0.0182732 3.60756e-08 0.00256109 1.08544e-08 
0.28835 0.00870495 2.02605e+06 0 0 2.02605e+06 1.33333 -0.00166122 0 4.94911e-08 1.21048e-07 0.0118238 2.33435e-08 0.00166122 7.03457e-09 
0.292 0.00870516 2.026e+06 0 0 2.026e+06 1.33333 -0.00107733 0 3.19066e-08 7.82716e-08 0.00764545 1.50947e-08 0.00107734 4.55799e-09 
0.29565 0.00870538 2.02595e+06 0 0 2.02595e+06 1.33333 -0.000698586 0 2.05263e-08 5.05639e-08 0.00493901 9.75149e-09 0.000698589 2.95287e-09 
0.2993 0.00870559 2.0259e+06 0 0 2.0259e+06 1.33333 -0.000452796 0 1.31645e-08 3.26207e-08 0.00318634 6.2912e-09 0.000452799 1.91264e-09 
0.30295 0.00870581 2.02585e+06 0 0 2.02585e+06 1.33333 -0.000293567 0 8.4022e-09 2.10036e-08 0.0020516 4.05084e-09 0.00029357 1.23877e-09 
0.3066 0.00870602 2.0258e+06 0 0 2.0258e+06 1.33333 -0.000190649 0 5.31935e-09 1.34859e-08 0.00131728 2.60101e-09 0.000190651 8.02777e-10 
0.31025 0.00870624 2.02575e+06 0 0 2.02575e+06 1.33333 -0.000119335 0 3.32874e-09 8.62616e-09 0.00084259 1.66376e-09 0.000119338 5.20934e-10 
0.3139 0.00870645 2.0257e+06 0 0 2.0257e+06 1.33333 -9.54765e-05 0 2.02209e-09 5.50302e-09 0.000537527 1.06141e-09 9.54793e-05 3.41646e-10 
0.31755 0.00870667 2.02565e+06 0 0 2.02565e+06 1.33333 8.72716e-06 0 1.15576e-09 3.51292e-09 0.000343137 6.77583e-10 -8.72677e-06 2.34497e-10 
0.3212 0.00870688 2.0256e+06 0 0 2.0256e+06 1.33333 -0.000203462 0 5.37973e-10 2.41211e-09 0.000235611 4.65267e-10 0.000203462 1.78151e-10 
0.32485 0.00870709 2.02555e+06 0 0 2.02555e+06 1.33333 0.000744831 0 1.40224e-10 0 0.000179262 3.54002e-10 -0.000744827 1.9487e-10 
0.3285 0.00870731 2.0255e+06 0 0 2.0255e+06 1.33333 -0.000194148 0 0 0 0.000196655 3.88359e-10 0.000194151 0 
0.33215 0.00870752 2.02545e+06 0 0 2.02545e+06 1.33333 6.94844e-05 0 0 0 0.00019123 3.77654e-10 -6.9481e-05 0 
0.3358 0.00870774 2.0254e+06 0 0 2.0254e+06 1.33333 -2.74433e-05 0 0 0 0.000192575 3.8032e-10 2.7445e-05 0 
0.33945 0.00870795 2.02535e+06 0 0 2.02535e+06 1.33333 5.42707e-06 0 0 0 0.000191397 3.78003e-10 -5.42368e-06 0 
0.3431 0.00870817 2.0253e+06 0 0 2.0253e+06 1.33333 -3.80244e-06 0 0 0 0.000191119 3.77464e-10 3.80598e-06 0 
0.34675 0.00870838 2.02525e+06 0 0 2.02525e+06 1.33333 -1.20801e-06 0 0 0 0.000190665 3.76576e-10 1.21209e-06 0 
0.3504 0.0087086 2.0252e+06 0 0 2.0252e+06 1.33333 -1.22396e-06 0 0 0 0.000190388 3.76038e-10 1.22738e-06 0 
0.35405 0.00870881 2.02515e+06 0 0 2.02515e+06 1.33333 -1.02063e-06 0 0 0 0.000190167 3.75611e-10 1.02291e-06 0 
0.3577 0.00870903 2.0251e+06 0 0 2.0251e+06 1.33333 -6.87728e-07 0 0 0 0.000190019 3.75327e-10 6.89718e-07 0 
0.36135 0.00870925 2.02505e+06 0 0 2.02505e+06 1.33333 -5.13304e-07 0 0 0 0.000189926 3.75154e-10 5.14386e-07 0 
0.365 0.00870946 2.025e+06 0 0 2.025e+06 1.33333 -3.78748e-07 0 0 0 0.00018988 3.75072e-10 3.81547e-07 0 


0 0.0112 2.03e+06 0 0 1.5225e+06 1 0 0 1.01406 1.01407 507500 1 0 1.1466e-06 
0.00365 0.0112002 2.02995e+06 0 0 1.52248e+06 1.00001 -1.01967 0 1.01404 1.01406 507474 0.999973 1.01967 2.77213e-06 
0.0073 0.0112003 2.0299e+06 0 0 1.52246e+06 1.00002 -2.44561 0 1.014 1.01405 507442 0.999935 2.44561 4.93229e-06 
0.01095 0.0112004 2.02985e+06 0 0 1.52245e+06 1.00004 -4.38871 0 1.01396 1.01404 507403 0.999882 4.38871 7.76708e-06 
0.0146 0.0112004 2.0298e+06 0 0 1.52245e+06 1.00006 -6.98679 0 1.0139 1.01402 507354 0.999811 6.98679 1.14497e-05 
0.01825 0.0112004 2.02975e+06 0 0 1.52246e+06 1.00009 -10.4107 0 1.01383 1.01399 507294 0.999717 10.4107 1.61943e-05 
0.0219 0.0112002 2.0297e+06 0 0 1.52248e+06 1.00014 -14.8716 0 1.01374 1.01396 507219 0.999593 14.8716 2.22637e-05 
0.02555 0.0112 2.02965e+06 0 0 1.52253e+06 1.00019 -20.6305 0 1.01363 1.01393 507125 0.999433 20.6305 2.99781e-05 
0.0292 0.0111995 2.0296e+06 0 0 1.52259e+06 1.00026 -28.0093 0 1.01348 1.01388 507007 0.999226 28.0093 3.9729e-05 
0.03285 0.0111989 2.02955e+06 0 0 1.52269e+06 1.00035 -37.4046 0 1.0133 1.01383 506861 0.998962 37.4046 5.19966e-05 
0.0365 0.011198 2.0295e+06 0 0 1.52282e+06 1.00046 -49.3054 0 1.01308 1.01375 506677 0.998625 49.3054 6.73712e-05 
0.04015 0.0111969 2.02945e+06 0 0 1.523e+06 1.0006 -64.3139 0 1.01279 1.01366 506449 0.998199 64.3139 8.65804e-05 
0.0438 0.0111954 2.0294e+06 0 0 1.52324e+06 1.00078 -83.1715 0 1.01244 1.01355 506164 0.997661 83.1715 0.00011052 
0.04745 0.0111934 2.02935e+06 0 0 1.52354e+06 1.001 -106.79 0 1.012 1.01341 505808 0.996986 106.79 0.000140291 
0.0511 0.0111908 2.0293e+06 0 0 1.52393e+06 1.00129 -136.291 0 1.01146 1.01324 505366 0.996139 136.291 0.000177249 
0.05475 0.0111876 2.02925e+06 0 0 1.52443e+06 1.00164 -173.05 0 1.01078 1.01302 504817 0.99508 173.05 0.000223057 
0.0584 0.0111834 2.0292e+06 0 0 1.52507e+06 1.00208 -218.753 0 1.00994 1.01275 504134 0.99376 218.753 0.000279754 
0.06205 0.0111783 2.02915e+06 0 0 1.52586e+06 1.00263 -275.463 0 1.0089 1.01242 503288 0.992115 275.463 0.000349838 
0.0657 0.0111718 2.0291e+06 0 0 1.52686e+06 1.00331 -345.693 0 1.00761 1.01201 502238 0.990071 345.693 0.000436364 
0.06935 0.0111637 2.02905e+06 0 0 1.52811e+06 1.00415 -432.5 0 1.00602 1.01149 500940 0.987536 432.5 0.000543057 
0.073 0.0111536 2.029e+06 0 0 1.52967e+06 1.0052 -539.579 0 1.00406 1.01085 499334 0.984394 539.579 0.000674452 
0.07665 0.0111411 2.02895e+06 0 0 1.5316e+06 1.0065 -671.372 0 1.00163 1.01005 497350 0.980508 671.372 0.00083605 
0.0803 0.0111257 2.0289e+06 0 0 1.534e+06 1.0081 -833.177 0 0.998647 1.00906 494904 0.975709 833.177 0.00103449 
0.08395 0.0111067 2.02885e+06 0 0 1.53696e+06 1.01007 -1031.24 0 0.994968 1.00783 491891 0.969792 1031.24 0.00127778 
0.0876 0.0110833 2.0288e+06 0 0 1.54061e+06 1.0125 -1272.84 0 0.990443 1.0063 488186 0.962512 1272.84 0.00157544 
0.09125 0.0110548 2.02875e+06 0 0 1.54511e+06 1.01548 -1566.26 0 0.984884 1.0044 483641 0.953575 1566.26 0.00193881 
0.0949 0.01102 2.0287e+06 0 0 1.55062e+06 1.01912 -1920.7 0 0.978064 1.00204 478079 0.942632 1920.7 0.00238117 
0.09855 0.0109778 2.02865e+06 0 0 1.55736e+06 1.02357 -2346 0 0.969714 0.999094 471294 0.929275 2346 0.00291794 
0.1022 0.010927 2.0286e+06 0 0 1.56555e+06 1.02899 -2852.03 0 0.95951 0.995423 463047 0.913038 2852.03 0.00356666 
0.10585 0.0108661 2.02855e+06 0 0 1.57548e+06 1.03554 -3447.74 0 0.947071 0.990842 453072 0.893391 3447.74 0.00434687 
0.1095 0.0107938 2.0285e+06 0 0 1.58742e+06 1.04341 -4139.69 0 0.931953 0.985119 441076 0.869759 4139.69 0.00527962 
0.11315 0.0107088 2.02845e+06 0 0 1.6017e+06 1.05282 -4929.79 0 0.913642 0.977959 426754 0.841537 4929.79 0.0063864 
0.1168 0.0106101 2.0284e+06 0 0 1.6186e+06 1.06396 -5812.55 0 0.891562 0.968987 409802 0.808129 5812.55 0.00768738 
0.12045 0.0104969 2.02835e+06 0 0 1.6384e+06 1.077 -6771.48 0 0.865075 0.957728 389954 0.769007 6771.48 0.00919836 
0.1241 0.0103693 2.0283e+06 0 0 1.66129e+06 1.09207 -7775.41 0 0.833509 0.943579 367014 0.723786 7775.41 0.0109261 
0.12775 0.0102282 2.02825e+06 0 0 1.68734e+06 1.10922 -8775.3 0 0.796191 0.925778 340911 0.672325 8775.3 0.0128614 
0.1314 0.0100754 2.0282e+06 0 0 1.71644e+06 1.12838 -9702.86 0 0.752513 0.903372 311760 0.61485 9702.86 0.0149696 
0.13505 0.00991398 2.02815e+06 0 0 1.74823e+06 1.14931 -10472.6 0 0.702032 0.875191 279916 0.552061 10472.6 0.0171781 
0.1387 0.0097482 2.0281e+06 0 0 1.78208e+06 1.17159 -10989.3 0 0.644606 0.839853 246021 0.485224 10989.3 0.0193632 
0.14235 0.00958308 2.02805e+06 0 0 1.81703e+06 1.1946 -11161.7 0 0.580577 0.795831 211015 0.416193 11161.7 0.0213388 
0.146 0.00942418 2.028e+06 0 0 1.8519e+06 1.21756 -10922 0 0.510967 0.741651 176095 0.347328 10922 0.022857 
0.14965 0.00927689 2.02795e+06 0 0 1.88535e+06 1.23957 -10248.9 0 0.437646 0.676309 142604 0.281277 10248.9 0.0236329 
0.1533 0.00914581 2.0279e+06 0 0 1.91604e+06 1.25979 -9184.38 0 0.363364 0.599924 111859 0.22064 9184.38 0.0234073 
0.15695 0.0090341 2.02785e+06 0 0 1.94291e+06 1.27748 -7837.46 0 0.291521 0.514505 84940.3 0.167547 7837.46 0.022045 
0.1606 0.00894305 2.0278e+06 0 0 1.9653e+06 1.29224 -6364.1 0 0.225631 0.424375 62504.1 0.123294 6364.1 0.0196306 
0.16425 0.00887207 2.02775e+06 0 0 1.98306e+06 1.30395 -4927.75 0 0.168559 0.335661 44693 0.0881628 4927.75 0.01649 
0.1679 0.00881896 2.0277e+06 0 0 1.99652e+06 1.31283 -3656.34 0 0.121887 0.254687 31179.9 0.061508 3656.34 0.0130938 
0.17155 0.00878064 2.02765e+06 0 0 2.00633e+06 1.31931 -2617.74 0 0.0857084 0.186071 21324.1 0.0420667 2617.74 0.0098882 
0.1752 0.00875383 2.0276e+06 0 0 2.01324e+06 1.32389 -1822.17 0 0.0589293 0.13168 14363.4 0.0283358 1822.17 0.0071636 
0.17885 0.0087355 2.02755e+06 0 0 2.01798e+06 1.32704 -1242 0 0.0398309 0.0908861 9567.75 0.0188755 1242 0.00502503 
0.1825 0.00872321 2.0275e+06 0 0 2.02118e+06 1.32917 -833.881 0 0.0265897 0.0615722 6323.28 0.012475 833.881 0.00344199 
0.18615 0.00871509 2.02745e+06 0 0 2.02329e+06 1.3306 -554.028 0 0.0175959 0.0411617 4156.39 0.00820023 554.028 0.00231816 
0.1898 0.00870979 2.0274e+06 0 0 2.02468e+06 1.33154 -365.473 0 0.0115744 0.027264 2722.01 0.00537044 365.473 0.00154315 
0.19345 0.00870639 2.02735e+06 0 0 2.02557e+06 1.33216 -239.934 0 0.00758253 0.0179455 1778.22 0.00350846 239.934 0.00101914 
0.1971 0.00870423 2.0273e+06 0 0 2.02614e+06 1.33257 -157.015 0 0.00495382 0.0117622 1159.74 0.00228824 157.015 0.000669514 
0.20075 0.00870289 2.02725e+06 0 0 2.02649e+06 1.33284 -102.534 0 0.00323048 0.00768761 755.523 0.00149073 102.534 0.000438281 
0.2044 0.0087021 2.0272e+06 0 0 2.02671e+06 1.33301 -66.8627 0 0.00210404 0.00501507 491.822 0.000970445 66.8627 0.00028624 
0.20805 0.00870165 2.02715e+06 0 0 2.02683e+06 1.33312 -43.5605 0 0.00136922 0.00326749 319.993 0.000631415 43.5605 0.000186652 
0.2117 0.00870144 2.0271e+06 0 0 2.02689e+06 1.3332 -28.3614 0 0.000890505 0.00212706 208.119 0.000410674 28.3614 0.000121586 
0.21535 0.00870137 2.02705e+06 0 0 2.02691e+06 1.33324 -18.4577 0 0.000578915 0.00138386 135.321 0.000267031 18.4577 7.91456e-05 
0.219 0.00870141 2.027e+06 0 0 2.02691e+06 1.33328 -12.0087 0 0.000376232 0.000899955 87.969 0.000173594 12.0087 5.14945e-05 
0.22265 0.0087015 2.02695e+06 0 0 2.02689e+06 1.3333 -7.81123 0 0.000244449 0.000585084 57.1766 0.000112833 7.81123 3.34923e-05 
0.2263 0.00870164 2.0269e+06 0 0 2.02686e+06 1.33331 -5.0801 0 0.000158793 0.000380289 37.1572 7.33282e-05 5.0801 2.17781e-05 
0.22995 0.00870181 2.02685e+06 0 0 2.02683e+06 1.33332 -3.30345 0 0.000103133 0.000247131 24.1441 4.76485e-05 3.30345 1.41582e-05 
0.2336 0.00870199 2.0268e+06 0 0 2.02678e+06 1.33332 -2.1479 0 6.69712e-05 0.000160572 15.6864 3.09579e-05 2.1479 9.20296e-06 
0.23725 0.00870218 2.02675e+06 0 0 2.02674e+06 1.33333 -1.39642 0 4.34822e-05 0.000104315 10.1902 2.01114e-05 1.39642 5.98116e-06 
0.2409 0.00870238 2.0267e+06 0 0 2.02669e+06 1.33333 -0.907778 0 2.82271e-05 6.77586e-05 6.61891 1.30634e-05 0.907778 3.88677e-06 
0.24455 0.00870259 2.02665e+06 0 0 2.02665e+06 1.33333 -0.590068 0 1.83212e-05 4.40071e-05 4.2987 8.48434e-06 0.590068 2.52545e-06 
0.2482 0.0087028 2.0266e+06 0 0 2.0266e+06 1.33333 -0.383517 0 1.18897e-05 2.85774e-05 2.79146 5.50964e-06 0.383517 1.64073e-06 
0.25185 0.00870301 2.02655e+06 0 0 2.02655e+06 1.33333 -0.249245 0 7.71468e-06 1.85551e-05 1.81246 3.57742e-06 0.249245 1.06582e-06 
0.2555 0.00870322 2.0265e+06 0 0 2.0265e+06 1.33333 -0.161967 0 5.00484e-06 1.20459e-05 1.17664 2.32251e-06 0.161967 6.92272e-07 
0.25915 0.00870343 2.02645e+06 0 0 2.02645e+06 1.33333 -0.105241 0 3.24627e-06 7.81908e-06 0.76376 1.50758e-06 0.105241 4.49589e-07 
0.2628 0.00870365 2.0264e+06 0 0 2.0264e+06 1.33333 -0.0683746 0 2.10522e-06 5.07462e-06 0.495683 9.78451e-07 0.0683746 2.91944e-07 
0.26645 0.00870386 2.02635e+06 0 0 2.02635e+06 1.33333 -0.044418 0 1.36497e-06 3.29293e-06 0.321649 6.34933e-07 0.044418 1.89551e-07 
0.2701 0.00870408 2.0263e+06 0 0 2.0263e+06 1.33333 -0.0288519 0 8.84813e-07 2.13642e-06 0.208682 4.11947e-07 0.028852 1.23053e-07 
0.27375 0.00870429 2.02625e+06 0 0 2.02625e+06 1.33333 -0.0187387 0 5.73421e-07 1.38583e-06 0.135366 2.67224e-07 0.0187387 7.98721e-08 
0.2774 0.0087045 2.0262e+06 0 0 2.0262e+06 1.33333 -0.0121689 0 3.7151e-07 8.9876e-07 0.0877895 1.73309e-07 0.0121689 5.18364e-08 
0.28105 0.00870472 2.02615e+06 0 0 2.02615e+06 1.33333 -0.00790148 0 2.40614e-07 5.82745e-07 0.0569216 1.12374e-07 0.00790148 3.36362e-08 
0.2847 0.00870493 2.0261e+06 0 0 2.0261e+06 1.33333 -0.00512989 0 1.5577e-07 3.77743e-07 0.0368974 7.28442e-08 0.00512989 2.18229e-08 
0.28835 0.00870515 2.02605e+06 0 0 2.02605e+06 1.33333 -0.00333003 0 1.00786e-07 2.44779e-07 0.0239096 4.72044e-08 0.00333003 1.41562e-08 
0.292 0.00870536 2.026e+06 0 0 2.026e+06 1.33333 -0.00216135 0 6.5162e-08 1.58552e-07 0.0154872 3.05768e-08 0.00216135 9.18136e-09 
0.29565 0.00870558 2.02595e+06 0 0 2.02595e+06 1.33333 -0.00140264 0 4.20828e-08 1.02645e-07 0.0100262 1.97955e-08 0.00140264 5.95386e-09 
0.2993 0.00870579 2.0259e+06 0 0 2.0259e+06 1.33333 -0.000910068 0 2.7135e-08 6.64012e-08 0.00648597 1.28061e-08 0.000910068 3.86025e-09 
0.30295 0.00870601 2.02585e+06 0 0 2.02585e+06 1.33333 -0.000590569 0 1.74552e-08 4.29101e-08 0.00419139 8.27581e-09 0.000590571 2.50244e-09 
0.3066 0.00870622 2.0258e+06 0 0 2.0258e+06 1.33333 -0.000382642 0 1.11865e-08 2.76874e-08 0.00270446 5.34003e-09 0.000382644 1.62218e-09 
0.31025 0.00870644 2.02575e+06 0 0 2.02575e+06 1.33333 -0.000248618 0 7.13178e-09 1.78265e-08 0.00174127 3.43827e-09 0.000248619 1.05137e-09 
0.3139 0.00870665 2.0257e+06 0 0 2.0257e+06 1.33333 -0.000159049 0 4.49864e-09 1.1442e-08 0.00111763 2.20691e-09 0.000159053 6.82687e-10 
0.31755 0.00870687 2.02565e+06 0 0 2.02565e+06 1.33333 -0.000100305 0 2.79142e-09 7.31813e-09 0.000714824 1.41154e-09 0.000100308 4.45249e-10 
0.3212 0.00870708 2.0256e+06 0 0 2.0256e+06 1.33333 -5.45288e-05 0 1.67822e-09 4.67464e-09 0.000456612 9.01682e-10 5.45309e-05 2.95203e-10 
0.32485 0.0087073 2.02555e+06 0 0 2.02555e+06 1.33333 -3.00248e-05 0 9.19836e-10 3.0304e-09 0.000296005 5.84543e-10 3.00281e-05 2.08289e-10 
0.3285 0.00870751 2.0255e+06 0 0 2.0255e+06 1.33333 -2.10614e-05 0 3.37175e-10 2.12071e-09 0.000207148 4.0908e-10 2.10628e-05 1.79077e-10 
0.33215 0.00870773 2.02545e+06 0 0 2.02545e+06 1.33333 -3.53871e-05 0 7.11028e-11 2.07931e-09 0.000203104 4.01104e-10 3.53903e-05 -6.90344e-12 
0.3358 0.00870794 2.0254e+06 0 0 2.0254e+06 1.33333 -4.298e-05 0 0 0 0.0001929 3.80962e-10 4.29839e-05 0 
0.33945 0.00870816 2.02535e+06 0 0 2.02535e+06 1.33333 -3.33996e-05 0 0 0 0.000191767 3.78733e-10 3.34032e-05 0 
0.3431 0.00870837 2.0253e+06 0 0 2.0253e+06 1.33333 -1.362e-05 0 0 0 0.000189526 3.74316e-10 1.36232e-05 0 
0.34675 0.00870859 2.02525e+06 0 0 2.02525e+06 1.33333 -2.95224e-06 0 0 0 0.000188938 3.73165e-10 2.95509e-06 0 
0.3504 0.0087088 2.0252e+06 0 0 2.0252e+06 1.33333 2.91038e-07 0 0 0 0.000189046 3.73387e-10 -2.90205e-07 0 
0.35405 0.00870902 2.02515e+06 0 0 2.02515e+06 1.33333 1.06349e-06 0 0 0 0.000189372 3.74041e-10 -1.06137e-06 0 
0.3577 0.00870923 2.0251e+06 0 0 2.0251e+06 1.33333 1.70337e-06 0 0 0 0.000189721 3.74739e-10 -1.70056e-06 0 
0.36135 0.00870945 2.02505e+06 0 0 2.02505e+06 1.33333 1.53094e-06 0 0 0 0.000190002 3.75303e-10 -1.52945e-06 0 
0.365 0.00870966 2.025e+06 0 0 2.025e+06 1.33333 1.65553e-06 0 0 0 0.000190163 3.75631e-10 -1.65503e-06 0 


0 0.0112 2.03e+06 0 0 1.5225e+06 1 0 0 1.01407 1.01407 507500 1 0 6.98934e-07 
0.00365 0.0112002 2.02995e+06 0 0 1.52247e+06 1.00001 -0.701693 0 1.01405 1.01407 507478 0.999981 0.701693 1.81737e-06 
0.0073 0.0112004 2.0299e+06 0 0 1.52245e+06 1.00002 -1.68817 0 1.01402 1.01406 507452 0.999955 1.68817 3.31305e-06 
0.01095 0.0112005 2.02985e+06 0 0 1.52243e+06 1.00003 -3.03817 0 1.01399 1.01404 507421 0.999918 3.03817 5.28543e-06 
0.0146 0.0112006 2.0298e+06 0 0 1.52242e+06 1.00004 -4.84962 0 1.01395 1.01403 507383 0.999869 4.84962 7.85764e-06 
0.01825 0.0112007 2.02975e+06 0 0 1.52241e+06 1.00007 -7.24402 0 1.0139 1.01401 507337 0.999803 7.24402 1.11821e-05 
0.0219 0.0112007 2.0297e+06 0 0 1.52242e+06 1.00009 -10.3718 0 1.01383 1.01399 507281 0.999716 10.3718 1.5446e-05 
0.02555 0.0112006 2.02965e+06 0 0 1.52244e+06 1.00013 -14.419 0 1.01375 1.01396 507211 0.999603 14.419 2.0878e-05 
0.0292 0.0112003 2.0296e+06 0 0 1.52248e+06 1.00018 -19.6151 0 1.01365 1.01393 507125 0.999457 19.6151 2.77581e-05 
0.03285 0.0112 2.02955e+06 0 0 1.52253e+06 1.00024 -26.2436 0 1.01352 1.01389 507018 0.999271 26.2436 3.64301e-05 
0.0365 0.0111994 2.0295e+06 0 0 1.52262e+06 1.00032 -34.6541 0 1.01336 1.01383 506884 0.999033 34.6541 4.73171e-05 
0.04015 0.0111987 2.02945e+06 0 0 1.52273e+06 1.00042 -45.2774 0 1.01316 1.01377 506719 0.998732 45.2774 6.09409e-05 
0.0438 0.0111977 2.0294e+06 0 0 1.52289e+06 1.00055 -58.6449 0 1.0129 1.01369 506513 0.998351 58.6449 7.79441e-05 
0.04745 0.0111964 2.02935e+06 0 0 1.52309e+06 1.00071 -75.4111 0 1.01259 1.01359 506258 0.997872 75.4111 9.91184e-05 
0.0511 0.0111946 2.0293e+06 0 0 1.52336e+06 1.00091 -96.3816 0 1.0122 1.01346 505940 0.99727 96.3816 0.000125438 
0.05475 0.0111924 2.02925e+06 0 0 1.5237e+06 1.00116 -122.547 0 1.01172 1.01331 505546 0.996518 122.547 0.000158101 
0.0584 0.0111895 2.0292e+06 0 0 1.52414e+06 1.00147 -155.126 0 1.01112 1.01312 505057 0.995578 155.126 0.000198578 
0.06205 0.0111859 2.02915e+06 0 0 1.5247e+06 1.00186 -195.611 0 1.01038 1.01288 504450 0.994407 195.611 0.000248678 
0.0657 0.0111814 2.0291e+06 0 0 1.5254e+06 1.00235 -245.832 0 1.00946 1.01258 503698 0.992949 245.832 0.000310613 
0.06935 0.0111756 2.02905e+06 0 0 1.52628e+06 1.00295 -308.023 0 1.00832 1.01222 502767 0.991139 308.023 0.000387096 
0.073 0.0111685 2.029e+06 0 0 1.52738e+06 1.0037 -384.907 0 1.00691 1.01176 501616 0.988893 384.907 0.000481438 
0.07665 0.0111596 2.02895e+06 0 0 1.52876e+06 1.00463 -479.785 0 1.00517 1.01119 500192 0.986111 479.785 0.000597677 
0.0803 0.0111486 2.0289e+06 0 0 1.53047e+06 1.00578 -596.641 0 1.00303 1.01049 498434 0.982669 596.641 0.000740719 
0.08395 0.0111349 2.02885e+06 0 0 1.53258e+06 1.00719 -740.25 0 1.00039 1.00961 496266 0.978418 740.25 0.000916507 
0.0876 0.0111181 2.0288e+06 0 0 1.53521e+06 1.00894 -916.283 0 0.997131 1.00853 493594 0.973175 916.283 0.00113221 
0.09125 0.0110974 2.02875e+06 0 0 1.53844e+06 1.01109 -1131.39 0 0.993123 1.00718 490308 0.966719 1131.39 0.00139643 
0.0949 0.011072 2.0287e+06 0 0 1.54243e+06 1.01374 -1393.27 0 0.988196 1.00551 486272 0.958785 1393.27 0.0017194 
0.09855 0.011041 2.02865e+06 0 0 1.54732e+06 1.01698 -1710.58 0 0.982149 1.00343 481327 0.949059 1710.58 0.00211323 
0.1022 0.0110033 2.0286e+06 0 0 1.55332e+06 1.02094 -2092.82 0 0.974736 1.00083 475284 0.937168 2092.82 0.00259205 
0.10585 0.0109577 2.02855e+06 0 0 1.56062e+06 1.02577 -2549.91 0 0.965667 0.997607 467925 0.922679 2549.91 0.00317216 
0.1095 0.0109029 2.0285e+06 0 0 1.5695e+06 1.03163 -3091.47 0 0.954595 0.993583 459000 0.905101 3091.47 0.00387195 
0.11315 0.0108375 2.02845e+06 0 0 1.58022e+06 1.03871 -3725.67 0 0.941115 0.988561 448229 0.883884 3725.67 0.00471165 
0.1168 0.0107602 2.0284e+06 0 0 1.59309e+06 1.04719 -4457.43 0 0.924753 0.982282 435314 0.858437 4457.43 0.00571263 
0.12045 0.0106697 2.02835e+06 0 0 1.6084e+06 1.05728 -5286 0 0.904971 0.974424 419947 0.828155 5286 0.00689613 
0.1241 0.0105651 2.0283e+06 0 0 1.62646e+06 1.06918 -6201.79 0 0.881164 0.964571 401838 0.792462 6201.79 0.00828093 
0.12775 0.010446 2.02825e+06 0 0 1.64751e+06 1.08304 -7182.73 0 0.852679 0.952201 380741 0.750877 7182.73 0.00987981 
0.1314 0.0103127 2.0282e+06 0 0 1.67169e+06 1.09897 -8190.64 0 0.818835 0.936648 356509 0.703103 8190.64 0.0116939 
0.13505 0.0101665 2.02815e+06 0 0 1.69901e+06 1.11695 -9168.64 0 0.778979 0.917076 329137 0.649138 9168.64 0.013705 
0.1387 0.0100099 2.0281e+06 0 0 1.72927e+06 1.13687 -10040.9 0 0.732555 0.892446 298834 0.589387 10040.9 0.0158643 
0.14235 0.00984617 2.02805e+06 0 0 1.76198e+06 1.15841 -10716.9 0 0.679225 0.861497 266067 0.524775 10716.9 0.01808 
0.146 0.0096801 2.028e+06 0 0 1.7964e+06 1.18106 -11101 0 0.619022 0.822775 231603 0.456812 11101 0.0202036 
0.14965 0.00951694 2.02795e+06 0 0 1.83145e+06 1.20414 -11109.2 0 0.552544 0.774741 196495 0.387574 11109.2 0.0220227 
0.1533 0.00936227 2.0279e+06 0 0 1.86588e+06 1.22681 -10690.2 0 0.481147 0.716052 162015 0.319573 10690.2 0.0232696 
0.15695 0.00922122 2.02785e+06 0 0 1.89833e+06 1.24817 -9847.31 0 0.407068 0.646075 129520 0.255483 9847.31 0.0236601 
0.1606 0.00909787 2.0278e+06 0 0 1.92755e+06 1.26741 -8650.79 0 0.333369 0.565621 100253 0.197758 8650.79 0.0229732 
0.16425 0.00899465 2.02775e+06 0 0 1.95261e+06 1.28393 -7232.55 0 0.263579 0.47764 75138.6 0.148221 7232.55 0.021155 
0.1679 0.00891205 2.0277e+06 0 0 1.97308e+06 1.29741 -5756.94 0 0.201036 0.387323 54624.6 0.107757 5756.94 0.0183931 
0.17155 0.00884876 2.02765e+06 0 0 1.989e+06 1.30792 -4377.17 0 0.148136 0.301111 38648 0.0762421 4377.17 0.0150905 
0.1752 0.00880214 2.0276e+06 0 0 2.00087e+06 1.31576 -3197.76 0 0.105842 0.224827 26730.4 0.052733 3197.76 0.0117279 
0.17885 0.00876894 2.02755e+06 0 0 2.00939e+06 1.32139 -2261.2 0 0.0737027 0.162006 18159.4 0.0358253 2261.2 0.00869788 
0.1825 0.00874595 2.0275e+06 0 0 2.01533e+06 1.32533 -1559.31 0 0.0502972 0.113398 12172 0.0240137 1559.31 0.00621211 
0.18615 0.00873036 2.02745e+06 0 0 2.01937e+06 1.32802 -1055.68 0 0.0338119 0.0776248 8080.06 0.0159413 1055.68 0.00431161 
0.1898 0.00871998 2.0274e+06 0 0 2.02207e+06 1.32983 -705.464 0 0.0224861 0.052279 5327.57 0.0105111 705.464 0.00293108 
0.19345 0.00871315 2.02735e+06 0 0 2.02385e+06 1.33103 -467.217 0 0.0148424 0.0348072 3496.5 0.00689866 467.217 0.0019638 
0.1971 0.00870872 2.0273e+06 0 0 2.02501e+06 1.33183 -307.556 0 0.00974692 0.0229923 2287.6 0.00451358 307.556 0.00130269 
0.20075 0.00870589 2.02725e+06 0 0 2.02576e+06 1.33235 -201.635 0 0.0063787 0.015107 1493.54 0.00294692 201.635 0.000858357 
0.2044 0.00870411 2.0272e+06 0 0 2.02623e+06 1.33269 -131.837 0 0.00416478 0.0098906 973.742 0.00192135 131.837 0.000563053 
0.20805 0.00870302 2.02715e+06 0 0 2.02652e+06 1.33292 -86.0458 0 0.00271506 0.00646 634.255 0.00125152 86.0458 0.000368248 
0.2117 0.00870239 2.0271e+06 0 0 2.02669e+06 1.33306 -56.0932 0 0.00176812 0.00421263 412.864 0.000814688 56.0932 0.000240368 
0.21535 0.00870205 2.02705e+06 0 0 2.02678e+06 1.33316 -36.5383 0 0.00115062 0.00274418 268.633 0.000530096 36.5383 0.000156691 
0.219 0.00870191 2.027e+06 0 0 2.02682e+06 1.33322 -23.788 0 0.000748409 0.00178633 174.733 0.000344811 23.788 0.000102054 
0.22265 0.00870189 2.02695e+06 0 0 2.02684e+06 1.33326 -15.4814 0 0.00048662 0.00116223 113.63 0.000224238 15.4814 6.64298e-05 
0.2263 0.00870195 2.0269e+06 0 0 2.02683e+06 1.33328 -10.0728 0 0.000316318 0.000755916 73.881 0.000145801 10.0728 4.32232e-05 
0.22995 0.00870206 2.02685e+06 0 0 2.0268e+06 1.3333 -6.55262 0 0.000205573 0.000491521 48.0297 9.47869e-05 6.55262 2.81155e-05 
0.2336 0.00870221 2.0268e+06 0 0 2.02677e+06 1.33331 -4.26204 0 0.000133577 0.000319539 31.22 6.16144e-05 4.26204 1.82844e-05 
0.23725 0.00870239 2.02675e+06 0 0 2.02673e+06 1.33332 -2.77187 0 8.67825e-05 0.0002077 20.2912 4.00467e-05 2.77187 1.1889e-05 
0.2409 0.00870257 2.0267e+06 0 0 2.02669e+06 1.33332 -1.80254 0 5.63727e-05 0.000134986 13.1866 2.60258e-05 1.80254 7.72945e-06 
0.24455 0.00870277 2.02665e+06 0 0 2.02664e+06 1.33333 -1.17209 0 3.66139e-05 8.77173e-05 8.56868 1.6912e-05 1.17209 5.0246e-06 
0.2482 0.00870297 2.0266e+06 0 0 2.02659e+06 1.33333 -0.762087 0 2.37774e-05 5.69941e-05 5.56735 1.09886e-05 0.762087 3.26593e-06 
0.25185 0.00870318 2.02655e+06 0 0 2.02655e+06 1.33333 -0.495465 0 1.54392e-05 3.70275e-05 3.61689 7.13902e-06 0.495465 2.12259e-06 
0.2555 0.00870339 2.0265e+06 0 0 2.0265e+06 1.33333 -0.322097 0 1.00236e-05 2.40529e-05 2.3495 4.63754e-06 0.322097 1.37938e-06 
0.25915 0.0087036 2.02645e+06 0 0 2.02645e+06 1.33333 -0.209376 0 6.50666e-06 1.56228e-05 1.52603 3.01222e-06 0.209376 8.96303e-07 
0.2628 0.00870382 2.0264e+06 0 0 2.0264e+06 1.33333 -0.136091 0 4.22307e-06 1.0146e-05 0.991057 1.95629e-06 0.136091 5.82346e-07 
0.26645 0.00870403 2.02635e+06 0 0 2.02635e+06 1.33333 -0.0884496 0 2.7405e-06 6.58837e-06 0.643545 1.27035e-06 0.0884496 3.78321e-07 
0.2701 0.00870424 2.0263e+06 0 0 2.0263e+06 1.33333 -0.0574809 0 1.7781e-06 4.27761e-06 0.417831 8.24816e-07 0.0574809 2.45749e-07 
0.27375 0.00870446 2.02625e+06 0 0 2.02625e+06 1.33333 -0.0373517 0 1.15346e-06 2.7769e-06 0.271244 5.35461e-07 0.0373518 1.59615e-07 
0.2774 0.00870467 2.0262e+06 0 0 2.0262e+06 1.33333 -0.0242692 0 7.48098e-07 1.80241e-06 0.176057 3.47561e-07 0.0242692 1.03658e-07 
0.28105 0.00870489 2.02615e+06 0 0 2.02615e+06 1.33333 -0.0157673 0 4.85079e-07 1.16969e-06 0.114254 2.25559e-07 0.0157673 6.73096e-08 
0.2847 0.0087051 2.0261e+06 0 0 2.0261e+06 1.33333 -0.0102426 0 3.14444e-07 7.58942e-07 0.0741323 1.46355e-07 0.0102427 4.37015e-08 
0.28835 0.00870532 2.02605e+06 0 0 2.02605e+06 1.33333 -0.00665304 0 2.03762e-07 4.9232e-07 0.0480891 9.49416e-08 0.00665304 2.83699e-08 
0.292 0.00870553 2.026e+06 0 0 2.026e+06 1.33333 -0.00432094 0 1.3198e-07 3.1928e-07 0.0311868 6.15731e-08 0.00432094 1.84145e-08 
0.29565 0.00870575 2.02595e+06 0 0 2.02595e+06 1.33333 -0.00280597 0 8.54327e-08 2.06991e-07 0.0202185 3.99191e-08 0.00280598 1.19509e-08 
0.2993 0.00870596 2.0259e+06 0 0 2.0259e+06 1.33333 -0.00182195 0 5.5255e-08 1.34134e-07 0.013102 2.58691e-08 0.00182196 7.75494e-09 
0.30295 0.00870618 2.02585e+06 0 0 2.02585e+06 1.33333 -0.00118285 0 3.5693e-08 8.68707e-08 0.0084854 1.67542e-08 0.00118285 5.03143e-09 
0.3066 0.00870639 2.0258e+06 0 0 2.0258e+06 1.33333 -0.000767895 0 2.30138e-08 5.62141e-08 0.0054909 1.08419e-08 0.000767895 3.26399e-09 
0.31025 0.00870661 2.02575e+06 0 0 2.02575e+06 1.33333 -0.000498238 0 1.47998e-08 3.63327e-08 0.00354892 7.00763e-09 0.00049824 2.11693e-09 
0.3139 0.00870682 2.0257e+06 0 0 2.0257e+06 1.33333 -0.00032395 0 9.47296e-09 2.34411e-08 0.00228969 4.52129e-09 0.000323952 1.3732e-09 
0.31755 0.00870704 2.02565e+06 0 0 2.02565e+06 1.33333 -0.000208135 0 6.02211e-09 1.50847e-08 0.00147345 2.90959e-09 0.000208137 8.91023e-10 
0.3212 0.00870725 2.0256e+06 0 0 2.0256e+06 1.33333 -0.000141678 0 3.78697e-09 9.67576e-09 0.000945113 1.86634e-09 0.00014168 5.78725e-10 
0.32485 0.00870747 2.02555e+06 0 0 2.02555e+06 1.33333 -6.91605e-05 0 2.32928e-09 6.17966e-09 0.00060362 1.19201e-09 6.91613e-05 3.7933e-10 
0.3285 0.00870768 2.0255e+06 0 0 2.0255e+06 1.33333 -0.000115511 0 1.36335e-09 3.97553e-09 0.000388324 7.6687e-10 0.000115514 2.54413e-10 
0.33215 0.0087079 2.02545e+06 0 0 2.02545e+06 1.33333 0.000152027 0 6.87005e-10 2.60115e-09 0.000254076 5.01767e-10 -0.000152023 1.95994e-10 
0.3358 0.00870811 2.0254e+06 0 0 2.0254e+06 1.33333 -0.000842679 0 2.1571e-10 2.25004e-09 0.000219781 4.34049e-10 0.000842679 -2.12672e-11 
0.33945 0.00870833 2.02535e+06 0 0 2.02535e+06 1.33333 0.000152826 0 1.00366e-11 0 0.000192857 3.80887e-10 -0.000152822 -9.98552e-13 
0.3431 0.00870854 2.0253e+06 0 0 2.0253e+06 1.33333 -0.000113066 0 0 0 0.000193498 3.82162e-10 0.000113069 0 
0.34675 0.00870876 2.02525e+06 0 0 2.02525e+06 1.33333 1.67756e-05 0 0 0 0.000189977 3.75216e-10 -1.67733e-05 0 
0.3504 0.00870897 2.0252e+06 0 0 2.0252e+06 1.33333 -1.18309e-06 0 0 0 0.00019084 3.7693e-10 1.18355e-06 0 
0.35405 0.00870919 2.02515e+06 0 0 2.02515e+06 1.33333 6.48956e-06 0 0 0 0.000191014 3.77284e-10 -6.48417e-06 0 
0.3577 0.0087094 2.0251e+06 0 0 2.0251e+06 1.33333 -9.1697e-08 0 0 0 0.0001912 3.7766e-10 9.33887e-08 0 
0.36135 0.00870962 2.02505e+06 0 0 2.02505e+06 1.33333 2.78081e-07 0 0 0 0.000191146 3.77564e-10 -2.77464e-07 0 
0.365 0.00870983 2.025e+06 0 0 2.025e+06 1.33333 -1.17013e-06 0 0 0 0.00019109 3.77463e-10 1.1736e-06 0 


0 0.0112 2.03e+06 0 0 1.5225e+06 1 0 0 1.01407 1.01407 507500 1 0 4.2605e-07 
0.00365 0.0112002 2.02995e+06 0 0 1.52247e+06 1 -0.483668 0 1.01406 1.01407 507481 0.999987 0.483668 1.19567e-06 
0.0073 0.0112004 2.0299e+06 0 0 1.52244e+06 1.00001 -1.16693 0 1.01404 1.01406 507459 0.999969 1.16693 2.23123e-06 
0.01095 0.0112006 2.02985e+06 0 0 1.52242e+06 1.00002 -2.10565 0 1.01401 1.01405 507434 0.999943 2.10565 3.60338e-06 
0.0146 0.0112008 2.0298e+06 0 0 1.5224e+06 1.00003 -3.36937 0 1.01398 1.01404 507404 0.999908 3.36937 5.39966e-06 
0.01825 0.0112009 2.02975e+06 0 0 1.52238e+06 1.00005 -5.04449 0 1.01395 1.01402 507368 0.999862 5.04449 7.72848e-06 
0.0219 0.011201 2.0297e+06 0 0 1.52238e+06 1.00007 -7.23806 0 1.0139 1.01401 507324 0.999801 7.23806 1.07231e-05 
0.02555 0.011201 2.02965e+06 0 0 1.52238e+06 1.00009 -10.0826 0 1.01384 1.01399 507271 0.999722 10.0826 1.45468e-05 
0.0292 0.0112009 2.0296e+06 0 0 1.52239e+06 1.00013 -13.7417 0 1.01377 1.01396 507207 0.999619 13.7417 1.93996e-05 
0.03285 0.0112007 2.02955e+06 0 0 1.52242e+06 1.00017 -18.4178 0 1.01367 1.01393 507128 0.999488 18.4178 2.55276e-05 
0.0365 0.0112004 2.0295e+06 0 0 1.52247e+06 1.00023 -24.3605 0 1.01356 1.01389 507030 0.99932 24.3605 3.32336e-05 
0.04015 0.0112 2.02945e+06 0 0 1.52254e+06 1.0003 -31.8779 0 1.01341 1.01384 506909 0.999107 31.8779 4.28913e-05 
0.0438 0.0111994 2.0294e+06 0 0 1.52264e+06 1.00039 -41.3502 0 1.01323 1.01379 506760 0.998837 41.3502 5.49615e-05 
0.04745 0.0111985 2.02935e+06 0 0 1.52277e+06 1.0005 -53.2462 0 1.01301 1.01371 506575 0.998497 53.2462 7.00119e-05 
0.0511 0.0111973 2.0293e+06 0 0 1.52295e+06 1.00064 -68.1437 0 1.01273 1.01362 506346 0.99807 68.1437 8.87419e-05 
0.05475 0.0111958 2.02925e+06 0 0 1.52319e+06 1.00082 -86.7544 0 1.01239 1.01351 506062 0.997536 86.7544 0.000112013 
0.0584 0.0111939 2.0292e+06 0 0 1.52349e+06 1.00104 -109.954 0 1.01196 1.01337 505711 0.996867 109.954 0.000140883 
0.06205 0.0111914 2.02915e+06 0 0 1.52387e+06 1.00132 -138.82 0 1.01143 1.0132 505275 0.996033 138.82 0.000176656 
0.0657 0.0111882 2.0291e+06 0 0 1.52436e+06 1.00167 -174.676 0 1.01077 1.01299 504736 0.994995 174.676 0.000220931 
0.06935 0.0111842 2.02905e+06 0 0 1.52498e+06 1.0021 -219.142 0 1.00995 1.01273 504068 0.993703 219.142 0.000275671 
0.073 0.0111792 2.029e+06 0 0 1.52576e+06 1.00263 -274.203 0 1.00895 1.0124 503243 0.9921 274.203 0.000343281 
0.07665 0.0111729 2.02895e+06 0 0 1.52673e+06 1.0033 -342.282 0 1.0077 1.012 502222 0.990111 342.282 0.000426703 
0.0803 0.011165 2.0289e+06 0 0 1.52794e+06 1.00412 -426.323 0 1.00617 1.0115 500960 0.987648 426.323 0.000529528 
0.08395 0.0111553 2.02885e+06 0 0 1.52945e+06 1.00513 -529.893 0 1.00427 1.01088 499402 0.984601 529.893 0.00065613 
0.0876 0.0111432 2.0288e+06 0 0 1.53132e+06 1.00639 -657.282 0 1.00193 1.0101 497480 0.980837 657.282 0.000811817 
0.09125 0.0111283 2.02875e+06 0 0 1.53364e+06 1.00794 -813.618 0 0.999049 1.00915 495112 0.976192 813.618 0.00100301 
0.0949 0.0111099 2.0287e+06 0 0 1.5365e+06 1.00984 -1004.96 0 0.9955 1.00796 492198 0.970469 1004.96 0.00123743 
0.09855 0.0110874 2.02865e+06 0 0 1.54003e+06 1.01219 -1238.37 0 0.991136 1.00648 488616 0.963431 1238.37 0.00152433 
0.1022 0.0110598 2.0286e+06 0 0 1.54438e+06 1.01507 -1521.96 0 0.985774 1.00465 484223 0.954792 1521.96 0.00187468 
0.10585 0.0110261 2.02855e+06 0 0 1.5497e+06 1.01859 -1864.74 0 0.979197 1.00237 478847 0.944216 1864.74 0.0023014 
0.1095 0.0109853 2.0285e+06 0 0 1.55621e+06 1.0229 -2276.43 0 0.971141 0.99953 472288 0.931305 2276.43 0.0028195 
0.11315 0.0109361 2.02845e+06 0 0 1.56414e+06 1.02813 -2766.94 0 0.961294 0.995994 464313 0.915602 2766.94 0.00344613 
0.1168 0.0108771 2.0284e+06 0 0 1.57374e+06 1.03447 -3345.44 0 0.949286 0.991583 454662 0.896592 3345.44 0.0042005 
0.12045 0.010807 2.02835e+06 0 0 1.5853e+06 1.0421 -4018.99 0 0.934683 0.986075 443045 0.873705 4018.99 0.00510341 
0.1241 0.0107244 2.0283e+06 0 0 1.59914e+06 1.05122 -4790.5 0 0.916986 0.979187 429159 0.846341 4790.5 0.00617637 
0.12775 0.0106282 2.02825e+06 0 0 1.61555e+06 1.06203 -5655.99 0 0.895628 0.97056 412699 0.813901 5655.99 0.00743994 
0.1314 0.0105177 2.0282e+06 0 0 1.63481e+06 1.07472 -6601.19 0 0.869982 0.959738 393389 0.775839 6601.19 0.00891096 
0.13505 0.0103927 2.02815e+06 0 0 1.65713e+06 1.08942 -7597.81 0 0.839379 0.946144 371019 0.731739 7597.81 0.0105982 
0.1387 0.010254 2.0281e+06 0 0 1.68261e+06 1.1062 -8600.23 0 0.803144 0.929046 345492 0.68141 8600.23 0.012496 
0.14235 0.0101032 2.02805e+06 0 0 1.71116e+06 1.125 -9543.65 0 0.760651 0.907526 316885 0.625005 9543.65 0.0145749 
0.146 0.0099432 2.028e+06 0 0 1.74249e+06 1.14562 -10345.5 0 0.711418 0.880457 285507 0.56313 10345.5 0.0167702 
0.14965 0.009778 2.02795e+06 0 0 1.776e+06 1.16768 -10911.6 0 0.655239 0.846492 251946 0.496947 10911.6 0.0189682 
0.1533 0.00961252 2.0279e+06 0 0 1.81081e+06 1.1906 -11148.9 0 0.592354 0.80412 217090 0.428206 11148.9 0.0209946 
0.15695 0.00945226 2.02785e+06 0 0 1.84576e+06 1.21361 -10984.3 0 0.523651 0.75184 182093 0.359185 10984.3 0.0226118 
0.1606 0.00930267 2.0278e+06 0 0 1.87952e+06 1.23583 -10386.7 0 0.450841 0.688524 148283 0.2925 10386.7 0.0235386 
0.16425 0.00916854 2.02775e+06 0 0 1.91076e+06 1.25641 -9386.17 0 0.376522 0.61404 116993 0.230784 9386.17 0.0235052 
0.1679 0.00905333 2.0277e+06 0 0 1.93834e+06 1.27457 -8080.38 0 0.304009 0.530012 89359.3 0.176277 8080.38 0.0223471 
0.17155 0.00895867 2.02765e+06 0 0 1.96153e+06 1.28985 -6619.14 0 0.236843 0.440357 66122.5 0.130442 6619.14 0.020105 
0.1752 0.00888428 2.0276e+06 0 0 1.98008e+06 1.30209 -5167.51 0 0.178058 0.350962 47516.8 0.0937401 5167.51 0.0170653 
0.17885 0.00882823 2.02755e+06 0 0 1.99426e+06 1.31144 -3861.94 0 0.129493 0.268254 33290.2 0.0656757 3861.94 0.0136836 
0.1825 0.00878754 2.0275e+06 0 0 2.00466e+06 1.31831 -2781.33 0 0.0914971 0.197261 22844.6 0.0450694 2781.33 0.0104216 
0.18615 0.00875892 2.02745e+06 0 0 2.01202e+06 1.32319 -1944.95 0 0.063153 0.14035 15427.7 0.0304376 1944.95 0.00760217 
0.1898 0.00873927 2.0274e+06 0 0 2.0171e+06 1.32656 -1330.22 0 0.0428129 0.0972763 10296.7 0.0203152 1330.22 0.00536088 
0.19345 0.00872606 2.02735e+06 0 0 2.02053e+06 1.32885 -895.315 0 0.0286444 0.0661084 6814.93 0.013446 895.315 0.00368636 
0.1971 0.0087173 2.0273e+06 0 0 2.02282e+06 1.33038 -595.889 0 0.0189874 0.044296 4484.42 0.00884806 595.889 0.00248971 
0.20075 0.00871158 2.02725e+06 0 0 2.02431e+06 1.3314 -393.577 0 0.0125056 0.0293895 2939.27 0.00579953 393.577 0.00166066 
0.2044 0.00870789 2.0272e+06 0 0 2.02528e+06 1.33207 -258.618 0 0.0082008 0.0193686 1921.43 0.00379131 258.618 0.00109832 
0.20805 0.00870554 2.02715e+06 0 0 2.0259e+06 1.33251 -169.354 0 0.00536216 0.012707 1253.84 0.0024741 169.354 0.000722286 
0.2117 0.00870408 2.0271e+06 0 0 2.02628e+06 1.3328 -110.649 0 0.00349926 0.00831144 817.239 0.00161263 110.649 0.000473203 
0.21535 0.0087032 2.02705e+06 0 0 2.02652e+06 1.33298 -72.1847 0 0.00228058 0.00542548 532.245 0.00105028 72.1847 0.000309243 
0.219 0.0087027 2.027e+06 0 0 2.02665e+06 1.33311 -47.0449 0 0.00148502 0.00353689 346.45 0.000683671 47.0449 0.000201758 
0.22265 0.00870245 2.02695e+06 0 0 2.02672e+06 1.33319 -30.6402 0 0.000966401 0.00230365 225.429 0.000444864 30.6402 0.000131488 
0.2263 0.00870236 2.0269e+06 0 0 2.02675e+06 1.33324 -19.947 0 0.000628639 0.00149951 146.644 0.000289396 19.947 8.56296e-05 
0.22995 0.00870238 2.02685e+06 0 0 2.02675e+06 1.33327 -12.9818 0 0.000408803 0.000975666 95.3754 0.000188224 12.9818 5.57371e-05 
0.2336 0.00870247 2.0268e+06 0 0 2.02674e+06 1.33329 -8.4469 0 0.000265784 0.000634636 62.0215 0.000122403 8.4469 3.62674e-05 
0.23725 0.0087026 2.02675e+06 0 0 2.02671e+06 1.33331 -5.49533 0 0.000172769 0.000412719 40.327 7.95894e-05 5.49533 2.3593e-05 
0.2409 0.00870276 2.0267e+06 0 0 2.02667e+06 1.33332 -3.5747 0 0.000112289 0.000268356 26.2182 5.17456e-05 3.5747 1.53451e-05 
0.24455 0.00870294 2.02665e+06 0 0 2.02663e+06 1.33332 -2.32512 0 7.29712e-05 0.000174465 17.0438 3.36394e-05 2.32512 9.97925e-06 
0.2482 0.00870313 2.0266e+06 0 0 2.02659e+06 1.33333 -1.51222 0 4.74146e-05 0.000113411 11.0788 2.18667e-05 1.51222 6.48896e-06 
0.25185 0.00870333 2.02655e+06 0 0 2.02654e+06 1.33333 -0.983457 0 3.0805e-05 7.37145e-05 7.20074 1.42128e-05 0.983457 4.21899e-06 
0.2555 0.00870354 2.0265e+06 0 0 2.02649e+06 1.33333 -0.639537 0 2.00115e-05 4.79079e-05 4.67975 9.2371e-06 0.639537 2.74285e-06 
0.25915 0.00870375 2.02645e+06 0 0 2.02645e+06 1.33333 -0.41586 0 1.29983e-05 3.11328e-05 3.04107 6.00276e-06 0.41586 1.78302e-06 
0.2628 0.00870396 2.0264e+06 0 0 2.0264e+06 1.33333 -0.270395 0 8.44192e-06 2.02294e-05 1.97601 3.90054e-06 0.270395 1.15897e-06 
0.26645 0.00870417 2.02635e+06 0 0 2.02635e+06 1.33333 -0.175801 0 5.48201e-06 1.31433e-05 1.28383 2.53428e-06 0.175801 7.53272e-07 
0.2701 0.00870438 2.0263e+06 0 0 2.0263e+06 1.33333 -0.114292 0 3.55943e-06 8.53845e-06 0.834028 1.64641e-06 0.114292 4.89543e-07 
0.27375 0.0087046 2.02625e+06 0 0 2.02625e+06 1.33333 -0.0742975 0 2.31078e-06 5.54631e-06 0.541757 1.06948e-06 0.0742975 3.1812e-07 
0.2774 0.00870481 2.0262e+06 0 0 2.0262e+06 1.33333 -0.0482949 0 1.49992e-06 3.60227e-06 0.351866 6.94632e-07 0.0482949 2.06704e-07 
0.28105 0.00870502 2.02615e+06 0 0 2.02615e+06 1.33333 -0.0313902 0 9.73429e-07 2.33934e-06 0.228503 4.51109e-07 0.0313902 1.34296e-07 
0.2847 0.00870524 2.0261e+06 0 0 2.0261e+06 1.33333 -0.0204009 0 6.31618e-07 1.51897e-06 0.14837 2.92918e-07 0.0204009 8.72433e-08 
0.28835 0.00870545 2.02605e+06 0 0 2.02605e+06 1.33333 -0.0132577 0 4.09736e-07 9.86129e-07 0.0963236 1.9017e-07 0.0132577 5.66703e-08 
0.292 0.00870567 2.026e+06 0 0 2.026e+06 1.33333 -0.00861482 0 2.65723e-07 6.40089e-07 0.0625229 1.23441e-07 0.00861482 3.68069e-08 
0.29565 0.00870588 2.02595e+06 0 0 2.02595e+06 1.33333 -0.00559736 0 1.72265e-07 4.15386e-07 0.0405743 8.01091e-08 0.00559737 2.39031e-08 
0.2993 0.0087061 2.0259e+06 0 0 2.0259e+06 1.33333 -0.00363645 0 1.11623e-07 2.69492e-07 0.0263236 5.19741e-08 0.00363645 1.55212e-08 
0.30295 0.00870631 2.02585e+06 0 0 2.02585e+06 1.33333 -0.00236225 0 7.22797e-08 1.74779e-07 0.0170721 3.37085e-08 0.00236225 1.00773e-08 
0.3066 0.00870653 2.0258e+06 0 0 2.0258e+06 1.33333 -0.00153436 0 4.67581e-08 1.13299e-07 0.0110669 2.18518e-08 0.00153437 6.54201e-09 
0.31025 0.00870674 2.02575e+06 0 0 2.02575e+06 1.33333 -0.000996488 0 3.02068e-08 7.33972e-08 0.00716932 1.41564e-08 0.000996492 4.24627e-09 
0.3139 0.00870696 2.0257e+06 0 0 2.0257e+06 1.33333 -0.000647118 0 1.94702e-08 4.75029e-08 0.00464001 9.16228e-09 0.000647123 2.75602e-09 
0.31755 0.00870717 2.02565e+06 0 0 2.02565e+06 1.33333 -0.000420047 0 1.2509e-08 3.07015e-08 0.00299887 5.9218e-09 0.000420049 1.78858e-09 
0.3212 0.00870739 2.0256e+06 0 0 2.0256e+06 1.33333 -0.000272777 0 7.9973e-09 1.98024e-08 0.00193427 3.81965e-09 0.000272777 1.1606e-09 
0.32485 0.0087076 2.02555e+06 0 0 2.02555e+06 1.33333 -0.000176787 0 5.06926e-09 1.27343e-08 0.00124387 2.45635e-09 0.000176789 7.53597e-10 
0.3285 0.00870782 2.0255e+06 0 0 2.0255e+06 1.33333 -0.000115265 0 3.16562e-09 8.15705e-09 0.000796768 1.57347e-09 0.000115267 4.90701e-10 
0.33215 0.00870803 2.02545e+06 0 0 2.02545e+06 1.33333 -6.5354e-05 0 1.92126e-09 5.20322e-09 0.000508243 1.00371e-09 6.5358e-05 3.23194e-10 
0.3358 0.00870825 2.0254e+06 0 0 2.0254e+06 1.33333 -9.43363e-05 0 1.09173e-09 3.3577e-09 0.000327975 6.47724e-10 9.43391e-05 2.21103e-10 
0.33945 0.00870846 2.02535e+06 0 0 2.02535e+06 1.33333 0.0001844 0 4.73793e-10 2.2345e-09 0.000218263 4.31062e-10 -0.000184397 1.82333e-10 
0.3431 0.00870868 2.0253e+06 0 0 2.0253e+06 1.33333 -0.000678667 0 1.15646e-10 0 0.000199629 3.9427e-10 0.000678668 -1.13298e-11 
0.34675 0.00870889 2.02525e+06 0 0 2.02525e+06 1.33333 0.000239685 0 0 0 0.000186605 3.68556e-10 -0.000239683 0 
0.3504 0.00870911 2.0252e+06 0 0 2.0252e+06 1.33333 -6.95631e-05 0 0 0 0.000192578 3.80363e-10 6.95659e-05 0 
0.35405 0.00870932 2.02515e+06 0 0 2.02515e+06 1.33333 1.49845e-05 0 0 0 0.000190342 3.75956e-10 -1.49823e-05 0 
0.3577 0.00870954 2.0251e+06 0 0 2.0251e+06 1.33333 -3.09577e-06 0 0 0 0.00019072 3.76713e-10 3.09787e-06 0 
0.36135 0.00870975 2.02505e+06 0 0 2.02505e+06 1.33333 -1.35851e-06 0 0 0 0.000190348 3.75988e-10 1.35908e-06 0 
0.365 0.00870997 2.025e+06 0 0 2.025e+06 1.33333 -1.14023e-06 0 0 0 0.000190252 3.75806e-10 1.14322e-06 0 


0 0.0112 2.03e+06 0 0 1.5225e+06 1 0 0 1.01407 1.01407 507500 1 0 2.59708e-07 
0.00365 0.0112002 2.02995e+06 0 0 1.52247e+06 1 -0.333907 0 1.01406 1.01407 507483 0.999991 0.333907 7.89454e-07 
0.0073 0.0112005 2.0299e+06 0 0 1.52244e+06 1.00001 -0.807685 0 1.01405 1.01406 507464 0.999978 0.807685 1.50652e-06 
0.01095 0.0112007 2.02985e+06 0 0 1.52241e+06 1.00001 -1.46095 0 1.01403 1.01405 507442 0.99996 1.46095 2.46109e-06 
0.0146 0.0112009 2.0298e+06 0 0 1.52238e+06 1.00002 -2.34308 0 1.01401 1.01404 507418 0.999936 2.34308 3.71537e-06 
0.01825 0.011201 2.02975e+06 0 0 1.52236e+06 1.00003 -3.51545 0 1.01398 1.01403 507389 0.999904 3.51545 5.34646e-06 
0.0219 0.0112012 2.0297e+06 0 0 1.52235e+06 1.00005 -5.05424 0 1.01394 1.01402 507355 0.999861 5.05424 7.44926e-06 
0.02555 0.0112013 2.02965e+06 0 0 1.52234e+06 1.00006 -7.05376 0 1.0139 1.014 507314 0.999805 7.05376 1.01402e-05 
0.0292 0.0112013 2.0296e+06 0 0 1.52234e+06 1.00009 -9.6307 0 1.01385 1.01398 507265 0.999733 9.6307 1.35622e-05 
0.03285 0.0112012 2.02955e+06 0 0 1.52235e+06 1.00012 -12.9293 0 1.01378 1.01396 507205 0.99964 12.9293 1.78911e-05 
0.0365 0.0112011 2.0295e+06 0 0 1.52237e+06 1.00016 -17.1278 0 1.0137 1.01393 507132 0.999521 17.1278 2.33436e-05 
0.04015 0.0112009 2.02945e+06 0 0 1.52241e+06 1.00021 -22.4464 0 1.01359 1.0139 507043 0.999371 22.4464 3.01872e-05 
0.0438 0.0112005 2.0294e+06 0 0 1.52247e+06 1.00027 -29.1567 0 1.01346 1.01385 506934 0.99918 29.1567 3.87518e-05 
0.04745 0.0112 2.02935e+06 0 0 1.52255e+06 1.00035 -37.5942 0 1.0133 1.0138 506799 0.998939 37.5942 4.94441e-05 
0.0511 0.0111992 2.0293e+06 0 0 1.52267e+06 1.00045 -48.1728 0 1.0131 1.01374 506633 0.998636 48.1728 6.27657e-05 
0.05475 0.0111982 2.02925e+06 0 0 1.52282e+06 1.00058 -61.4024 0 1.01286 1.01366 506428 0.998256 61.4024 7.93343e-05 
0.0584 0.0111969 2.0292e+06 0 0 1.52303e+06 1.00074 -77.912 0 1.01255 1.01356 506174 0.997781 77.912 9.9911e-05 
0.06205 0.0111952 2.02915e+06 0 0 1.52329e+06 1.00094 -98.4756 0 1.01217 1.01343 505861 0.997187 98.4756 0.000125432 
0.0657 0.0111931 2.0291e+06 0 0 1.52363e+06 1.00118 -124.046 0 1.0117 1.01328 505473 0.996448 124.046 0.00015705 
0.06935 0.0111903 2.02905e+06 0 0 1.52406e+06 1.00149 -155.794 0 1.01112 1.01309 504994 0.995527 155.794 0.000196182 
0.073 0.0111868 2.029e+06 0 0 1.5246e+06 1.00187 -195.158 0 1.0104 1.01286 504401 0.994384 195.158 0.000244565 
0.07665 0.0111823 2.02895e+06 0 0 1.52528e+06 1.00235 -243.898 0 1.00951 1.01257 503668 0.992964 243.898 0.000304333 
0.0803 0.0111768 2.0289e+06 0 0 1.52614e+06 1.00293 -304.166 0 1.00841 1.01221 502763 0.991203 304.166 0.000378098 
0.08395 0.0111699 2.02885e+06 0 0 1.5272e+06 1.00366 -378.587 0 1.00705 1.01177 501645 0.989023 378.587 0.000469052 
0.0876 0.0111613 2.0288e+06 0 0 1.52854e+06 1.00456 -470.347 0 1.00537 1.01122 500265 0.986326 470.347 0.000581089 
0.09125 0.0111506 2.02875e+06 0 0 1.53019e+06 1.00567 -583.293 0 1.0033 1.01054 498562 0.982993 583.293 0.000718946 
0.0949 0.0111374 2.0287e+06 0 0 1.53224e+06 1.00704 -722.044 0 1.00075 1.00969 496463 0.97888 722.044 0.000888361 
0.09855 0.0111211 2.02865e+06 0 0 1.53477e+06 1.00873 -892.094 0 0.997609 1.00865 493879 0.973809 892.094 0.00109627 
0.1022 0.0111011 2.0286e+06 0 0 1.5379e+06 1.01081 -1099.91 0 0.993743 1.00734 490702 0.967568 1099.91 0.00135098 
0.10585 0.0110766 2.02855e+06 0 0 1.54175e+06 1.01337 -1352.97 0 0.988991 1.00573 486802 0.959901 1352.97 0.00166244 
0.1095 0.0110466 2.0285e+06 0 0 1.54648e+06 1.0165 -1659.76 0 0.983157 1.00372 482023 0.950502 1659.76 0.00204238 
0.11315 0.0110102 2.02845e+06 0 0 1.55227e+06 1.02033 -2029.64 0 0.976005 1.00122 476183 0.939009 2029.64 0.00250457 
0.1168 0.0109661 2.0284e+06 0 0 1.55933e+06 1.025 -2472.47 0 0.967254 0.998114 469069 0.925002 2472.47 0.00306489 
0.12045 0.010913 2.02835e+06 0 0 1.56791e+06 1.03067 -2997.96 0 0.956566 0.994239 460435 0.907999 2997.96 0.00374137 
0.1241 0.0108496 2.0283e+06 0 0 1.57829e+06 1.03751 -3614.61 0 0.943547 0.989404 450009 0.887461 3614.61 0.00455393 
0.12775 0.0107745 2.02825e+06 0 0 1.59075e+06 1.04573 -4328.04 0 0.927736 0.983363 437495 0.862803 4328.04 0.0055238 
0.1314 0.0106864 2.0282e+06 0 0 1.60561e+06 1.05553 -5138.69 0 0.908606 0.975804 422586 0.83342 5138.69 0.00667236 
0.13505 0.0105844 2.02815e+06 0 0 1.62316e+06 1.06709 -6038.77 0 0.885564 0.966332 404985 0.798729 6038.77 0.00801903 
0.1387 0.010468 2.0281e+06 0 0 1.64366e+06 1.08059 -7008.69 0 0.857964 0.954443 384439 0.758226 7008.69 0.00957797 
0.14235 0.0103372 2.02805e+06 0 0 1.66727e+06 1.09614 -8013.38 0 0.825127 0.939501 360778 0.711576 8013.38 0.0113529 
0.146 0.0101933 2.028e+06 0 0 1.69403e+06 1.11376 -8999.44 0 0.78639 0.920701 333969 0.658715 8999.44 0.0133296 
0.14965 0.0100383 2.02795e+06 0 0 1.72377e+06 1.13334 -9894.37 0 0.741175 0.897042 304177 0.599969 9894.37 0.0154658 
0.1533 0.00987571 2.0279e+06 0 0 1.75608e+06 1.15461 -10609.8 0 0.689093 0.867305 271822 0.536165 10609.8 0.0176781 
0.15695 0.00970981 2.02785e+06 0 0 1.79023e+06 1.1771 -11050.3 0 0.6301 0.830063 237616 0.468706 11050.3 0.0198292 
0.1606 0.00954586 2.0278e+06 0 0 1.82524e+06 1.20014 -11128.4 0 0.564678 0.783782 202562 0.399571 11128.4 0.0217181 
0.16425 0.0093894 2.02775e+06 0 0 1.85985e+06 1.22293 -10785.8 0 0.494036 0.727056 167902 0.331208 10785.8 0.0230852 
0.1679 0.0092457 2.0277e+06 0 0 1.89271e+06 1.24457 -10014.8 0 0.420253 0.65908 134987 0.266286 10014.8 0.0236453 
0.17155 0.00911908 2.02765e+06 0 0 1.92255e+06 1.26423 -8873.52 0 0.346259 0.580356 105095 0.207324 8873.52 0.023159 
0.1752 0.00901227 2.0276e+06 0 0 1.94838e+06 1.28124 -7484.35 0 0.275539 0.49342 79218.9 0.156281 7484.35 0.0215361 
0.17885 0.00892612 2.02755e+06 0 0 1.96965e+06 1.29526 -6008.57 0 0.211518 0.403105 57897.5 0.114222 6008.57 0.0189196 
0.1825 0.0088596 2.0275e+06 0 0 1.98635e+06 1.30627 -4604.25 0 0.156805 0.315743 41154.1 0.0811918 4604.25 0.0156811 
0.18615 0.00881027 2.02745e+06 0 0 1.99888e+06 1.31454 -3386.06 0 0.112632 0.237404 28572.8 0.0563718 3386.06 0.0123 
0.1898 0.00877495 2.0274e+06 0 0 2.00793e+06 1.32053 -2407.11 0 0.0787737 0.172097 19469.4 0.0384125 2407.11 0.00919335 
0.19345 0.00875037 2.02735e+06 0 0 2.01427e+06 1.32473 -1666.65 0 0.0539417 0.121042 13079.7 0.0258064 1666.65 0.00660643 
0.1971 0.00873365 2.0273e+06 0 0 2.0186e+06 1.32761 -1131.69 0 0.0363557 0.0831623 8697.2 0.0171602 1131.69 0.00460652 
0.20075 0.00872247 2.02725e+06 0 0 2.02151e+06 1.32956 -757.851 0 0.0242243 0.0561603 5741.56 0.0113288 757.851 0.00314208 
0.2044 0.00871511 2.0272e+06 0 0 2.02343e+06 1.33085 -502.659 0 0.0160125 0.0374649 3771.66 0.00744211 502.659 0.0021102 
0.20805 0.00871032 2.02715e+06 0 0 2.02468e+06 1.33171 -331.235 0 0.0105267 0.0247832 2469.36 0.00487257 331.235 0.00140217 
0.2117 0.00870724 2.0271e+06 0 0 2.02549e+06 1.33227 -217.324 0 0.00689484 0.0163009 1613.11 0.0031831 217.324 0.000925025 
0.21535 0.00870531 2.02705e+06 0 0 2.026e+06 1.33264 -142.174 0 0.00450491 0.0106808 1052.2 0.00207632 142.174 0.000607321 
0.219 0.00870412 2.027e+06 0 0 2.02631e+06 1.33288 -92.8332 0 0.00293855 0.00698057 685.65 0.00135303 92.8332 0.000397465 
0.22265 0.00870341 2.02695e+06 0 0 2.0265e+06 1.33304 -60.5393 0 0.00191472 0.00455455 446.495 0.000881118 60.5393 0.000259577 
0.2263 0.00870303 2.0269e+06 0 0 2.02661e+06 1.33314 -39.4466 0 0.00124668 0.00296834 290.627 0.00057354 39.4466 0.000169289 
0.22995 0.00870286 2.02685e+06 0 0 2.02666e+06 1.33321 -25.6886 0 0.000811305 0.0019331 189.113 0.000373215 25.6886 0.000110304 
0.2336 0.00870282 2.0268e+06 0 0 2.02668e+06 1.33325 -16.7228 0 0.00052779 0.00125828 123.029 0.000242805 16.7228 7.18263e-05 
0.23725 0.00870287 2.02675e+06 0 0 2.02667e+06 1.33328 -10.8835 0 0.000343264 0.000818739 80.0252 0.000157938 10.8835 4.67516e-05 
0.2409 0.00870297 2.0267e+06 0 0 2.02665e+06 1.3333 -7.0819 0 0.000223209 0.000532607 52.0463 0.000102721 7.0819 3.04218e-05 
0.24455 0.00870312 2.02665e+06 0 0 2.02662e+06 1.33331 -4.60761 0 0.00014512 0.000346409 33.846 6.68019e-05 4.60761 1.97917e-05 
0.2482 0.00870329 2.0266e+06 0 0 2.02658e+06 1.33332 -2.9975 0 9.43389e-05 0.000225273 22.0083 4.34388e-05 2.9975 1.28741e-05 
0.25185 0.00870347 2.02655e+06 0 0 2.02654e+06 1.33332 -1.94988 0 6.13203e-05 0.000146481 14.3097 2.82444e-05 1.94988 8.37333e-06 
0.2555 0.00870367 2.0265e+06 0 0 2.02649e+06 1.33333 -1.26831 0 3.98539e-05 9.52371e-05 9.30331 1.83633e-05 1.26831 5.4455e-06 
0.25915 0.00870387 2.02645e+06 0 0 2.02644e+06 1.33333 -0.824936 0 2.58997e-05 6.19145e-05 6.04801 1.19381e-05 0.824936 3.54111e-06 
0.2628 0.00870408 2.0264e+06 0 0 2.0264e+06 1.33333 -0.536524 0 1.68296e-05 4.02476e-05 3.93145 7.76047e-06 0.536524 2.30254e-06 
0.26645 0.00870429 2.02635e+06 0 0 2.02635e+06 1.33333 -0.348926 0 1.09347e-05 2.61608e-05 2.5554 5.04433e-06 0.348926 1.49707e-06 
0.2701 0.0087045 2.0263e+06 0 0 2.0263e+06 1.33333 -0.226909 0 7.10386e-06 1.70029e-05 1.66084 3.27856e-06 0.226909 9.73299e-07 
0.27375 0.00870471 2.02625e+06 0 0 2.02625e+06 1.33333 -0.147552 0 4.61458e-06 1.10498e-05 1.07934 2.13071e-06 0.147552 6.32728e-07 
0.2774 0.00870492 2.0262e+06 0 0 2.0262e+06 1.33333 -0.0959431 0 2.99722e-06 7.18036e-06 0.701371 1.3846e-06 0.0959432 4.11295e-07 
0.28105 0.00870514 2.02615e+06 0 0 2.02615e+06 1.33333 -0.0623813 0 1.94648e-06 4.66546e-06 0.455716 8.9967e-07 0.0623813 2.67335e-07 
0.2847 0.00870535 2.0261e+06 0 0 2.0261e+06 1.33333 -0.0405571 0 1.26391e-06 3.03107e-06 0.296071 5.84513e-07 0.0405571 1.73749e-07 
0.28835 0.00870557 2.02605e+06 0 0 2.02605e+06 1.33333 -0.0263663 0 8.20566e-07 1.969e-06 0.192329 3.79712e-07 0.0263663 1.12915e-07 
0.292 0.00870578 2.026e+06 0 0 2.026e+06 1.33333 -0.0171396 0 5.32633e-07 1.27891e-06 0.124922 2.46637e-07 0.0171396 7.33739e-08 
0.29565 0.008706 2.02595e+06 0 0 2.02595e+06 1.33333 -0.0111409 0 3.45653e-07 8.30551e-07 0.081127 1.60176e-07 0.0111409 4.76751e-08 
0.2993 0.00870621 2.0259e+06 0 0 2.0259e+06 1.33333 -0.00724109 0 2.24247e-07 5.39282e-07 0.0526763 1.04006e-07 0.00724109 3.09742e-08 
0.30295 0.00870643 2.02585e+06 0 0 2.02585e+06 1.33333 -0.00470601 0 1.45426e-07 3.50083e-07 0.0341956 6.75185e-08 0.00470601 2.01217e-08 
0.3066 0.00870664 2.0258e+06 0 0 2.0258e+06 1.33333 -0.00305819 0 9.42597e-08 2.27198e-07 0.0221923 4.38194e-08 0.00305819 1.30703e-08 
0.31025 0.00870686 2.02575e+06 0 0 2.02575e+06 1.33333 -0.00198718 0 6.10503e-08 1.47392e-07 0.014397 2.8428e-08 0.00198718 8.48894e-09 
0.3139 0.00870707 2.0257e+06 0 0 2.0257e+06 1.33333 -0.00129115 0 3.94959e-08 9.5569e-08 0.00933503 1.84332e-08 0.00129115 5.51296e-09 
0.31755 0.00870729 2.02565e+06 0 0 2.02565e+06 1.33333 -0.000838763 0 2.55095e-08 6.19211e-08 0.00604836 1.19435e-08 0.000838765 3.57988e-09 
0.3212 0.0087075 2.0256e+06 0 0 2.0256e+06 1.33333 -0.000545068 0 1.64359e-08 4.0077e-08 0.00391466 7.73036e-09 0.00054507 2.32429e-09 
0.32485 0.00870772 2.02555e+06 0 0 2.02555e+06 1.33333 -0.0003534 0 1.05479e-08 2.58974e-08 0.00252962 4.99542e-09 0.000353404 1.50912e-09 
0.3285 0.00870793 2.0255e+06 0 0 2.0255e+06 1.33333 -0.000231699 0 6.72632e-09 1.66963e-08 0.00163086 3.22067e-09 0.000231703 9.80127e-10 
0.33215 0.00870815 2.02545e+06 0 0 2.02545e+06 1.33333 -0.000143642 0 4.24527e-09 1.07287e-08 0.00104796 2.06959e-09 0.000143646 6.37663e-10 
0.3358 0.00870836 2.0254e+06 0 0 2.0254e+06 1.33333 -0.000118163 0 2.63326e-09 6.87907e-09 0.000671937 1.32702e-09 0.000118164 4.166e-10 
0.33945 0.00870858 2.02535e+06 0 0 2.02535e+06 1.33333 9.50659e-06 0 1.56765e-09 4.39674e-09 0.000429467 8.48183e-10 -9.50626e-06 2.81401e-10 
0.3431 0.00870879 2.0253e+06 0 0 2.0253e+06 1.33333 -0.000299706 0 8.39041e-10 2.97754e-09 0.000290842 5.74418e-10 0.000299709 2.00502e-10 
0.34675 0.00870901 2.02525e+06 0 0 2.02525e+06 1.33333 0.0010167 0 2.88872e-10 0 0.000199969 3.94952e-10 -0.0010167 2.11693e-10 
0.3504 0.00870922 2.0252e+06 0 0 2.0252e+06 1.33333 -0.000910885 0 5.46438e-11 0 0.000198893 3.92837e-10 0.000910889 -5.25876e-12 
0.35405 0.00870944 2.02515e+06 0 0 2.02515e+06 1.33333 0.00032837 0 0 0 0.000181144 3.57789e-10 -0.000328369 0 
0.3577 0.00870965 2.0251e+06 0 0 2.0251e+06 1.33333 -9.34064e-05 0 0 0 0.000190101 3.75489e-10 9.34104e-05 0 
0.36135 0.00870987 2.02505e+06 0 0 2.02505e+06 1.33333 2.3614e-05 0 0 0 0.000187573 3.70506e-10 -2.36124e-05 0 
0.365 0.00871008 2.025e+06 0 0 2.025e+06 1.33333 -3.62303e-06 0 0 0 0.000188441 3.7223e-10 3.6245e-06 0 


0 0.0112 2.03e+06 0 0 1.5225e+06 1 0 0 1.01407 1.01407 507500 1 0 1.5831e-07 
0.00365 0.0112003 2.02995e+06 0 0 1.52247e+06 1 -0.230858 0 1.01406 1.01407 507484 0.999994 0.230858 5.23101e-07 
0.0073 0.0112005 2.0299e+06 0 0 1.52243e+06 1.00001 -0.559734 0 1.01405 1.01406 507467 0.999985 0.559734 1.01975e-06 
0.01095 0.0112007 2.02985e+06 0 0 1.5224e+06 1.00001 -1.01471 0 1.01404 1.01405 507449 0.999972 1.01471 1.68387e-06 
0.0146 0.0112009 2.0298e+06 0 0 1.52237e+06 1.00001 -1.63082 0 1.01402 1.01405 507427 0.999956 1.63082 2.55968e-06 
0.01825 0.0112011 2.02975e+06 0 0 1.52235e+06 1.00002 -2.45167 0 1.014 1.01404 507403 0.999933 2.45167 3.70199e-06 
0.0219 0.0112013 2.0297e+06 0 0 1.52232e+06 1.00003 -3.53142 0 1.01397 1.01403 507376 0.999903 3.53142 5.17836e-06 
0.02555 0.0112015 2.02965e+06 0 0 1.52231e+06 1.00005 -4.9372 0 1.01394 1.01401 507343 0.999864 4.9372 7.0718e-06 
0.0292 0.0112016 2.0296e+06 0 0 1.5223e+06 1.00006 -6.75213 0 1.0139 1.014 507305 0.999813 6.75213 9.48434e-06 
0.03285 0.0112016 2.02955e+06 0 0 1.52229e+06 1.00008 -9.07906 0 1.01385 1.01398 507259 0.999747 9.07906 1.25416e-05 
0.0365 0.0112016 2.0295e+06 0 0 1.5223e+06 1.00011 -12.0451 0 1.01379 1.01396 507204 0.999663 12.0451 1.63986e-05 
0.04015 0.0112015 2.02945e+06 0 0 1.52231e+06 1.00015 -15.8075 0 1.01372 1.01393 507137 0.999557 15.8075 2.12465e-05 
0.0438 0.0112013 2.0294e+06 0 0 1.52234e+06 1.00019 -20.5604 0 1.01363 1.0139 507056 0.999421 20.5604 2.73214e-05 
0.04745 0.011201 2.02935e+06 0 0 1.52239e+06 1.00025 -26.5434 0 1.01351 1.01386 506957 0.999251 26.5434 3.49146e-05 
0.0511 0.0112006 2.0293e+06 0 0 1.52246e+06 1.00032 -34.0526 0 1.01337 1.01382 506836 0.999036 34.0526 4.43851e-05 
0.05475 0.0112 2.02925e+06 0 0 1.52256e+06 1.00041 -43.4533 0 1.01319 1.01376 506686 0.998766 43.4533 5.61759e-05 
0.0584 0.0111991 2.0292e+06 0 0 1.5227e+06 1.00052 -55.1959 0 1.01297 1.01369 506503 0.998428 55.1959 7.08327e-05 
0.06205 0.011198 2.02915e+06 0 0 1.52287e+06 1.00066 -69.8359 0 1.0127 1.0136 506276 0.998006 69.8359 8.90279e-05 
0.0657 0.0111965 2.0291e+06 0 0 1.5231e+06 1.00084 -88.0576 0 1.01236 1.01349 505996 0.997479 88.0576 0.00011159 
0.06935 0.0111946 2.02905e+06 0 0 1.5234e+06 1.00106 -110.703 0 1.01195 1.01335 505651 0.996824 110.703 0.000139537 
0.073 0.0111922 2.029e+06 0 0 1.52377e+06 1.00133 -138.81 0 1.01143 1.01318 505225 0.996008 138.81 0.000174124 
0.07665 0.0111891 2.02895e+06 0 0 1.52425e+06 1.00167 -173.65 0 1.01079 1.01298 504699 0.994995 173.65 0.00021689 
0.0803 0.0111852 2.0289e+06 0 0 1.52485e+06 1.00209 -216.786 0 1.01001 1.01272 504049 0.993738 216.786 0.000269727 
0.08395 0.0111803 2.02885e+06 0 0 1.5256e+06 1.00261 -270.129 0 1.00903 1.0124 503246 0.99218 270.129 0.000334951 
0.0876 0.0111742 2.0288e+06 0 0 1.52654e+06 1.00325 -336.014 0 1.00783 1.01201 502255 0.990251 336.014 0.000415398 
0.09125 0.0111667 2.02875e+06 0 0 1.52772e+06 1.00405 -417.283 0 1.00635 1.01153 501032 0.987864 417.283 0.000514533 
0.0949 0.0111572 2.0287e+06 0 0 1.52918e+06 1.00503 -517.38 0 1.00452 1.01092 499524 0.984914 517.38 0.000636577 
0.09855 0.0111456 2.02865e+06 0 0 1.53099e+06 1.00624 -640.452 0 1.00226 1.01018 497664 0.981272 640.452 0.000786656 
0.1022 0.0111312 2.0286e+06 0 0 1.53323e+06 1.00774 -791.465 0 0.999478 1.00925 495374 0.976781 791.465 0.000970974 
0.10585 0.0111134 2.02855e+06 0 0 1.53599e+06 1.00958 -976.296 0 0.996054 1.00811 492557 0.97125 976.296 0.00119701 
0.1095 0.0110916 2.0285e+06 0 0 1.5394e+06 1.01185 -1201.82 0 0.991844 1.00668 489096 0.964449 1201.82 0.00147371 
0.11315 0.011065 2.02845e+06 0 0 1.5436e+06 1.01463 -1475.94 0 0.986672 1.00491 484851 0.956102 1475.94 0.00181173 
0.1168 0.0110325 2.0284e+06 0 0 1.54874e+06 1.01804 -1807.52 0 0.980326 1.00271 479657 0.945882 1807.52 0.00222362 
0.12045 0.010993 2.02835e+06 0 0 1.55503e+06 1.0222 -2206.17 0 0.972552 0.999979 473317 0.933403 2206.17 0.002724 
0.1241 0.0109454 2.0283e+06 0 0 1.56269e+06 1.02726 -2681.77 0 0.963047 0.996573 465606 0.91822 2681.77 0.00332965 
0.12775 0.0108882 2.02825e+06 0 0 1.57198e+06 1.03339 -3243.7 0 0.951451 0.992327 456267 0.899825 3243.7 0.00405941 
0.1314 0.0108201 2.0282e+06 0 0 1.58318e+06 1.04078 -3899.48 0 0.937342 0.987026 445017 0.87766 3899.48 0.00493384 
0.13505 0.0107398 2.02815e+06 0 0 1.5966e+06 1.04962 -4652.92 0 0.920233 0.9804 431554 0.851128 4652.92 0.00597441 
0.1387 0.0106461 2.0281e+06 0 0 1.61253e+06 1.06012 -5501.46 0 0.899569 0.972103 415571 0.819626 5501.46 0.00720199 
0.14235 0.0105382 2.02805e+06 0 0 1.63126e+06 1.07247 -6432.88 0 0.874732 0.961701 396786 0.782597 6432.88 0.00863433 
0.146 0.0104158 2.028e+06 0 0 1.65303e+06 1.0868 -7421.67 0 0.845059 0.948637 374975 0.739595 7421.67 0.010282 
0.14965 0.0102795 2.02795e+06 0 0 1.67793e+06 1.10321 -8425.46 0 0.809873 0.93221 350015 0.690382 8425.46 0.0121425 
0.1533 0.0101307 2.0279e+06 0 0 1.70595e+06 1.12165 -9382.92 0 0.768534 0.911538 321950 0.635042 9382.92 0.0141912 
0.15695 0.00997221 2.02785e+06 0 0 1.73681e+06 1.14197 -10214.4 0 0.720526 0.885532 291044 0.574094 10214.4 0.0163708 
0.1606 0.00980768 2.0278e+06 0 0 1.76997e+06 1.1638 -10827.3 0 0.665583 0.852882 257833 0.508596 10827.3 0.0185772 
0.16425 0.00964197 2.02775e+06 0 0 1.8046e+06 1.1866 -11127.2 0 0.603852 0.8121 223150 0.440193 11127.2 0.0206473 
0.1679 0.00948047 2.0277e+06 0 0 1.83959e+06 1.20964 -11036.3 0 0.536094 0.761664 188110 0.37108 11036.3 0.0223544 
0.17155 0.00932872 2.02765e+06 0 0 1.87363e+06 1.23206 -10514.3 0 0.463863 0.700347 154015 0.30383 10514.3 0.0234224 
0.1752 0.00919164 2.0276e+06 0 0 1.90539e+06 1.25297 -9579.89 0 0.389605 0.627786 122213 0.241098 9579.89 0.023574 
0.17885 0.00907298 2.02755e+06 0 0 1.93366e+06 1.27159 -8319.05 0 0.316533 0.545247 93887.2 0.185223 8319.05 0.0226186 
0.1825 0.00897471 2.0275e+06 0 0 1.95764e+06 1.28739 -6874.4 0 0.248195 0.456232 69859.2 0.137823 6874.4 0.0205552 
0.18615 0.00889688 2.02745e+06 0 0 1.977e+06 1.30015 -5411.33 0 0.187768 0.366352 50454.6 0.099543 5411.33 0.0176287 
0.1898 0.00883781 2.0274e+06 0 0 1.9919e+06 1.30999 -4073.85 0 0.137338 0.282073 35499.7 0.0700399 4073.85 0.0142747 
0.19345 0.00879466 2.02735e+06 0 0 2.0029e+06 1.31726 -2951.79 0 0.0975146 0.208788 24444.7 0.0482299 2951.79 0.010966 
0.1971 0.00876414 2.0273e+06 0 0 2.01075e+06 1.32245 -2073.94 0 0.0675702 0.149367 16552.1 0.0326583 2073.94 0.00805587 
0.20075 0.00874312 2.02725e+06 0 0 2.01618e+06 1.32605 -1423.46 0 0.0459451 0.103969 11068.9 0.0218403 1423.46 0.00571181 
0.2044 0.00872892 2.0272e+06 0 0 2.01986e+06 1.32851 -960.514 0 0.0308088 0.0708836 7336.53 0.0144762 960.514 0.00394348 
0.20805 0.0087195 2.02715e+06 0 0 2.02232e+06 1.33015 -640.433 0 0.0204556 0.0476064 4832.71 0.00953597 640.433 0.00267104 
0.2117 0.00871332 2.0271e+06 0 0 2.02393e+06 1.33125 -423.532 0 0.0134889 0.0316387 3170.02 0.00625529 423.532 0.00178523 
0.21535 0.00870932 2.02705e+06 0 0 2.02498e+06 1.33197 -278.548 0 0.00885372 0.0208762 2073.51 0.00409168 278.548 0.0011824 
0.219 0.00870677 2.027e+06 0 0 2.02565e+06 1.33244 -182.522 0 0.00579321 0.0137082 1353.72 0.00267139 182.522 0.00077837 
0.22265 0.00870518 2.02695e+06 0 0 2.02607e+06 1.33275 -119.309 0 0.00378278 0.00897238 882.694 0.00174192 119.309 0.000510325 
0.2263 0.00870421 2.0269e+06 0 0 2.02632e+06 1.33296 -77.8626 0 0.00246661 0.0058601 575.08 0.0011349 77.8626 0.00033369 
0.22995 0.00870366 2.02685e+06 0 0 2.02648e+06 1.33309 -50.7605 0 0.0016069 0.00382195 374.458 0.000738996 50.7605 0.000217806 
0.2336 0.00870337 2.0268e+06 0 0 2.02656e+06 1.33317 -33.0688 0 0.00104619 0.00249033 243.733 0.000481021 33.0688 0.000142 
0.23725 0.00870326 2.02675e+06 0 0 2.02659e+06 1.33323 -21.5332 0 0.000680838 0.00162164 158.603 0.00031302 21.5332 9.25067e-05 
0.2409 0.00870326 2.0267e+06 0 0 2.0266e+06 1.33327 -14.0173 0 0.000442945 0.00105552 103.188 0.000203658 14.0173 6.02327e-05 
0.24455 0.00870334 2.02665e+06 0 0 2.02658e+06 1.33329 -9.12277 0 0.000288113 0.000686835 67.1256 0.000132486 9.12277 3.92048e-05 
0.2482 0.00870346 2.0266e+06 0 0 2.02656e+06 1.3333 -5.93642 0 0.000187373 0.000446835 43.6616 8.6177e-05 5.93642 2.55118e-05 
0.25185 0.00870362 2.02655e+06 0 0 2.02652e+06 1.33331 -3.86256 0 0.000121841 0.000290653 28.397 5.605e-05 3.86256 1.65985e-05 
0.2555 0.0087038 2.0265e+06 0 0 2.02648e+06 1.33332 -2.51299 0 7.92196e-05 0.000189038 18.4677 3.64525e-05 2.51299 1.07979e-05 
0.25915 0.00870399 2.02645e+06 0 0 2.02644e+06 1.33333 -1.63484 0 5.15028e-05 0.000122937 12.0095 2.37054e-05 1.63484 7.02375e-06 
0.2628 0.00870418 2.0264e+06 0 0 2.02639e+06 1.33333 -1.0635 0 3.34803e-05 7.99425e-05 7.80916 1.54148e-05 1.0635 4.56838e-06 
0.26645 0.00870439 2.02635e+06 0 0 2.02634e+06 1.33333 -0.691795 0 2.17626e-05 5.19803e-05 5.07757 1.00231e-05 0.691795 2.97114e-06 
0.2701 0.0087046 2.0263e+06 0 0 2.0263e+06 1.33333 -0.449983 0 1.41446e-05 3.37962e-05 3.30124 6.51679e-06 0.449983 1.93222e-06 
0.27375 0.00870481 2.02625e+06 0 0 2.02625e+06 1.33333 -0.29268 0 9.19253e-06 2.19717e-05 2.1462 4.23679e-06 0.29268 1.25649e-06 
0.2774 0.00870502 2.0262e+06 0 0 2.0262e+06 1.33333 -0.190358 0 5.97361e-06 1.42832e-05 1.39518 2.75427e-06 0.190358 8.17029e-07 
0.28105 0.00870523 2.02615e+06 0 0 2.02615e+06 1.33333 -0.123801 0 3.88146e-06 9.28441e-06 0.906893 1.79038e-06 0.123801 5.31235e-07 
0.2847 0.00870545 2.0261e+06 0 0 2.0261e+06 1.33333 -0.0805116 0 2.52178e-06 6.03457e-06 0.58945 1.16371e-06 0.0805116 3.45388e-07 
0.28835 0.00870566 2.02605e+06 0 0 2.02605e+06 1.33333 -0.0523562 0 1.6382e-06 3.92193e-06 0.383089 7.56327e-07 0.0523562 2.24542e-07 
0.292 0.00870587 2.026e+06 0 0 2.026e+06 1.33333 -0.034045 0 1.06407e-06 2.54865e-06 0.248949 4.91508e-07 0.034045 1.45968e-07 
0.29565 0.00870609 2.02595e+06 0 0 2.02595e+06 1.33333 -0.0221367 0 6.91038e-07 1.65605e-06 0.161761 3.19378e-07 0.0221367 9.48823e-08 
0.2993 0.0087063 2.0259e+06 0 0 2.0259e+06 1.33333 -0.0143928 0 4.48697e-07 1.07593e-06 0.105096 2.07504e-07 0.0143928 6.16708e-08 
0.30295 0.00870652 2.02585e+06 0 0 2.02585e+06 1.33333 -0.00935733 0 2.91274e-07 6.98928e-07 0.0682702 1.34798e-07 0.00935733 4.0081e-08 
0.3066 0.00870673 2.0258e+06 0 0 2.0258e+06 1.33333 -0.00608314 0 1.89022e-07 4.53944e-07 0.0443406 8.75517e-08 0.00608314 2.60473e-08 
0.31025 0.00870695 2.02575e+06 0 0 2.02575e+06 1.33333 -0.00395433 0 1.22615e-07 2.94764e-07 0.0287921 5.68522e-08 0.00395433 1.69257e-08 
0.3139 0.00870716 2.0257e+06 0 0 2.0257e+06 1.33333 -0.00257031 0 7.94896e-08 1.91344e-07 0.0186902 3.69062e-08 0.00257031 1.09975e-08 
0.31755 0.00870738 2.02565e+06 0 0 2.02565e+06 1.33333 -0.00167057 0 5.14875e-08 1.24159e-07 0.0121276 2.39482e-08 0.00167057 7.145e-09 
0.3212 0.00870759 2.0256e+06 0 0 2.0256e+06 1.33333 -0.00108571 0 3.33079e-08 8.0517e-08 0.00786477 1.55308e-08 0.00108571 4.64154e-09 
0.32485 0.00870781 2.02555e+06 0 0 2.02555e+06 1.33333 -0.00070549 0 2.15051e-08 5.21709e-08 0.00509597 1.00634e-08 0.000705491 3.01501e-09 
0.3285 0.00870802 2.0255e+06 0 0 2.0255e+06 1.33333 -0.000458554 0 1.38427e-08 3.37615e-08 0.00329777 6.51251e-09 0.000458557 1.95837e-09 
0.33215 0.00870824 2.02545e+06 0 0 2.02545e+06 1.33333 -0.00029739 0 8.86884e-09 2.18073e-08 0.0021301 4.20667e-09 0.000297393 1.27209e-09 
0.3358 0.00870845 2.0254e+06 0 0 2.0254e+06 1.33333 -0.00019488 0 5.64145e-09 1.40478e-08 0.00137217 2.70992e-09 0.000194883 8.2644e-10 
0.33945 0.00870867 2.02535e+06 0 0 2.02535e+06 1.33333 -0.00012057 0 3.54046e-09 9.01373e-09 0.000880447 1.73886e-09 0.000120573 5.3834e-10 
0.3431 0.00870888 2.0253e+06 0 0 2.0253e+06 1.33333 -9.88304e-05 0 2.17007e-09 5.76749e-09 0.000563359 1.11264e-09 9.88336e-05 3.53056e-10 
0.34675 0.0087091 2.02525e+06 0 0 2.02525e+06 1.33333 4.57289e-06 0 1.26101e-09 3.68654e-09 0.000360096 7.11213e-10 -4.56921e-06 2.41046e-10 
0.3504 0.00870931 2.0252e+06 0 0 2.0252e+06 1.33333 -0.000227491 0 6.03844e-10 2.51741e-09 0.000245897 4.85675e-10 0.000227493 1.81017e-10 
0.35405 0.00870953 2.02515e+06 0 0 2.02515e+06 1.33333 0.000726041 0 1.78315e-10 0 0.000184382 3.64184e-10 -0.000726039 1.95416e-10 
0.3577 0.00870974 2.0251e+06 0 0 2.0251e+06 1.33333 -0.000226998 0 0 0 0.00019865 3.92375e-10 0.000227 0 
0.36135 0.00870996 2.02505e+06 0 0 2.02505e+06 1.33333 6.01463e-05 0 0 0 0.00019173 3.78717e-10 -6.01443e-05 0 
0.365 0.00871017 2.025e+06 0 0 2.025e+06 1.33333 -2.21747e-05 0 0 0 0.000192911 3.81058e-10 2.21769e-05 0 


0 0.0112 2.03e+06 0 0 1.5225e+06 1 0 0 1.01407 1.01407 507500 1 0 9.65013e-08 
0.00365 0.0112003 2.02995e+06 0 0 1.52246e+06 1 -0.159836 0 1.01407 1.01407 507485 0.999996 0.159836 3.47838e-07 
0.0073 0.0112005 2.0299e+06 0 0 1.52243e+06 1 -0.388363 0 1.01406 1.01406 507470 0.999989 0.388363 6.91931e-07 
0.01095 0.0112008 2.02985e+06 0 0 1.5224e+06 1.00001 -0.705479 0 1.01404 1.01406 507453 0.999981 0.705479 1.15407e-06 
0.0146 0.011201 2.0298e+06 0 0 1.52237e+06 1.00001 -1.13604 0 1.01403 1.01405 507434 0.999969 1.13604 1.76564e-06 
0.01825 0.0112012 2.02975e+06 0 0 1.52234e+06 1.00002 -1.711 0 1.01402 1.01404 507414 0.999953 1.711 2.56564e-06 
0.0219 0.0112014 2.0297e+06 0 0 1.52231e+06 1.00002 -2.46886 0 1.014 1.01403 507390 0.999932 2.46886 3.60212e-06 
0.02555 0.0112016 2.02965e+06 0 0 1.52229e+06 1.00003 -3.45739 0 1.01397 1.01402 507364 0.999904 3.45739 4.93425e-06 
0.0292 0.0112018 2.0296e+06 0 0 1.52227e+06 1.00004 -4.73577 0 1.01394 1.01401 507333 0.999868 4.73577 6.63485e-06 
0.03285 0.0112019 2.02955e+06 0 0 1.52225e+06 1.00006 -6.37731 0 1.01391 1.014 507297 0.999822 6.37731 8.79363e-06 
0.0365 0.0112019 2.0295e+06 0 0 1.52225e+06 1.00008 -8.47266 0 1.01386 1.01398 507255 0.999763 8.47266 1.15213e-05 
0.04015 0.011202 2.02945e+06 0 0 1.52225e+06 1.0001 -11.134 0 1.01381 1.01396 507204 0.999687 11.134 1.49546e-05 
0.0438 0.0112019 2.0294e+06 0 0 1.52226e+06 1.00014 -14.4999 0 1.01374 1.01394 507143 0.999592 14.4999 1.92624e-05 
0.04745 0.0112018 2.02935e+06 0 0 1.52228e+06 1.00018 -18.7417 0 1.01366 1.01391 507069 0.999471 18.7417 2.46529e-05 
0.0511 0.0112016 2.0293e+06 0 0 1.52232e+06 1.00023 -24.0709 0 1.01356 1.01387 506979 0.999318 24.0709 3.13831e-05 
0.05475 0.0112012 2.02925e+06 0 0 1.52238e+06 1.00029 -30.7488 0 1.01343 1.01383 506869 0.999127 30.7488 3.97703e-05 
0.0584 0.0112007 2.0292e+06 0 0 1.52246e+06 1.00037 -39.0979 0 1.01327 1.01378 506735 0.998887 39.0979 5.02055e-05 
0.06205 0.0111999 2.02915e+06 0 0 1.52258e+06 1.00047 -49.5159 0 1.01308 1.01371 506570 0.998586 49.5159 6.31708e-05 
0.0657 0.011199 2.0291e+06 0 0 1.52273e+06 1.0006 -62.4935 0 1.01283 1.01363 506368 0.998212 62.4935 7.92605e-05 
0.06935 0.0111977 2.02905e+06 0 0 1.52293e+06 1.00075 -78.6355 0 1.01254 1.01353 506119 0.997745 78.6355 9.92065e-05 
0.073 0.011196 2.029e+06 0 0 1.52319e+06 1.00095 -98.6869 0 1.01217 1.01341 505811 0.997164 98.6869 0.00012391 
0.07665 0.0111939 2.02895e+06 0 0 1.52352e+06 1.00119 -123.565 0 1.01171 1.01327 505432 0.996441 123.565 0.000154481 
0.0803 0.0111912 2.0289e+06 0 0 1.52393e+06 1.00149 -154.396 0 1.01115 1.01308 504965 0.995544 154.396 0.000192283 
0.08395 0.0111878 2.02885e+06 0 0 1.52446e+06 1.00186 -192.566 0 1.01045 1.01286 504388 0.994432 192.566 0.000238991 
0.0876 0.0111835 2.0288e+06 0 0 1.52512e+06 1.00232 -239.77 0 1.00959 1.01257 503677 0.993053 239.77 0.000296661 
0.09125 0.0111782 2.02875e+06 0 0 1.52595e+06 1.00288 -298.085 0 1.00852 1.01223 502798 0.991346 298.085 0.00036781 
0.0949 0.0111715 2.0287e+06 0 0 1.52699e+06 1.00359 -370.041 0 1.00721 1.0118 501715 0.989234 370.041 0.000455518 
0.09855 0.0111632 2.02865e+06 0 0 1.52827e+06 1.00446 -458.714 0 1.00559 1.01127 500378 0.986624 458.714 0.000563542 
0.1022 0.0111529 2.0286e+06 0 0 1.52987e+06 1.00553 -567.824 0 1.0036 1.01061 498731 0.9834 567.824 0.000696456 
0.10585 0.0111401 2.02855e+06 0 0 1.53185e+06 1.00686 -701.839 0 1.00113 1.00979 496702 0.979423 701.839 0.000859807 
0.1095 0.0111244 2.0285e+06 0 0 1.53429e+06 1.00849 -866.086 0 0.998103 1.00878 494205 0.974523 866.086 0.0010603 
0.11315 0.0111051 2.02845e+06 0 0 1.53731e+06 1.0105 -1066.84 0 0.994374 1.00752 491135 0.968494 1066.84 0.00130598 
0.1168 0.0110814 2.0284e+06 0 0 1.54103e+06 1.01297 -1311.41 0 0.98979 1.00596 487367 0.961087 1311.41 0.00160649 
0.12045 0.0110524 2.02835e+06 0 0 1.5456e+06 1.016 -1608.08 0 0.984161 1.00403 482750 0.952006 1608.08 0.00197322 
0.1241 0.0110172 2.0283e+06 0 0 1.55119e+06 1.0197 -1966.06 0 0.97726 1.00162 477107 0.940901 1966.06 0.00241956 
0.12775 0.0109745 2.02825e+06 0 0 1.55802e+06 1.02421 -2395.15 0 0.968812 0.998626 470230 0.92736 2395.15 0.00296102 
0.1314 0.0109231 2.0282e+06 0 0 1.56632e+06 1.0297 -2905.13 0 0.958492 0.994895 461879 0.910915 2905.13 0.00361524 
0.13505 0.0108616 2.02815e+06 0 0 1.57636e+06 1.03632 -3504.79 0 0.945916 0.990241 451788 0.891034 3504.79 0.00440183 
0.1387 0.0107887 2.0281e+06 0 0 1.58844e+06 1.04429 -4200.39 0 0.930634 0.984428 439662 0.867141 4200.39 0.00534185 
0.14235 0.010703 2.02805e+06 0 0 1.60285e+06 1.05379 -4993.45 0 0.912132 0.977158 425197 0.838632 4993.45 0.00645675 
0.146 0.0106035 2.028e+06 0 0 1.61991e+06 1.06503 -5877.87 0 0.889827 0.96805 408092 0.804916 5877.87 0.0077665 
0.14965 0.0104896 2.02795e+06 0 0 1.63986e+06 1.07818 -6836.38 0 0.863081 0.956623 388085 0.765472 6836.38 0.00928646 
0.1533 0.0103614 2.0279e+06 0 0 1.66291e+06 1.09336 -7836.92 0 0.83122 0.942264 364986 0.719928 7836.92 0.0110227 
0.15695 0.0102197 2.02785e+06 0 0 1.68912e+06 1.11061 -8829.46 0 0.793573 0.924203 338735 0.668165 8829.46 0.0129647 
0.1606 0.0100666 2.0278e+06 0 0 1.71834e+06 1.12986 -9744.84 0 0.749539 0.901474 309458 0.610431 9744.84 0.015076 
0.16425 0.00990508 2.02775e+06 0 0 1.75022e+06 1.15085 -10497.2 0 0.69869 0.872897 277527 0.547458 10497.2 0.0172816 
0.1679 0.00973947 2.0277e+06 0 0 1.7841e+06 1.17315 -10991.4 0 0.640906 0.837079 243600 0.480544 10991.4 0.0194545 
0.17155 0.00957485 2.02765e+06 0 0 1.81902e+06 1.19614 -11137.5 0 0.576563 0.792494 208630 0.411571 11137.5 0.0214052 
0.1752 0.00941676 2.0276e+06 0 0 1.85378e+06 1.21903 -10870.5 0 0.506729 0.737687 173825 0.342917 10870.5 0.0228832 
0.17885 0.00927054 2.02755e+06 0 0 1.88702e+06 1.24092 -10172.4 0 0.433325 0.671707 140525 0.277232 10172.4 0.023604 
0.1825 0.00914072 2.0275e+06 0 0 1.91746e+06 1.26097 -9089.43 0 0.359142 0.594767 110038 0.217091 9089.43 0.0233135 
0.18615 0.00903035 2.02745e+06 0 0 1.94403e+06 1.27847 -7733.7 0 0.287602 0.509009 83418 0.164577 7733.7 0.021888 
0.1898 0.00894063 2.0274e+06 0 0 1.96611e+06 1.29302 -6262.2 0 0.222194 0.418882 61292 0.120927 6262.2 0.0194265 
0.19345 0.00887082 2.02735e+06 0 0 1.98358e+06 1.30455 -4836.62 0 0.16572 0.330559 43772 0.086363 4836.62 0.0162659 
0.1971 0.0088187 2.0273e+06 0 0 1.99679e+06 1.31327 -3581.19 0 0.119674 0.250296 30509 0.0601964 3581.19 0.0128785 
0.20075 0.00878116 2.02725e+06 0 0 2.0064e+06 1.31962 -2559.81 0 0.084071 0.182553 20852.6 0.0411447 2559.81 0.00970261 
0.2044 0.00875492 2.0272e+06 0 0 2.01316e+06 1.3241 -1779.82 0 0.0577698 0.12903 14041.4 0.027706 1779.82 0.0070167 
0.20805 0.008737 2.02715e+06 0 0 2.0178e+06 1.32718 -1212.24 0 0.0390379 0.0889863 9352.56 0.0184546 1212.24 0.00491605 
0.2117 0.00872498 2.0271e+06 0 0 2.02092e+06 1.32927 -813.573 0 0.0260615 0.0602604 6181.79 0.0121983 813.573 0.00336488 
0.21535 0.00871705 2.02705e+06 0 0 2.02299e+06 1.33066 -540.445 0 0.017251 0.0402804 4064.47 0.00802046 540.445 0.00226541 
0.219 0.00871188 2.027e+06 0 0 2.02434e+06 1.33158 -356.515 0 0.0113526 0.0266837 2662.81 0.00525469 356.515 0.0015079 
0.22265 0.00870855 2.02695e+06 0 0 2.02521e+06 1.33219 -234.085 0 0.00744152 0.0175688 1740.36 0.00343445 234.085 0.000995976 
0.2263 0.00870644 2.0269e+06 0 0 2.02576e+06 1.33259 -153.222 0 0.00486503 0.0115202 1135.66 0.00224118 153.222 0.000654464 
0.22995 0.00870514 2.02685e+06 0 0 2.02611e+06 1.33285 -100.087 0 0.00317504 0.00753349 740.286 0.00146096 100.087 0.000428587 
0.2336 0.00870436 2.0268e+06 0 0 2.02632e+06 1.33302 -65.2897 0 0.0020697 0.00491756 482.221 0.00095169 65.2897 0.000280034 
0.23725 0.00870393 2.02675e+06 0 0 2.02644e+06 1.33313 -42.5527 0 0.00134812 0.00320615 313.971 0.000619654 42.5527 0.0001827 
0.2409 0.00870373 2.0267e+06 0 0 2.0265e+06 1.3332 -27.7175 0 0.000877655 0.0020887 204.36 0.000403335 27.7175 0.00011908 
0.24455 0.00870367 2.02665e+06 0 0 2.02652e+06 1.33325 -18.0473 0 0.000571168 0.00136 132.986 0.000262474 18.0473 7.75634e-05 
0.2482 0.0087037 2.0266e+06 0 0 2.02651e+06 1.33328 -11.7478 0 0.000371617 0.000885205 86.5262 0.000170781 11.7478 5.04995e-05 
0.25185 0.0087038 2.02655e+06 0 0 2.02649e+06 1.3333 -7.64578 0 0.00024174 0.000576027 56.2912 0.000111107 7.64578 3.28693e-05 
0.2555 0.00870394 2.0265e+06 0 0 2.02646e+06 1.33331 -4.97546 0 0.000157233 0.000374771 36.618 7.22783e-05 4.97546 2.13897e-05 
0.25915 0.00870411 2.02645e+06 0 0 2.02643e+06 1.33332 -3.23747 0 0.000102256 0.0002438 23.8186 4.70154e-05 3.23747 1.39174e-05 
0.2628 0.00870429 2.0264e+06 0 0 2.02638e+06 1.33332 -2.10644 0 6.64961e-05 0.000158583 15.4921 3.05805e-05 2.10644 9.05445e-06 
0.26645 0.00870448 2.02635e+06 0 0 2.02634e+06 1.33333 -1.37046 0 4.32382e-05 0.000103144 10.0757 1.98894e-05 1.37046 5.89022e-06 
0.2701 0.00870469 2.0263e+06 0 0 2.02629e+06 1.33333 -0.89159 0 2.81128e-05 6.70806e-05 6.55268 1.29353e-05 0.89159 3.83151e-06 
0.27375 0.00870489 2.02625e+06 0 0 2.02625e+06 1.33333 -0.580022 0 1.82771e-05 4.36237e-05 4.26124 8.41208e-06 0.580022 2.4922e-06 
0.2774 0.0087051 2.0262e+06 0 0 2.0262e+06 1.33333 -0.377316 0 1.18817e-05 2.83674e-05 2.77095 5.47024e-06 0.377316 1.62095e-06 
0.28105 0.00870531 2.02615e+06 0 0 2.02615e+06 1.33333 -0.245442 0 7.72353e-06 1.84455e-05 1.80175 3.55699e-06 0.245442 1.05423e-06 
0.2847 0.00870552 2.0261e+06 0 0 2.0261e+06 1.33333 -0.159652 0 5.02014e-06 1.19931e-05 1.17147 2.31277e-06 0.159652 6.85606e-07 
0.28835 0.00870574 2.02605e+06 0 0 2.02605e+06 1.33333 -0.103844 0 3.2627e-06 7.79723e-06 0.761626 1.50367e-06 0.103844 4.45853e-07 
0.292 0.00870595 2.026e+06 0 0 2.026e+06 1.33333 -0.0675417 0 2.12029e-06 5.06896e-06 0.49513 9.77553e-07 0.0675417 2.89924e-07 
0.29565 0.00870617 2.02595e+06 0 0 2.02595e+06 1.33333 -0.0439279 0 1.37774e-06 3.29505e-06 0.321857 6.35468e-07 0.0439279 1.88517e-07 
0.2993 0.00870638 2.0259e+06 0 0 2.0259e+06 1.33333 -0.0285686 0 8.95121e-07 2.14174e-06 0.209203 4.13056e-07 0.0285686 1.22572e-07 
0.30295 0.00870659 2.02585e+06 0 0 2.02585e+06 1.33333 -0.0185787 0 5.81473e-07 1.39197e-06 0.135965 2.68461e-07 0.0185787 7.96899e-08 
0.3066 0.00870681 2.0258e+06 0 0 2.0258e+06 1.33333 -0.0120815 0 3.77654e-07 9.04562e-07 0.0883562 1.74462e-07 0.0120815 5.18068e-08 
0.31025 0.00870702 2.02575e+06 0 0 2.02575e+06 1.33333 -0.00785595 0 2.45217e-07 5.8774e-07 0.0574095 1.1336e-07 0.00785595 3.36775e-08 
0.3139 0.00870724 2.0257e+06 0 0 2.0257e+06 1.33333 -0.00510802 0 1.59169e-07 3.81815e-07 0.0372951 7.36439e-08 0.00510803 2.18909e-08 
0.31755 0.00870745 2.02565e+06 0 0 2.02565e+06 1.33333 -0.00332109 0 1.03268e-07 2.4798e-07 0.0242223 4.78312e-08 0.00332109 1.42283e-08 
0.3212 0.00870767 2.0256e+06 0 0 2.0256e+06 1.33333 -0.00215914 0 6.69542e-08 1.61005e-07 0.0157267 3.10559e-08 0.00215914 9.24716e-09 
0.32485 0.00870788 2.02555e+06 0 0 2.02555e+06 1.33333 -0.00140362 0 4.33665e-08 1.04487e-07 0.0102061 2.01548e-08 0.00140362 6.00939e-09 
0.3285 0.0087081 2.0255e+06 0 0 2.0255e+06 1.33333 -0.000912381 0 2.80461e-08 6.77634e-08 0.00661902 1.30714e-08 0.000912387 3.90502e-09 
0.33215 0.00870831 2.02545e+06 0 0 2.02545e+06 1.33333 -0.000593002 0 1.80964e-08 4.39039e-08 0.00428847 8.46917e-09 0.000593004 2.53739e-09 
0.3358 0.00870853 2.0254e+06 0 0 2.0254e+06 1.33333 -0.000385176 0 1.16364e-08 2.84041e-08 0.00277447 5.47934e-09 0.000385178 1.6486e-09 
0.33945 0.00870874 2.02535e+06 0 0 2.02535e+06 1.33333 -0.0002505 0 7.43894e-09 1.83364e-08 0.00179107 3.53731e-09 0.000250504 1.07143e-09 
0.3431 0.00870896 2.0253e+06 0 0 2.0253e+06 1.33333 -0.000159832 0 4.71288e-09 1.17997e-08 0.00115258 2.27636e-09 0.000159833 6.96891e-10 
0.34675 0.00870917 2.02525e+06 0 0 2.02525e+06 1.33333 -0.000112844 0 2.94008e-09 7.56456e-09 0.000738894 1.45936e-09 0.000112847 4.54496e-10 
0.3504 0.00870939 2.0252e+06 0 0 2.0252e+06 1.33333 -4.84928e-05 0 1.77179e-09 4.83485e-09 0.000472261 9.3277e-10 4.84937e-05 3.01912e-10 
0.35405 0.0087096 2.02515e+06 0 0 2.02515e+06 1.33333 -5.42657e-05 0 9.89448e-10 3.12683e-09 0.000305424 6.03262e-10 5.42685e-05 2.09928e-10 
0.3577 0.00870982 2.0251e+06 0 0 2.0251e+06 1.33333 -4.66638e-05 0 3.90469e-10 2.16296e-09 0.000211275 4.17312e-10 4.66679e-05 1.76756e-10 
0.36135 0.00871003 2.02505e+06 0 0 2.02505e+06 1.33333 -9.82703e-05 0 7.95489e-11 2.08351e-09 0.000203514 4.01992e-10 9.82707e-05 -7.743e-12 
0.365 0.00871025 2.025e+06 0 0 2.025e+06 1.33333 -6.5668e-05 0 0 0 0.000193201 3.81632e-10 6.56693e-05 0 


0 0.0112 2.03e+06 0 0 1.5225e+06 1 0 0 1.01407 1.01407 507500 1 0 5.88244e-08 
0.00365 0.0112003 2.02995e+06 0 0 1.52246e+06 1 -0.11081 0 1.01407 1.01407 507486 0.999997 0.11081 2.32103e-07 
0.0073 0.0112005 2.0299e+06 0 0 1.52243e+06 1 -0.269764 0 1.01406 1.01406 507471 0.999993 0.269764 4.70602e-07 
0.01095 0.0112008 2.02985e+06 0 0 1.52239e+06 1 -0.490955 0 1.01405 1.01406 507456 0.999987 0.490955 7.9226e-07 
0.0146 0.011201 2.0298e+06 0 0 1.52236e+06 1.00001 -0.792007 0 1.01404 1.01405 507439 0.999978 0.792007 1.21938e-06 
0.01825 0.0112013 2.02975e+06 0 0 1.52233e+06 1.00001 -1.1949 0 1.01403 1.01404 507421 0.999967 1.1949 1.77966e-06 
0.0219 0.0112015 2.0297e+06 0 0 1.5223e+06 1.00002 -1.72699 0 1.01401 1.01404 507401 0.999952 1.72699 2.50731e-06 
0.02555 0.0112017 2.02965e+06 0 0 1.52227e+06 1.00002 -2.42225 0 1.01399 1.01403 507378 0.999933 2.42225 3.44447e-06 
0.0292 0.0112019 2.0296e+06 0 0 1.52225e+06 1.00003 -3.32282 0 1.01397 1.01402 507353 0.999908 3.32282 4.64309e-06 
0.03285 0.0112021 2.02955e+06 0 0 1.52223e+06 1.00004 -4.4809 0 1.01394 1.01401 507324 0.999875 4.4809 6.1672e-06 
0.0365 0.0112022 2.0295e+06 0 0 1.52221e+06 1.00006 -5.96115 0 1.01391 1.01399 507290 0.999833 5.96115 8.0959e-06 
0.04015 0.0112023 2.02945e+06 0 0 1.5222e+06 1.00007 -7.84355 0 1.01387 1.01398 507251 0.99978 7.84355 1.05269e-05 
0.0438 0.0112023 2.0294e+06 0 0 1.5222e+06 1.0001 -10.227 0 1.01382 1.01396 507204 0.999712 10.227 1.35807e-05 
0.04745 0.0112023 2.02935e+06 0 0 1.5222e+06 1.00012 -13.2339 0 1.01376 1.01394 507148 0.999626 13.2339 1.74065e-05 
0.0511 0.0112022 2.0293e+06 0 0 1.52222e+06 1.00016 -17.0153 0 1.01369 1.01391 507080 0.999518 17.0153 2.21879e-05 
0.05475 0.011202 2.02925e+06 0 0 1.52225e+06 1.00021 -21.758 0 1.0136 1.01388 506999 0.999382 21.758 2.8152e-05 
0.0584 0.0112018 2.0292e+06 0 0 1.5223e+06 1.00026 -27.6926 0 1.01348 1.01384 506900 0.999211 27.6926 3.55787e-05 
0.06205 0.0112013 2.02915e+06 0 0 1.52237e+06 1.00033 -35.1037 0 1.01334 1.01379 506779 0.998998 35.1037 4.48134e-05 
0.0657 0.0112007 2.0291e+06 0 0 1.52247e+06 1.00042 -44.3428 0 1.01317 1.01374 506631 0.998731 44.3428 5.6282e-05 
0.06935 0.0111999 2.02905e+06 0 0 1.5226e+06 1.00053 -55.8431 0 1.01295 1.01366 506450 0.998399 55.8431 7.05096e-05 
0.073 0.0111988 2.029e+06 0 0 1.52277e+06 1.00067 -70.1393 0 1.01269 1.01358 506228 0.997985 70.1393 8.81434e-05 
0.07665 0.0111973 2.02895e+06 0 0 1.523e+06 1.00084 -87.8899 0 1.01236 1.01347 505954 0.99747 87.8899 0.00010998 
0.0803 0.0111955 2.0289e+06 0 0 1.52328e+06 1.00106 -109.906 0 1.01196 1.01334 505617 0.99683 109.906 0.000137002 
0.08395 0.0111931 2.02885e+06 0 0 1.52365e+06 1.00132 -137.186 0 1.01146 1.01318 505202 0.996036 137.186 0.000170416 
0.0876 0.0111902 2.0288e+06 0 0 1.52411e+06 1.00165 -170.955 0 1.01084 1.01297 504690 0.995052 170.955 0.000211705 
0.09125 0.0111864 2.02875e+06 0 0 1.52469e+06 1.00206 -212.72 0 1.01008 1.01273 504059 0.993832 212.72 0.000262693 
0.0949 0.0111817 2.0287e+06 0 0 1.52542e+06 1.00256 -264.323 0 1.00914 1.01242 503281 0.992322 264.323 0.000325613 
0.09855 0.0111758 2.02865e+06 0 0 1.52633e+06 1.00318 -328.016 0 1.00798 1.01204 502321 0.990453 328.016 0.000403201 
0.1022 0.0111685 2.0286e+06 0 0 1.52746e+06 1.00395 -406.543 0 1.00655 1.01157 501137 0.988144 406.543 0.000498799 
0.10585 0.0111594 2.02855e+06 0 0 1.52887e+06 1.0049 -503.23 0 1.00478 1.01099 499678 0.985291 503.23 0.000616484 
0.1095 0.0111481 2.0285e+06 0 0 1.53062e+06 1.00608 -622.091 0 1.0026 1.01027 497881 0.981771 622.091 0.000761207 
0.11315 0.0111342 2.02845e+06 0 0 1.53278e+06 1.00752 -767.932 0 0.999919 1.00937 495668 0.977432 767.932 0.000938967 
0.1168 0.0111171 2.0284e+06 0 0 1.53545e+06 1.0093 -946.461 0 0.996616 1.00826 492946 0.972089 946.461 0.001157 
0.12045 0.011096 2.02835e+06 0 0 1.53875e+06 1.01149 -1164.37 0 0.992554 1.00689 489603 0.96552 1164.37 0.00142398 
0.1241 0.0110703 2.0283e+06 0 0 1.5428e+06 1.01418 -1429.36 0 0.987564 1.00519 485503 0.957457 1429.36 0.00175023 
0.12775 0.0110389 2.02825e+06 0 0 1.54777e+06 1.01747 -1750.14 0 0.98144 1.00307 480484 0.947583 1750.14 0.00214796 
0.1314 0.0110007 2.0282e+06 0 0 1.55384e+06 1.02149 -2136.19 0 0.973937 1.00043 474357 0.935524 2136.19 0.00263141 
0.13505 0.0109546 2.02815e+06 0 0 1.56125e+06 1.02639 -2597.39 0 0.96476 0.997152 466902 0.920843 2597.39 0.00321698 
0.1387 0.0108992 2.0281e+06 0 0 1.57023e+06 1.03232 -3143.25 0 0.95356 0.993064 457866 0.903045 3143.25 0.00392314 
0.14235 0.0108331 2.02805e+06 0 0 1.58108e+06 1.03947 -3781.73 0 0.939926 0.987962 446972 0.88158 3781.73 0.0047702 
0.146 0.0107551 2.028e+06 0 0 1.59408e+06 1.04805 -4517.45 0 0.923384 0.981587 433919 0.855856 4517.45 0.00577953 
0.14965 0.0106638 2.02795e+06 0 0 1.60955e+06 1.05824 -5349.15 0 0.903388 0.973608 418401 0.825269 5349.15 0.00697225 
0.1533 0.0105584 2.0279e+06 0 0 1.62777e+06 1.07025 -6266.57 0 0.879333 0.963607 400130 0.78925 6266.57 0.0083669 
0.15695 0.0104386 2.02785e+06 0 0 1.64898e+06 1.08422 -7246.79 0 0.850562 0.951051 378867 0.747327 7246.79 0.00997567 
0.1606 0.0103047 2.0278e+06 0 0 1.67333e+06 1.10026 -8250.65 0 0.816396 0.935267 354469 0.699219 8250.65 0.0117988 
0.16425 0.010158 2.02775e+06 0 0 1.7008e+06 1.11835 -9220.22 0 0.776183 0.915407 326947 0.644945 9220.22 0.0138165 
0.1679 0.010001 2.0277e+06 0 0 1.73118e+06 1.13835 -10078.9 0 0.72938 0.890419 296520 0.584939 10078.9 0.0159779 
0.17155 0.00983726 2.02765e+06 0 0 1.76397e+06 1.15995 -10735.8 0 0.675666 0.859033 263676 0.52016 10735.8 0.0181881 
0.1752 0.00967144 2.0276e+06 0 0 1.79841e+06 1.18262 -11096 0 0.615101 0.819785 229195 0.45215 11096 0.0202954 
0.17885 0.00950886 2.02755e+06 0 0 1.83341e+06 1.20566 -11077 0 0.548323 0.771143 194143 0.383011 11077 0.0220838 
0.1825 0.00935507 2.0275e+06 0 0 1.8677e+06 1.22824 -10630.9 0 0.476739 0.711796 159802 0.315269 10630.9 0.0232836 
0.18615 0.00921516 2.02745e+06 0 0 1.89993e+06 1.24947 -9764.59 0 0.402636 0.641178 127521 0.251589 9764.59 0.0236128 
0.1898 0.00909311 2.0274e+06 0 0 1.92887e+06 1.26854 -8552.52 0 0.329115 0.560218 98528.8 0.194394 8552.52 0.0228582 
0.19345 0.00899124 2.02735e+06 0 0 1.95363e+06 1.28485 -7129.12 0 0.259709 0.472004 73720.9 0.145453 7129.12 0.0209793 
0.1971 0.00890993 2.0273e+06 0 0 1.97379e+06 1.29814 -5658.76 0 0.197715 0.381835 53514.1 0.105587 5658.76 0.0181782 
0.20075 0.00884776 2.02725e+06 0 0 1.98943e+06 1.30846 -4291.99 0 0.145449 0.296155 37816.5 0.0746164 4291.99 0.0148659 
0.2044 0.00880206 2.0272e+06 0 0 2.00107e+06 1.31615 -3129.3 0 0.103787 0.220676 26132 0.0515628 3129.3 0.0115209 
0.20805 0.00876956 2.02715e+06 0 0 2.00941e+06 1.32166 -2209.48 0 0.0722045 0.158757 17742.7 0.0350101 2209.48 0.00852518 
0.2117 0.00874708 2.0271e+06 0 0 2.01521e+06 1.32551 -1522.07 0 0.0492472 0.110994 11889.1 0.0234602 1522.07 0.00607876 
0.21535 0.00873185 2.02705e+06 0 0 2.01916e+06 1.32814 -1029.79 0 0.0330982 0.0759237 7891.63 0.0155727 1029.79 0.0042144 
0.219 0.00872171 2.027e+06 0 0 2.0218e+06 1.32991 -687.906 0 0.022012 0.0511138 5203.81 0.010269 687.906 0.00286309 
0.22265 0.00871505 2.02695e+06 0 0 2.02353e+06 1.33109 -455.518 0 0.0145326 0.0340277 3416.03 0.00674122 455.518 0.00191761 
0.2263 0.00871073 2.0269e+06 0 0 2.02466e+06 1.33186 -299.855 0 0.00954702 0.0224796 2235.66 0.00441199 299.855 0.00127194 
0.22995 0.00870796 2.02685e+06 0 0 2.02539e+06 1.33237 -196.608 0 0.00625094 0.0147739 1460.21 0.00288173 196.608 0.000838168 
0.2336 0.00870623 2.0268e+06 0 0 2.02585e+06 1.33271 -128.574 0 0.00408374 0.00967602 952.452 0.00187972 128.574 0.000549928 
0.23725 0.00870517 2.02675e+06 0 0 2.02613e+06 1.33292 -83.9379 0 0.00266398 0.00632271 620.707 0.00122503 83.9379 0.000359775 
0.2409 0.00870455 2.0267e+06 0 0 2.0263e+06 1.33307 -54.7355 0 0.00173612 0.00412526 404.272 0.000797893 54.7355 0.000234926 
0.24455 0.00870423 2.02665e+06 0 0 2.02639e+06 1.33316 -35.6661 0 0.00113069 0.00268884 263.203 0.000519484 35.6661 0.000153211 
0.2482 0.00870409 2.0266e+06 0 0 2.02643e+06 1.33322 -23.2288 0 0.000736072 0.00175142 171.314 0.000338131 23.2288 9.98371e-05 
0.25185 0.00870408 2.02655e+06 0 0 2.02644e+06 1.33326 -15.1237 0 0.000479033 0.00114031 111.484 0.000220048 15.1237 6.50215e-05 
0.2555 0.00870414 2.0265e+06 0 0 2.02643e+06 1.33329 -9.84448 0 0.000311688 0.000742206 72.5402 0.000143183 9.84448 4.23315e-05 
0.25915 0.00870426 2.02645e+06 0 0 2.0264e+06 1.3333 -6.40712 0 0.000202772 0.000482988 47.1956 9.31592e-05 6.40712 2.75527e-05 
0.2628 0.00870441 2.0264e+06 0 0 2.02637e+06 1.33331 -4.16953 0 0.0001319 0.000314257 30.7038 6.06075e-05 4.16953 1.79304e-05 
0.26645 0.00870458 2.02635e+06 0 0 2.02633e+06 1.33332 -2.71318 0 8.57916e-05 0.000204449 19.9735 3.94276e-05 2.71318 1.16671e-05 
0.2701 0.00870477 2.0263e+06 0 0 2.02629e+06 1.33332 -1.76541 0 5.57967e-05 0.000132999 12.9925 2.56478e-05 1.76541 7.59099e-06 
0.27375 0.00870497 2.02625e+06 0 0 2.02624e+06 1.33333 -1.14866 0 3.62863e-05 8.65131e-05 8.45104 1.66831e-05 1.14866 4.93858e-06 
0.2774 0.00870517 2.0262e+06 0 0 2.02619e+06 1.33333 -0.747345 0 2.35965e-05 5.62714e-05 5.49675 1.08513e-05 0.747345 3.21278e-06 
0.28105 0.00870538 2.02615e+06 0 0 2.02615e+06 1.33333 -0.486222 0 1.53435e-05 3.6599e-05 3.57503 7.05779e-06 0.486222 2.08995e-06 
0.2847 0.00870559 2.0261e+06 0 0 2.0261e+06 1.33333 -0.316324 0 9.97632e-06 2.38027e-05 2.32505 4.5902e-06 0.316324 1.35948e-06 
0.28835 0.0087058 2.02605e+06 0 0 2.02605e+06 1.33333 -0.205786 0 6.48615e-06 1.54795e-05 1.51204 2.98519e-06 0.205786 8.84274e-07 
0.292 0.00870601 2.026e+06 0 0 2.026e+06 1.33333 -0.13387 0 4.21669e-06 1.00662e-05 0.983259 1.94128e-06 0.13387 5.75151e-07 
0.29565 0.00870623 2.02595e+06 0 0 2.02595e+06 1.33333 -0.0870839 0 2.74108e-06 6.54556e-06 0.639363 1.26235e-06 0.0870839 3.74073e-07 
0.2993 0.00870644 2.0259e+06 0 0 2.0259e+06 1.33333 -0.0566467 0 1.78169e-06 4.25597e-06 0.415718 8.20807e-07 0.0566467 2.43282e-07 
0.30295 0.00870666 2.02585e+06 0 0 2.02585e+06 1.33333 -0.0368464 0 1.15797e-06 2.76707e-06 0.270283 5.33669e-07 0.0368464 1.58213e-07 
0.3066 0.00870687 2.0258e+06 0 0 2.0258e+06 1.33333 -0.0239661 0 7.52499e-07 1.79889e-06 0.175713 3.4695e-07 0.0239661 1.02885e-07 
0.31025 0.00870709 2.02575e+06 0 0 2.02575e+06 1.33333 -0.0155877 0 4.88932e-07 1.16936e-06 0.114221 2.25539e-07 0.0155877 6.69018e-08 
0.3139 0.0087073 2.0257e+06 0 0 2.0257e+06 1.33333 -0.0101378 0 3.17617e-07 7.60046e-07 0.0742402 1.46597e-07 0.0101378 4.3501e-08 
0.31755 0.00870752 2.02565e+06 0 0 2.02565e+06 1.33333 -0.00659309 0 2.06273e-07 4.93934e-07 0.0482467 9.52715e-08 0.00659309 2.82836e-08 
0.3212 0.00870773 2.0256e+06 0 0 2.0256e+06 1.33333 -0.00428757 0 1.33913e-07 3.20933e-07 0.0313483 6.19042e-08 0.00428757 1.83883e-08 
0.32485 0.00870794 2.02555e+06 0 0 2.02555e+06 1.33333 -0.00278811 0 8.68897e-08 2.08472e-07 0.0203632 4.02128e-08 0.00278811 1.19543e-08 
0.3285 0.00870816 2.0255e+06 0 0 2.0255e+06 1.33333 -0.00181295 0 5.63343e-08 1.3537e-07 0.0132228 2.61126e-08 0.00181296 7.77097e-09 
0.33215 0.00870837 2.02545e+06 0 0 2.02545e+06 1.33333 -0.0011788 0 3.64814e-08 8.78562e-08 0.00858166 1.69477e-08 0.0011788 5.05126e-09 
0.3358 0.00870859 2.0254e+06 0 0 2.0254e+06 1.33333 -0.000766429 0 2.35839e-08 5.69757e-08 0.0055653 1.0991e-08 0.000766432 3.28312e-09 
0.33945 0.0087088 2.02535e+06 0 0 2.02535e+06 1.33333 -0.000498333 0 1.52037e-08 3.69073e-08 0.00360505 7.11985e-09 0.000498334 2.13391e-09 
0.3431 0.00870902 2.0253e+06 0 0 2.0253e+06 1.33333 -0.000323729 0 9.76026e-09 2.38671e-08 0.0023313 4.60435e-09 0.000323732 1.387e-09 
0.34675 0.00870923 2.02525e+06 0 0 2.02525e+06 1.33333 -0.000211707 0 6.22455e-09 1.53967e-08 0.00150393 2.97036e-09 0.000211709 9.01779e-10 
0.3504 0.00870945 2.0252e+06 0 0 2.0252e+06 1.33333 -0.000133229 0 3.92206e-09 9.89916e-09 0.000966935 1.90981e-09 0.000133229 5.87803e-10 
0.35405 0.00870967 2.02515e+06 0 0 2.02515e+06 1.33333 -9.54157e-05 0 2.4251e-09 6.34563e-09 0.000619831 1.22427e-09 9.54185e-05 3.85433e-10 
0.3577 0.00870988 2.0251e+06 0 0 2.0251e+06 1.33333 -5.72917e-05 0 1.43071e-09 4.0936e-09 0.000399857 7.89801e-10 5.72959e-05 2.61403e-10 
0.36135 0.0087101 2.02505e+06 0 0 2.02505e+06 1.33333 7.63657e-05 0 7.45729e-10 2.70844e-09 0.000264556 5.22568e-10 -7.63636e-05 1.97495e-10 
0.365 0.00871031 2.025e+06 0 0 2.025e+06 1.33333 -0.000756929 0 2.24174e-10 2.31813e-09 0.000226431 4.47271e-10 0.000756931 -2.21046e-11 


0 0.0112 2.03e+06 0 0 1.5225e+06 1 0 0 1.01407 1.01407 507500 1 0 3.58577e-08 
0.00365 0.0112003 2.02995e+06 0 0 1.52246e+06 1 -0.0769172 0 1.01407 1.01407 507486 0.999998 0.0769172 1.55407e-07 
0.0073 0.0112005 2.0299e+06 0 0 1.52243e+06 1 -0.187584 0 1.01406 1.01406 507472 0.999995 0.187584 3.20795e-07 
0.01095 0.0112008 2.02985e+06 0 0 1.52239e+06 1 -0.341977 0 1.01405 1.01406 507458 0.999991 0.341977 5.44748e-07 
0.0146 0.011201 2.0298e+06 0 0 1.52236e+06 1.00001 -0.552591 0 1.01404 1.01405 507442 0.999985 0.552591 8.431e-07 
0.01825 0.0112013 2.02975e+06 0 0 1.52232e+06 1.00001 -0.835025 0 1.01403 1.01405 507426 0.999977 0.835025 1.23553e-06 
0.0219 0.0112015 2.0297e+06 0 0 1.52229e+06 1.00001 -1.20871 0 1.01402 1.01404 507408 0.999967 1.20871 1.74638e-06 
0.02555 0.0112018 2.02965e+06 0 0 1.52226e+06 1.00002 -1.69781 0 1.01401 1.01403 507389 0.999953 1.69781 2.40566e-06 
0.0292 0.011202 2.0296e+06 0 0 1.52223e+06 1.00002 -2.3323 0 1.01399 1.01402 507367 0.999935 2.3323 3.25041e-06 
0.03285 0.0112022 2.02955e+06 0 0 1.52221e+06 1.00003 -3.14938 0 1.01397 1.01401 507343 0.999912 3.14938 4.32632e-06 
0.0365 0.0112024 2.0295e+06 0 0 1.52218e+06 1.00004 -4.19511 0 1.01395 1.014 507315 0.999882 4.19511 5.68987e-06 
0.04015 0.0112025 2.02945e+06 0 0 1.52217e+06 1.00005 -5.52653 0 1.01392 1.01399 507284 0.999845 5.52653 7.41081e-06 
0.0438 0.0112026 2.0294e+06 0 0 1.52215e+06 1.00007 -7.21423 0 1.01388 1.01398 507247 0.999797 7.21423 9.57533e-06 
0.04745 0.0112027 2.02935e+06 0 0 1.52215e+06 1.00009 -9.34552 0 1.01384 1.01396 507203 0.999736 9.34552 1.22899e-05 
0.0511 0.0112027 2.0293e+06 0 0 1.52215e+06 1.00011 -12.0283 0 1.01378 1.01394 507152 0.999659 12.0283 1.5686e-05 
0.05475 0.0112027 2.02925e+06 0 0 1.52216e+06 1.00015 -15.396 0 1.01371 1.01391 507091 0.999563 15.396 1.99258e-05 
0.0584 0.0112025 2.0292e+06 0 0 1.52218e+06 1.00019 -19.6135 0 1.01363 1.01389 507017 0.999441 19.6135 2.52098e-05 
0.06205 0.0112023 2.02915e+06 0 0 1.52222e+06 1.00024 -24.8843 0 1.01353 1.01385 506927 0.99929 24.8843 3.17851e-05 
0.0657 0.0112019 2.0291e+06 0 0 1.52228e+06 1.0003 -31.4597 0 1.01341 1.01381 506818 0.9991 31.4597 3.99566e-05 
0.06935 0.0112014 2.02905e+06 0 0 1.52236e+06 1.00038 -39.6502 0 1.01325 1.01376 506686 0.998863 39.6502 5.01008e-05 
0.073 0.0112007 2.029e+06 0 0 1.52248e+06 1.00048 -49.8385 0 1.01306 1.01369 506524 0.998569 49.8385 6.26816e-05 
0.07665 0.0111998 2.02895e+06 0 0 1.52262e+06 1.0006 -62.497 0 1.01283 1.01362 506325 0.998202 62.497 7.82709e-05 
0.0803 0.0111985 2.0289e+06 0 0 1.52282e+06 1.00075 -78.2079 0 1.01254 1.01352 506081 0.997746 78.2079 9.75736e-05 
0.08395 0.0111969 2.02885e+06 0 0 1.52307e+06 1.00094 -97.6886 0 1.01218 1.0134 505782 0.997179 97.6886 0.000121458 
0.0876 0.0111949 2.0288e+06 0 0 1.52339e+06 1.00117 -121.822 0 1.01174 1.01326 505413 0.996477 121.822 0.000150992 
0.09125 0.0111923 2.02875e+06 0 0 1.52379e+06 1.00146 -151.695 0 1.01119 1.01308 504959 0.995605 151.695 0.000187491 
0.0949 0.011189 2.0287e+06 0 0 1.5243e+06 1.00182 -188.64 0 1.01052 1.01286 504399 0.994526 188.64 0.000232568 
0.09855 0.0111848 2.02865e+06 0 0 1.52494e+06 1.00227 -234.295 0 1.00969 1.01259 503709 0.99319 234.295 0.000288206 
0.1022 0.0111797 2.0286e+06 0 0 1.52574e+06 1.00282 -290.661 0 1.00866 1.01225 502858 0.991538 290.661 0.000356834 
0.10585 0.0111732 2.02855e+06 0 0 1.52674e+06 1.0035 -360.18 0 1.00739 1.01184 501810 0.989495 360.18 0.000441422 
0.1095 0.0111652 2.0285e+06 0 0 1.52798e+06 1.00434 -445.825 0 1.00583 1.01132 500518 0.986971 445.825 0.000545598 
0.11315 0.0111553 2.02845e+06 0 0 1.52952e+06 1.00538 -551.189 0 1.0039 1.01068 498925 0.983856 551.189 0.00067378 
0.1168 0.011143 2.0284e+06 0 0 1.53143e+06 1.00666 -680.6 0 1.00153 1.0099 496965 0.980014 680.6 0.000831329 
0.12045 0.0111278 2.02835e+06 0 0 1.5338e+06 1.00824 -839.222 0 0.998603 1.00892 494553 0.975281 839.222 0.00102473 
0.1241 0.0111091 2.0283e+06 0 0 1.53671e+06 1.01018 -1033.15 0 0.995005 1.00771 491588 0.969458 1033.15 0.00126178 
0.12775 0.0110862 2.02825e+06 0 0 1.5403e+06 1.01257 -1269.51 0 0.990582 1.00621 487949 0.962305 1269.51 0.00155181 
0.1314 0.0110583 2.0282e+06 0 0 1.54471e+06 1.01549 -1556.4 0 0.985151 1.00434 483489 0.953534 1556.4 0.0019059 
0.13505 0.0110242 2.02815e+06 0 0 1.55011e+06 1.01907 -1902.89 0 0.97849 1.00202 478037 0.942804 1902.89 0.00233707 
0.1387 0.0109829 2.0281e+06 0 0 1.55671e+06 1.02343 -2318.69 0 0.970335 0.999136 471389 0.929716 2318.69 0.00286044 
0.14235 0.0109331 2.02805e+06 0 0 1.56474e+06 1.02873 -2813.62 0 0.960369 0.995543 463313 0.91381 2813.62 0.00349328 
0.146 0.0108735 2.028e+06 0 0 1.57445e+06 1.03514 -3396.74 0 0.948218 0.991064 453546 0.894568 3396.74 0.00425488 
0.14965 0.0108026 2.02795e+06 0 0 1.58615e+06 1.04286 -4074.86 0 0.933447 0.98547 441798 0.871417 4074.86 0.00516609 
0.1533 0.0107193 2.0279e+06 0 0 1.60013e+06 1.05208 -4850.52 0 0.91555 0.978477 427765 0.84376 4850.52 0.0062484 
0.15695 0.0106223 2.02785e+06 0 0 1.6167e+06 1.063 -5719.17 0 0.893957 0.969718 411145 0.810998 5719.17 0.00752219 
0.1606 0.010511 2.0278e+06 0 0 1.63613e+06 1.0758 -6665.77 0 0.868039 0.958733 391666 0.772593 6665.77 0.00900393 
0.16425 0.0103852 2.02775e+06 0 0 1.65863e+06 1.09062 -7661.1 0 0.837126 0.944934 369122 0.728141 7661.1 0.0107017 
0.1679 0.0102458 2.0277e+06 0 0 1.68427e+06 1.10751 -8658.46 0 0.800542 0.92758 343427 0.677471 8658.46 0.0126086 
0.17155 0.0100945 2.02765e+06 0 0 1.71298e+06 1.12641 -9592.05 0 0.757669 0.905743 314670 0.620758 9592.05 0.0146935 
0.1752 0.00993428 2.0276e+06 0 0 1.74442e+06 1.14712 -10378.6 0 0.708038 0.878279 283176 0.558642 10378.6 0.016889 
0.17885 0.00976909 2.02755e+06 0 0 1.778e+06 1.16923 -10923.8 0 0.651465 0.843833 249550 0.492319 10923.8 0.0190783 
0.1825 0.00960396 2.0275e+06 0 0 1.8128e+06 1.19214 -11135.7 0 0.588224 0.80089 214697 0.423569 11135.7 0.0210831 
0.18615 0.00944437 2.02745e+06 0 0 1.84767e+06 1.2151 -10943.4 0 0.519249 0.747962 179782 0.354696 10943.4 0.022663 
0.1898 0.00929576 2.0274e+06 0 0 1.88126e+06 1.23723 -10319.3 0 0.446302 0.683967 146136 0.288322 10319.3 0.0235357 
0.19345 0.00916284 2.02735e+06 0 0 1.91227e+06 1.25765 -9297.6 0 0.372033 0.608862 115084 0.227063 9297.6 0.0234359 
0.1971 0.00904895 2.0273e+06 0 0 1.93956e+06 1.27563 -7979.72 0 0.299783 0.524406 87740.1 0.173117 7979.72 0.0222094 
0.20075 0.00895564 2.02725e+06 0 0 1.96244e+06 1.2907 -6517.17 0 0.23308 0.43465 64814.3 0.127886 6517.17 0.0199119 
0.2044 0.00888249 2.0272e+06 0 0 1.98069e+06 1.30274 -5073.96 0 0.174899 0.345559 46508.8 0.0917695 5073.96 0.0168429 
0.20805 0.00882749 2.02715e+06 0 0 1.9946e+06 1.31193 -3783.15 0 0.126991 0.263514 32546.3 0.0642208 3783.15 0.0134622 
0.2117 0.00878764 2.0271e+06 0 0 2.00478e+06 1.31866 -2719.54 0 0.0896168 0.193393 22315.5 0.0440343 2719.54 0.0102255 
0.21535 0.00875964 2.02705e+06 0 0 2.01199e+06 1.32343 -1899.14 0 0.0618012 0.137389 15062.4 0.0297228 1899.14 0.00744351 
0.219 0.00874045 2.027e+06 0 0 2.01695e+06 1.32672 -1297.67 0 0.0418746 0.0951223 10050.1 0.0198325 1297.67 0.00524113 
0.22265 0.00872755 2.02695e+06 0 0 2.0203e+06 1.32896 -872.9 0 0.0280103 0.0646014 6651.17 0.0131255 872.9 0.00360043 
0.2263 0.00871901 2.0269e+06 0 0 2.02252e+06 1.33045 -580.78 0 0.0185672 0.0432712 4376.98 0.00863778 580.78 0.00243022 
0.22995 0.00871343 2.02685e+06 0 0 2.02398e+06 1.33145 -383.546 0 0.0122311 0.0287066 2869.39 0.00566275 383.546 0.0016205 
0.2336 0.00870983 2.0268e+06 0 0 2.02492e+06 1.3321 -252.025 0 0.00802329 0.0189201 1876.26 0.0037029 252.025 0.00107167 
0.23725 0.00870754 2.02675e+06 0 0 2.02552e+06 1.33253 -165.053 0 0.00524828 0.0124153 1224.78 0.00241723 165.053 0.000704811 
0.2409 0.00870612 2.0267e+06 0 0 2.0259e+06 1.33281 -107.856 0 0.00342664 0.00812319 798.609 0.00157618 107.856 0.000461838 
0.24455 0.00870526 2.02665e+06 0 0 2.02613e+06 1.33299 -70.378 0 0.00223451 0.00530465 520.34 0.001027 70.378 0.000301895 
0.2482 0.00870478 2.0266e+06 0 0 2.02626e+06 1.33311 -45.8791 0 0.00145592 0.00345966 338.865 0.000668834 45.8791 0.000197028 
0.25185 0.00870454 2.02655e+06 0 0 2.02633e+06 1.33319 -29.8897 0 0.000948108 0.00225447 220.608 0.000435436 29.8897 0.000128454 
0.2555 0.00870446 2.0265e+06 0 0 2.02636e+06 1.33324 -19.4648 0 0.000617188 0.0014683 143.589 0.000283422 19.4648 8.36885e-05 
0.25915 0.00870449 2.02645e+06 0 0 2.02636e+06 1.33327 -12.6723 0 0.000401669 0.000955926 93.4442 0.000184449 12.6723 5.44987e-05 
0.2628 0.00870458 2.0264e+06 0 0 2.02634e+06 1.33329 -8.2487 0 0.000261362 0.000622191 60.8047 0.000120025 8.2487 3.54793e-05 
0.26645 0.00870471 2.02635e+06 0 0 2.02631e+06 1.33331 -5.36858 0 0.000170044 0.0004049 39.5627 7.80965e-05 5.36858 2.30926e-05 
0.2701 0.00870487 2.0263e+06 0 0 2.02627e+06 1.33332 -3.49378 0 0.000110621 0.000263462 25.7399 5.08117e-05 3.49378 1.50283e-05 
0.27375 0.00870505 2.02625e+06 0 0 2.02623e+06 1.33332 -2.27355 0 7.19582e-05 0.000171415 16.7458 3.30577e-05 2.27355 9.77918e-06 
0.2774 0.00870524 2.0262e+06 0 0 2.02619e+06 1.33333 -1.47942 0 4.68052e-05 0.000111518 10.8939 2.15061e-05 1.47942 6.363e-06 
0.28105 0.00870544 2.02615e+06 0 0 2.02614e+06 1.33333 -0.962636 0 3.04426e-05 7.2547e-05 7.08669 1.39905e-05 0.962636 4.13996e-06 
0.2847 0.00870565 2.0261e+06 0 0 2.0261e+06 1.33333 -0.626351 0 1.9799e-05 4.71921e-05 4.60983 9.10089e-06 0.626351 2.69345e-06 
0.28835 0.00870586 2.02605e+06 0 0 2.02605e+06 1.33333 -0.407531 0 1.2876e-05 3.06972e-05 2.99853 5.91995e-06 0.407531 1.75228e-06 
0.292 0.00870607 2.026e+06 0 0 2.026e+06 1.33333 -0.26515 0 8.37327e-06 1.99667e-05 1.95035 3.85064e-06 0.26515 1.13993e-06 
0.29565 0.00870628 2.02595e+06 0 0 2.02595e+06 1.33333 -0.172508 0 5.44478e-06 1.29865e-05 1.26852 2.50454e-06 0.172508 7.41545e-07 
0.2993 0.00870649 2.0259e+06 0 0 2.0259e+06 1.33333 -0.112231 0 3.54028e-06 8.44614e-06 0.825012 1.62893e-06 0.112231 4.82369e-07 
0.30295 0.00870671 2.02585e+06 0 0 2.02585e+06 1.33333 -0.0730139 0 2.30177e-06 5.49288e-06 0.536538 1.05938e-06 0.0730139 3.13765e-07 
0.3066 0.00870692 2.0258e+06 0 0 2.0258e+06 1.33333 -0.047499 0 1.49641e-06 3.57203e-06 0.348911 6.88936e-07 0.047499 2.04085e-07 
0.31025 0.00870714 2.02575e+06 0 0 2.02575e+06 1.33333 -0.0308993 0 9.72731e-07 2.32275e-06 0.226883 4.47997e-07 0.0308993 1.32739e-07 
0.3139 0.00870735 2.0257e+06 0 0 2.0257e+06 1.33333 -0.0201001 0 6.3224e-07 1.51027e-06 0.147521 2.91298e-07 0.0201001 8.63315e-08 
0.31755 0.00870757 2.02565e+06 0 0 2.02565e+06 1.33333 -0.0130747 0 4.10867e-07 9.81896e-07 0.0959101 1.89391e-07 0.0130747 5.61459e-08 
0.3212 0.00870778 2.0256e+06 0 0 2.0256e+06 1.33333 -0.00850446 0 2.66949e-07 6.38302e-07 0.0623484 1.23121e-07 0.00850447 3.65128e-08 
0.32485 0.00870799 2.02555e+06 0 0 2.02555e+06 1.33333 -0.00553154 0 1.73391e-07 4.14878e-07 0.0405247 8.0027e-08 0.00553154 2.37439e-08 
0.3285 0.00870821 2.0255e+06 0 0 2.0255e+06 1.33333 -0.00359772 0 1.12575e-07 2.69604e-07 0.0263345 5.20059e-08 0.00359772 1.54395e-08 
0.33215 0.00870842 2.02545e+06 0 0 2.02545e+06 1.33333 -0.00233987 0 7.30456e-08 1.75149e-07 0.0171083 3.37866e-08 0.00233987 1.00391e-08 
0.3358 0.00870864 2.0254e+06 0 0 2.0254e+06 1.33333 -0.00152174 0 4.7354e-08 1.1374e-07 0.01111 2.19413e-08 0.00152174 6.52727e-09 
0.33945 0.00870885 2.02535e+06 0 0 2.02535e+06 1.33333 -0.000989667 0 3.06562e-08 7.3819e-08 0.00721053 1.42406e-08 0.000989669 4.24388e-09 
0.3431 0.00870907 2.0253e+06 0 0 2.0253e+06 1.33333 -0.000643698 0 1.98057e-08 4.78704e-08 0.00467591 9.23499e-09 0.000643701 2.75938e-09 
0.34675 0.00870928 2.02525e+06 0 0 2.02525e+06 1.33333 -0.000418863 0 1.27563e-08 3.10095e-08 0.00302896 5.9824e-09 0.000418865 1.79468e-09 
0.3504 0.0087095 2.0252e+06 0 0 2.0252e+06 1.33333 -0.000272994 0 8.17535e-09 2.00646e-08 0.00195988 3.87098e-09 0.000272999 1.16896e-09 
0.35405 0.00870971 2.02515e+06 0 0 2.02515e+06 1.33333 -0.000178857 0 5.20622e-09 1.29849e-08 0.00126835 2.50519e-09 0.000178858 7.64796e-10 
0.3577 0.00870993 2.0251e+06 0 0 2.0251e+06 1.33333 -0.000119119 0 3.28297e-09 8.46035e-09 0.000826394 1.6323e-09 0.000119121 5.09032e-10 
0.36135 0.00871015 2.02505e+06 0 0 2.02505e+06 1.33333 -8.32519e-05 0 2.05695e-09 5.69609e-09 0.000556385 1.099e-09 8.32556e-05 3.57818e-10 
0.365 0.00871036 2.025e+06 0 0 2.025e+06 1.33333 -6.58205e-05 0 1.31779e-09 4.30069e-09 0.000420085 8.29797e-10 6.58227e-05 2.93417e-10 


0 0.0112 2.03e+06 0 0 1.5225e+06 1 0 0 1.01407 1.01407 507500 1 0 2.18578e-08 
0.00365 0.0112003 2.02995e+06 0 0 1.52246e+06 1 -0.0534542 0 1.01407 1.01407 507487 0.999999 0.0534542 1.04403e-07 
0.0073 0.0112005 2.0299e+06 0 0 1.52243e+06 1 -0.130571 0 1.01406 1.01406 507473 0.999996 0.130571 2.19154e-07 
0.01095 0.0112008 2.02985e+06 0 0 1.52239e+06 1 -0.238413 0 1.01406 1.01406 507459 0.999993 0.238413 3.75135e-07 
0.0146 0.0112011 2.0298e+06 0 0 1.52236e+06 1 -0.385834 0 1.01405 1.01405 507445 0.999989 0.385834 5.83587e-07 
0.01825 0.0112013 2.02975e+06 0 0 1.52232e+06 1.00001 -0.583903 0 1.01404 1.01405 507429 0.999984 0.583903 8.58491e-07 
0.0219 0.0112016 2.0297e+06 0 0 1.52229e+06 1.00001 -0.84642 0 1.01403 1.01404 507413 0.999977 0.84642 1.21715e-06 
0.02555 0.0112018 2.02965e+06 0 0 1.52225e+06 1.00001 -1.19056 0 1.01402 1.01403 507396 0.999967 1.19056 1.68095e-06 
0.0292 0.011202 2.0296e+06 0 0 1.52222e+06 1.00002 -1.63766 0 1.014 1.01403 507377 0.999954 1.63766 2.27628e-06 
0.03285 0.0112023 2.02955e+06 0 0 1.52219e+06 1.00002 -2.21419 0 1.01399 1.01402 507356 0.999938 2.21419 3.03574e-06 
0.0365 0.0112025 2.0295e+06 0 0 1.52217e+06 1.00003 -2.95298 0 1.01397 1.01401 507333 0.999917 2.95298 3.99962e-06 
0.04015 0.0112027 2.02945e+06 0 0 1.52214e+06 1.00004 -3.89469 0 1.01395 1.014 507307 0.999891 3.89469 5.21774e-06 
0.0438 0.0112028 2.0294e+06 0 0 1.52212e+06 1.00005 -5.08967 0 1.01392 1.01399 507277 0.999857 5.08967 6.75166e-06 
0.04745 0.011203 2.02935e+06 0 0 1.52211e+06 1.00006 -6.60022 0 1.01389 1.01397 507243 0.999813 6.60022 8.67743e-06 
0.0511 0.011203 2.0293e+06 0 0 1.5221e+06 1.00008 -8.50339 0 1.01385 1.01396 507203 0.999759 8.50339 1.1089e-05 
0.05475 0.0112031 2.02925e+06 0 0 1.52209e+06 1.0001 -10.8944 0 1.0138 1.01394 507155 0.99969 10.8944 1.41024e-05 
0.0584 0.0112031 2.0292e+06 0 0 1.5221e+06 1.00013 -13.8911 0 1.01374 1.01392 507099 0.999604 13.8911 1.78608e-05 
0.06205 0.011203 2.02915e+06 0 0 1.52212e+06 1.00017 -17.639 0 1.01367 1.01389 507032 0.999497 17.639 2.25412e-05 
0.0657 0.0112028 2.0291e+06 0 0 1.52215e+06 1.00021 -22.3177 0 1.01357 1.01386 506951 0.999362 22.3177 2.83618e-05 
0.06935 0.0112025 2.02905e+06 0 0 1.5222e+06 1.00027 -28.1493 0 1.01346 1.01382 506853 0.999193 28.1493 3.5592e-05 
0.073 0.0112021 2.029e+06 0 0 1.52227e+06 1.00034 -35.4078 0 1.01333 1.01378 506734 0.998983 35.4078 4.45642e-05 
0.07665 0.0112015 2.02895e+06 0 0 1.52236e+06 1.00043 -44.4314 0 1.01316 1.01372 506589 0.998722 44.4314 5.56883e-05 
0.0803 0.0112007 2.0289e+06 0 0 1.52249e+06 1.00053 -55.6375 0 1.01295 1.01365 506412 0.998397 55.6375 6.94699e-05 
0.08395 0.0111997 2.02885e+06 0 0 1.52266e+06 1.00067 -69.5406 0 1.01269 1.01356 506194 0.997993 69.5406 8.65322e-05 
0.0876 0.0111983 2.0288e+06 0 0 1.52287e+06 1.00084 -86.7752 0 1.01238 1.01346 505928 0.997492 86.7752 0.000107643 
0.09125 0.0111965 2.02875e+06 0 0 1.52315e+06 1.00104 -108.123 0 1.01198 1.01333 505600 0.99687 108.123 0.000133748 
0.0949 0.0111942 2.0287e+06 0 0 1.5235e+06 1.0013 -134.544 0 1.0115 1.01317 505196 0.996099 134.544 0.00016601 
0.09855 0.0111913 2.02865e+06 0 0 1.52395e+06 1.00162 -167.222 0 1.01091 1.01298 504700 0.995144 167.222 0.00020586 
0.1022 0.0111877 2.0286e+06 0 0 1.52451e+06 1.00201 -207.607 0 1.01017 1.01274 504088 0.993963 207.607 0.000255055 
0.10585 0.0111831 2.02855e+06 0 0 1.52522e+06 1.0025 -257.477 0 1.00926 1.01244 503335 0.992501 257.477 0.00031575 
0.1095 0.0111775 2.0285e+06 0 0 1.52609e+06 1.0031 -319.006 0 1.00814 1.01207 502406 0.990694 319.006 0.000390584 
0.11315 0.0111704 2.02845e+06 0 0 1.52719e+06 1.00385 -394.842 0 1.00676 1.01162 501261 0.988462 394.842 0.000482784 
0.1168 0.0111616 2.0284e+06 0 0 1.52855e+06 1.00476 -488.201 0 1.00505 1.01106 499851 0.985706 488.201 0.000596285 
0.12045 0.0111508 2.02835e+06 0 0 1.53023e+06 1.0059 -602.964 0 1.00295 1.01036 498115 0.982306 602.964 0.000735873 
0.1241 0.0111373 2.0283e+06 0 0 1.53232e+06 1.0073 -743.79 0 1.00036 1.0095 495978 0.978115 743.79 0.000907349 
0.12775 0.0111208 2.02825e+06 0 0 1.5349e+06 1.00901 -916.216 0 0.997176 1.00843 493349 0.972956 916.216 0.00111771 
0.1314 0.0111005 2.0282e+06 0 0 1.53808e+06 1.01113 -1126.75 0 0.993257 1.0071 490121 0.966612 1126.75 0.00137537 
0.13505 0.0110756 2.02815e+06 0 0 1.54199e+06 1.01372 -1382.92 0 0.988442 1.00546 486161 0.958826 1382.92 0.00169035 
0.1387 0.0110452 2.0281e+06 0 0 1.54679e+06 1.0169 -1693.25 0 0.982532 1.00342 481313 0.949289 1693.25 0.0020745 
0.14235 0.0110083 2.02805e+06 0 0 1.55266e+06 1.02079 -2067.11 0 0.97529 1.00088 475393 0.937635 2067.11 0.00254169 
0.146 0.0109637 2.028e+06 0 0 1.55981e+06 1.02552 -2514.33 0 0.966428 0.997722 468185 0.923442 2514.33 0.00310794 
0.14965 0.01091 2.02795e+06 0 0 1.56851e+06 1.03126 -3044.55 0 0.95561 0.993787 459444 0.906223 3044.55 0.00379137 
0.1533 0.0108459 2.0279e+06 0 0 1.579e+06 1.03819 -3666.1 0 0.942434 0.988877 448895 0.885438 3666.1 0.00461199 
0.15695 0.01077 2.02785e+06 0 0 1.59161e+06 1.0465 -4384.33 0 0.926438 0.982743 436242 0.860501 4384.33 0.00559107 
0.1606 0.0106812 2.0278e+06 0 0 1.60662e+06 1.0564 -5199.21 0 0.907089 0.975069 421178 0.830807 5199.21 0.00674989 
0.16425 0.0105783 2.02775e+06 0 0 1.62434e+06 1.06807 -6102.3 0 0.883792 0.965453 403409 0.795777 6102.3 0.00810765 
0.1679 0.010461 2.0277e+06 0 0 1.64501e+06 1.08169 -7073.16 0 0.855896 0.953384 382686 0.754917 7073.16 0.009678 
0.17155 0.0103295 2.02765e+06 0 0 1.6688e+06 1.09736 -8075.7 0 0.822724 0.938216 358846 0.707905 8075.7 0.0114638 
0.1752 0.010185 2.0276e+06 0 0 1.69573e+06 1.1151 -9055.39 0 0.783615 0.919134 331868 0.654701 9055.39 0.0134493 
0.17885 0.0100296 2.02755e+06 0 0 1.72562e+06 1.13478 -9938.79 0 0.737999 0.895124 301931 0.595656 9938.79 0.0155902 
0.1825 0.00986673 2.0275e+06 0 0 1.75803e+06 1.15612 -10637 0 0.685506 0.864952 269471 0.531632 10637 0.0178001 
0.18615 0.00970094 2.02745e+06 0 0 1.79223e+06 1.17864 -11054.8 0 0.626118 0.827186 235218 0.464067 11054.8 0.0199381 
0.1898 0.00953744 2.0274e+06 0 0 1.82721e+06 1.20168 -11106.2 0 0.560357 0.78029 200192 0.394972 11106.2 0.0217995 
0.19345 0.00938176 2.02735e+06 0 0 1.86171e+06 1.2244 -10735.7 0 0.489482 0.722883 165641 0.326814 10735.7 0.0231221 
0.1971 0.00923913 2.0273e+06 0 0 1.89438e+06 1.24591 -9939.45 0 0.415626 0.654225 132918 0.262257 9939.45 0.0236214 
0.20075 0.00911377 2.02725e+06 0 0 1.92396e+06 1.2654 -8779.9 0 0.341764 0.574925 103286 0.203795 8779.9 0.0230651 
0.2044 0.00900831 2.0272e+06 0 0 1.94949e+06 1.28222 -7382.49 0 0.271394 0.487666 77711.7 0.153338 7382.49 0.0213757 
0.20805 0.00892347 2.02715e+06 0 0 1.97045e+06 1.29604 -5909.26 0 0.20791 0.397402 56701.1 0.111883 5909.26 0.0187117 
0.2117 0.00885813 2.0271e+06 0 0 1.98685e+06 1.30686 -4516.15 0 0.153843 0.3105 40247.2 0.0794184 4516.15 0.0154552 
0.21535 0.00880978 2.02705e+06 0 0 1.99914e+06 1.31497 -3313.95 0 0.110333 0.232934 27912.8 0.0550807 3313.95 0.0120855 
0.219 0.00877522 2.027e+06 0 0 2.00799e+06 1.32083 -2351.83 0 0.0770752 0.168542 19005.1 0.037504 2351.83 0.00901019 
0.22265 0.0087512 2.02695e+06 0 0 2.01419e+06 1.32494 -1626.37 0 0.0527362 0.118375 12761.6 0.0251839 1626.37 0.00646241 
0.2263 0.00873488 2.0269e+06 0 0 2.01842e+06 1.32775 -1103.42 0 0.0355263 0.0812513 8483.57 0.016742 1103.42 0.0045 
0.22995 0.00872397 2.02685e+06 0 0 2.02125e+06 1.32965 -738.542 0 0.0236668 0.054837 5600.12 0.0110519 738.542 0.00306672 
0.2336 0.0087168 2.0268e+06 0 0 2.02312e+06 1.33091 -489.712 0 0.0156439 0.0365709 3678.96 0.00726064 489.712 0.00205851 
0.23725 0.00871213 2.02675e+06 0 0 2.02434e+06 1.33175 -322.665 0 0.0102859 0.0241896 2409.05 0.00475451 322.665 0.00136747 
0.2409 0.00870914 2.0267e+06 0 0 2.02513e+06 1.3323 -211.7 0 0.00673896 0.0159115 1574.08 0.00310669 211.7 0.000902063 
0.24455 0.00870725 2.02665e+06 0 0 2.02562e+06 1.33266 -138.506 0 0.00440462 0.0104275 1027.04 0.00202707 138.506 0.00059228 
0.2482 0.00870609 2.0266e+06 0 0 2.02593e+06 1.33289 -90.4511 0 0.00287436 0.00681684 669.48 0.00132139 90.4511 0.000387681 
0.25185 0.00870541 2.02655e+06 0 0 2.02611e+06 1.33305 -58.9969 0 0.00187379 0.00444919 436.13 0.000860833 58.9969 0.000253244 
0.2555 0.00870504 2.0265e+06 0 0 2.02622e+06 1.33315 -38.4501 0 0.00122068 0.00290078 283.998 0.000560568 38.4501 0.000165204 
0.25915 0.00870488 2.02645e+06 0 0 2.02626e+06 1.33321 -25.0459 0 0.000794846 0.00188992 184.881 0.000364937 25.0459 0.000107677 
0.2628 0.00870484 2.0264e+06 0 0 2.02628e+06 1.33325 -16.309 0 0.000517405 0.00123074 120.335 0.000237534 16.309 7.01412e-05 
0.26645 0.0087049 2.02635e+06 0 0 2.02627e+06 1.33328 -10.6174 0 0.000336734 0.00080123 78.3127 0.000154589 10.6174 4.56727e-05 
0.2701 0.00870501 2.0263e+06 0 0 2.02625e+06 1.3333 -6.911 0 0.000219118 0.000521501 50.9605 0.000100598 6.911 2.97324e-05 
0.27375 0.00870515 2.02625e+06 0 0 2.02622e+06 1.33331 -4.49799 0 0.000142569 0.000339382 33.1593 6.54594e-05 4.49799 1.93521e-05 
0.2774 0.00870532 2.0262e+06 0 0 2.02618e+06 1.33332 -2.92729 0 9.27542e-05 0.000220841 21.5751 4.25923e-05 2.92729 1.25943e-05 
0.28105 0.00870551 2.02615e+06 0 0 2.02614e+06 1.33332 -1.90497 0 6.03413e-05 0.000143693 14.0373 2.77122e-05 1.90497 8.19565e-06 
0.2847 0.00870571 2.0261e+06 0 0 2.02609e+06 1.33333 -1.23964 0 3.92528e-05 9.34898e-05 9.13262 1.80299e-05 1.23964 5.33292e-06 
0.28835 0.00870591 2.02605e+06 0 0 2.02604e+06 1.33333 -0.806651 0 2.55332e-05 6.08236e-05 5.94144 1.17301e-05 0.806651 3.46997e-06 
0.292 0.00870612 2.026e+06 0 0 2.026e+06 1.33333 -0.524886 0 1.6608e-05 3.95695e-05 3.8652 7.6312e-06 0.524886 2.25771e-06 
0.29565 0.00870633 2.02595e+06 0 0 2.02595e+06 1.33333 -0.341534 0 1.08021e-05 2.57413e-05 2.51442 4.96442e-06 0.341534 1.46891e-06 
0.2993 0.00870654 2.0259e+06 0 0 2.0259e+06 1.33333 -0.222224 0 7.02551e-06 1.67449e-05 1.63564 3.22945e-06 0.222224 9.55664e-07 
0.30295 0.00870675 2.02585e+06 0 0 2.02585e+06 1.33333 -0.14459 0 4.56902e-06 1.08922e-05 1.06394 2.10073e-06 0.14459 6.21731e-07 
0.3066 0.00870696 2.0258e+06 0 0 2.0258e+06 1.33333 -0.0940752 0 2.97127e-06 7.08484e-06 0.69204 1.36645e-06 0.0940752 4.04469e-07 
0.31025 0.00870718 2.02575e+06 0 0 2.02575e+06 1.33333 -0.061207 0 1.9321e-06 4.60811e-06 0.450115 8.88787e-07 0.061207 2.6312e-07 
0.3139 0.00870739 2.0257e+06 0 0 2.0257e+06 1.33333 -0.0398213 0 1.25627e-06 2.99704e-06 0.292747 5.78065e-07 0.0398213 1.71161e-07 
0.31755 0.00870761 2.02565e+06 0 0 2.02565e+06 1.33333 -0.025907 0 8.16754e-07 1.9491e-06 0.190385 3.75949e-07 0.025907 1.11338e-07 
0.3212 0.00870782 2.0256e+06 0 0 2.0256e+06 1.33333 -0.0168541 0 5.30939e-07 1.26749e-06 0.123806 2.44483e-07 0.0168541 7.24209e-08 
0.32485 0.00870804 2.02555e+06 0 0 2.02555e+06 1.33333 -0.0109643 0 3.45083e-07 8.2416e-07 0.0805027 1.58975e-07 0.0109643 4.7105e-08 
0.3285 0.00870825 2.0255e+06 0 0 2.0255e+06 1.33333 -0.00713256 0 2.24234e-07 5.35831e-07 0.0523391 1.0336e-07 0.00713256 3.06375e-08 
0.33215 0.00870847 2.02545e+06 0 0 2.02545e+06 1.33333 -0.00463975 0 1.45659e-07 3.48316e-07 0.034023 6.7191e-08 0.00463976 1.99261e-08 
0.3358 0.00870868 2.0254e+06 0 0 2.0254e+06 1.33333 -0.00301812 0 9.45738e-08 2.26374e-07 0.0221119 4.36692e-08 0.00301812 1.29591e-08 
0.33945 0.0087089 2.02535e+06 0 0 2.02535e+06 1.33333 -0.00196328 0 6.13625e-08 1.47081e-07 0.0143666 2.83736e-08 0.00196329 8.42813e-09 
0.3431 0.00870911 2.0253e+06 0 0 2.0253e+06 1.33333 -0.00127727 0 3.9775e-08 9.55282e-08 0.00933105 1.8429e-08 0.00127728 5.48185e-09 
0.34675 0.00870933 2.02525e+06 0 0 2.02525e+06 1.33333 -0.000831372 0 2.57479e-08 6.20263e-08 0.00605863 1.19662e-08 0.000831374 3.56701e-09 
0.3504 0.00870954 2.0252e+06 0 0 2.0252e+06 1.33333 -0.000542016 0 1.66403e-08 4.02836e-08 0.00393484 7.77177e-09 0.000542019 2.32468e-09 
0.35405 0.00870976 2.02515e+06 0 0 2.02515e+06 1.33333 -0.000355199 0 1.07482e-08 2.62338e-08 0.00256248 5.06131e-09 0.000355204 1.52257e-09 
0.3577 0.00870997 2.0251e+06 0 0 2.0251e+06 1.33333 -0.000236529 0 6.97258e-09 1.72832e-08 0.0016882 3.33455e-09 0.000236531 1.01376e-09 
0.36135 0.00871019 2.02505e+06 0 0 2.02505e+06 1.33333 -0.000165061 0 4.64284e-09 1.18564e-08 0.00115812 2.28758e-09 0.000165062 7.09275e-10 
0.365 0.0087104 2.025e+06 0 0 2.025e+06 1.33333 -0.000130028 0 3.4019e-09 9.15979e-09 0.000894714 1.76734e-09 0.000130031 5.66232e-10 


0 0.0112 2.03e+06 0 0 1.5225e+06 1 0 0 1.01407 1.01407 507500 1 0 1.33239e-08 
0.00365 0.0112003 2.02995e+06 0 0 1.52246e+06 1 -0.0371897 0 1.01407 1.01407 507487 0.999999 0.0371897 7.03658e-08 
0.0073 0.0112005 2.0299e+06 0 0 1.52243e+06 1 -0.0909735 0 1.01406 1.01406 507474 0.999998 0.0909735 1.50029e-07 
0.01095 0.0112008 2.02985e+06 0 0 1.52239e+06 1 -0.16635 0 1.01406 1.01406 507460 0.999995 0.16635 2.58712e-07 
0.0146 0.0112011 2.0298e+06 0 0 1.52235e+06 1 -0.269592 0 1.01405 1.01405 507446 0.999993 0.269592 4.04393e-07 
0.01825 0.0112013 2.02975e+06 0 0 1.52232e+06 1 -0.408551 0 1.01404 1.01405 507432 0.999989 0.408551 5.96999e-07 
0.0219 0.0112016 2.0297e+06 0 0 1.52228e+06 1.00001 -0.593026 0 1.01403 1.01404 507417 0.999984 0.593026 8.48838e-07 
0.02555 0.0112019 2.02965e+06 0 0 1.52225e+06 1.00001 -0.835222 0 1.01402 1.01404 507401 0.999977 0.835222 1.17513e-06 
0.0292 0.0112021 2.0296e+06 0 0 1.52222e+06 1.00001 -1.15032 0 1.01401 1.01403 507384 0.999968 1.15032 1.59467e-06 
0.03285 0.0112023 2.02955e+06 0 0 1.52218e+06 1.00001 -1.55716 0 1.014 1.01402 507365 0.999956 1.55716 2.13072e-06 
0.0365 0.0112026 2.0295e+06 0 0 1.52215e+06 1.00002 -2.07913 0 1.01399 1.01401 507345 0.999942 2.07913 2.81203e-06 
0.04015 0.0112028 2.02945e+06 0 0 1.52213e+06 1.00003 -2.74521 0 1.01397 1.01401 507323 0.999923 2.74521 3.67414e-06 
0.0438 0.011203 2.0294e+06 0 0 1.5221e+06 1.00003 -3.5913 0 1.01395 1.014 507299 0.999899 3.5913 4.76101e-06 
0.04745 0.0112031 2.02935e+06 0 0 1.52208e+06 1.00004 -4.66185 0 1.01392 1.01399 507271 0.999868 4.66185 6.12697e-06 
0.0511 0.0112033 2.0293e+06 0 0 1.52206e+06 1.00006 -6.01184 0 1.01389 1.01397 507239 0.99983 6.01184 7.83913e-06 
0.05475 0.0112034 2.02925e+06 0 0 1.52205e+06 1.00007 -7.7093 0 1.01386 1.01396 507201 0.999781 7.7093 9.98041e-06 
0.0584 0.0112035 2.0292e+06 0 0 1.52204e+06 1.00009 -9.83832 0 1.01381 1.01394 507158 0.99972 9.83832 1.26532e-05 
0.06205 0.0112035 2.02915e+06 0 0 1.52204e+06 1.00012 -12.5029 0 1.01376 1.01392 507106 0.999643 12.5029 1.5984e-05 
0.0657 0.0112034 2.0291e+06 0 0 1.52205e+06 1.00015 -15.8314 0 1.01369 1.0139 507045 0.999547 15.8314 2.01289e-05 
0.06935 0.0112033 2.02905e+06 0 0 1.52208e+06 1.00019 -19.9826 0 1.01361 1.01387 506972 0.999427 19.9826 2.52807e-05 
0.073 0.0112031 2.029e+06 0 0 1.52212e+06 1.00024 -25.1525 0 1.01352 1.01383 506884 0.999278 25.1525 3.16773e-05 
0.07665 0.0112028 2.02895e+06 0 0 1.52217e+06 1.0003 -31.5831 0 1.01339 1.01379 506777 0.999092 31.5831 3.96123e-05 
0.0803 0.0112023 2.0289e+06 0 0 1.52225e+06 1.00038 -39.5733 0 1.01324 1.01374 506647 0.99886 39.5733 4.94481e-05 
0.08395 0.0112016 2.02885e+06 0 0 1.52236e+06 1.00048 -49.4916 0 1.01306 1.01368 506488 0.998572 49.4916 6.16313e-05 
0.0876 0.0112007 2.0288e+06 0 0 1.52251e+06 1.0006 -61.7931 0 1.01283 1.0136 506294 0.998214 61.7931 7.67129e-05 
0.09125 0.0111995 2.02875e+06 0 0 1.52269e+06 1.00074 -77.0385 0 1.01255 1.01351 506057 0.997771 77.0385 9.5372e-05 
0.0949 0.0111979 2.0287e+06 0 0 1.52293e+06 1.00093 -95.9189 0 1.0122 1.0134 505765 0.997221 95.9189 0.000118445 
0.09855 0.0111959 2.02865e+06 0 0 1.52324e+06 1.00115 -119.285 0 1.01178 1.01326 505407 0.996539 119.285 0.000146962 
0.1022 0.0111934 2.0286e+06 0 0 1.52363e+06 1.00144 -148.184 0 1.01125 1.01308 504967 0.995695 148.184 0.000182189 
0.10585 0.0111903 2.02855e+06 0 0 1.52413e+06 1.00178 -183.903 0 1.0106 1.01287 504424 0.99465 183.903 0.000225683 
0.1095 0.0111863 2.0285e+06 0 0 1.52474e+06 1.00221 -228.017 0 1.00979 1.01261 503756 0.993357 228.017 0.000279356 
0.11315 0.0111813 2.02845e+06 0 0 1.52552e+06 1.00275 -282.461 0 1.0088 1.01228 502934 0.991759 282.461 0.000345551 
0.1168 0.011175 2.0284e+06 0 0 1.52648e+06 1.00341 -349.591 0 1.00758 1.01188 501920 0.989785 349.591 0.000427136 
0.12045 0.0111673 2.02835e+06 0 0 1.52768e+06 1.00422 -432.278 0 1.00607 1.01138 500671 0.987347 432.278 0.000527613 
0.1241 0.0111577 2.0283e+06 0 0 1.52917e+06 1.00522 -533.999 0 1.00421 1.01077 499133 0.984338 533.999 0.00065125 
0.12775 0.0111458 2.02825e+06 0 0 1.53101e+06 1.00646 -658.941 0 1.00192 1.01001 497240 0.980629 658.941 0.00080323 
0.1314 0.0111312 2.0282e+06 0 0 1.53329e+06 1.00798 -812.113 0 0.9991 1.00906 494911 0.976059 812.113 0.000989824 
0.13505 0.0111132 2.02815e+06 0 0 1.5361e+06 1.00985 -999.441 0 0.995628 1.0079 492048 0.970437 999.441 0.00121859 
0.1387 0.0110911 2.0281e+06 0 0 1.53957e+06 1.01216 -1227.85 0 0.991361 1.00645 488534 0.96353 1227.85 0.00149856 
0.14235 0.011064 2.02805e+06 0 0 1.54382e+06 1.01498 -1505.29 0 0.98612 1.00465 484227 0.955059 1505.29 0.00184051 
0.146 0.0110311 2.028e+06 0 0 1.54904e+06 1.01844 -1840.64 0 0.979691 1.00242 478960 0.944694 1840.64 0.00225709 
0.14965 0.0109911 2.02795e+06 0 0 1.55541e+06 1.02265 -2243.54 0 0.971817 0.999638 472535 0.932045 2243.54 0.00276305 
0.1533 0.0109429 2.0279e+06 0 0 1.56317e+06 1.02778 -2723.83 0 0.962192 0.996179 464725 0.916663 2723.83 0.00337528 
0.15695 0.0108851 2.02785e+06 0 0 1.57258e+06 1.03399 -3290.78 0 0.950453 0.991866 455272 0.89804 3290.78 0.00411274 
0.1606 0.0108163 2.0278e+06 0 0 1.58391e+06 1.04146 -3951.71 0 0.936173 0.986484 443892 0.875613 3951.71 0.00499604 
0.16425 0.0107352 2.02775e+06 0 0 1.59747e+06 1.05041 -4710.07 0 0.918862 0.979756 430281 0.848784 4710.07 0.00604667 
0.1679 0.0106407 2.0277e+06 0 0 1.61356e+06 1.06101 -5562.78 0 0.897959 0.971334 414135 0.816955 5562.78 0.00728534 
0.17155 0.0105319 2.02765e+06 0 0 1.63248e+06 1.07348 -6496.89 0 0.872845 0.960773 395175 0.779572 6496.89 0.00872949 
0.1752 0.0104087 2.0276e+06 0 0 1.65442e+06 1.08793 -7485.92 0 0.842854 0.947511 373180 0.7362 7485.92 0.0103891 
0.17885 0.0102716 2.02755e+06 0 0 1.67951e+06 1.10446 -8486.41 0 0.807309 0.930835 348039 0.686621 8486.41 0.0122603 
0.1825 0.0101223 2.0275e+06 0 0 1.70769e+06 1.12302 -9435.93 0 0.765577 0.909852 319808 0.63094 9435.93 0.0143171 
0.18615 0.00996331 2.02745e+06 0 0 1.73869e+06 1.14343 -10253.9 0 0.717152 0.883459 288764 0.569709 10253.9 0.0164995 
0.1898 0.00979868 2.0274e+06 0 0 1.77194e+06 1.16533 -10847.5 0 0.661791 0.850334 255463 0.504021 10847.5 0.0187 
0.19345 0.00963318 2.02735e+06 0 0 1.80659e+06 1.18815 -11123 0 0.599674 0.808982 220757 0.435558 11123 0.0207518 
0.1971 0.00947225 2.0273e+06 0 0 1.84153e+06 1.21115 -11004.3 0 0.531604 0.757891 185771 0.366539 11004.3 0.0224246 
0.20075 0.00932138 2.02725e+06 0 0 1.87543e+06 1.23348 -10454.8 0 0.459192 0.695871 151817 0.299552 10454.8 0.0234407 
0.2044 0.00918546 2.0272e+06 0 0 1.90697e+06 1.25425 -9497.21 0 0.384937 0.622643 120234 0.237241 9497.21 0.0235259 
0.20805 0.0090681 2.02715e+06 0 0 1.93496e+06 1.2727 -8221.52 0 0.312086 0.539602 92187.2 0.181905 8221.52 0.0224989 
0.2117 0.00897119 2.0271e+06 0 0 1.95863e+06 1.2883 -6772.74 0 0.244184 0.450396 68468.5 0.135106 6772.74 0.0203737 
0.21535 0.00889463 2.02705e+06 0 0 1.97768e+06 1.30086 -5315.86 0 0.184355 0.360732 49370.2 0.0974227 5315.86 0.0174099 
0.219 0.00883667 2.027e+06 0 0 1.99231e+06 1.31051 -3991.87 0 0.134598 0.277058 34690.7 0.0684572 3991.87 0.0140497 
0.22265 0.00879441 2.02695e+06 0 0 2.00309e+06 1.31764 -2886.47 0 0.0954286 0.204632 23863.7 0.0470928 2886.47 0.0107615 
0.2263 0.00876458 2.0269e+06 0 0 2.01075e+06 1.32271 -2024.91 0 0.0660527 0.146138 16147.4 0.0318662 2024.91 0.00788714 
0.22995 0.00874405 2.02685e+06 0 0 2.01606e+06 1.32623 -1388.28 0 0.0448805 0.101592 10793.6 0.0213013 1388.28 0.00558248 
0.2336 0.00873021 2.0268e+06 0 0 2.01965e+06 1.32863 -936.094 0 0.0300821 0.069203 7152.48 0.0141158 936.094 0.00384956 
0.23725 0.00872102 2.02675e+06 0 0 2.02204e+06 1.33023 -623.87 0 0.0199694 0.0464532 4711.16 0.00929797 623.87 0.0026054 
0.2409 0.008715 2.0267e+06 0 0 2.02361e+06 1.3313 -412.477 0 0.0131683 0.030864 3090.45 0.00609948 412.477 0.00174056 
0.24455 0.0087111 2.02665e+06 0 0 2.02463e+06 1.332 -271.25 0 0.00864437 0.0203634 2021.74 0.00399031 271.25 0.00115256 
0.2482 0.00870862 2.0266e+06 0 0 2.02528e+06 1.33246 -177.74 0 0.00565753 0.0133722 1320.19 0.00260572 177.74 0.000758676 
0.25185 0.00870707 2.02655e+06 0 0 2.02569e+06 1.33277 -116.191 0 0.0036953 0.00875383 861.043 0.00169953 116.191 0.000497438 
0.2555 0.00870614 2.0265e+06 0 0 2.02594e+06 1.33296 -75.8372 0 0.00241045 0.00571866 561.137 0.0011076 75.8372 0.000325307 
0.25915 0.0087056 2.02645e+06 0 0 2.02608e+06 1.33309 -49.4481 0 0.00157097 0.00373077 365.498 0.000721454 49.4481 0.000212375 
0.2628 0.00870533 2.0264e+06 0 0 2.02616e+06 1.33318 -32.22 0 0.00102326 0.00243171 237.985 0.00046977 32.22 0.000138493 
0.26645 0.00870522 2.02635e+06 0 0 2.02619e+06 1.33323 -20.9851 0 0.000666247 0.00158405 154.923 0.000305816 20.9851 9.02467e-05 
0.2701 0.00870523 2.0263e+06 0 0 2.0262e+06 1.33327 -13.6637 0 0.000433684 0.00103147 100.835 0.000199053 13.6637 5.87793e-05 
0.27375 0.00870531 2.02625e+06 0 0 2.02618e+06 1.33329 -8.89499 0 0.000282251 0.000671478 65.6239 0.000129547 8.89499 3.82717e-05 
0.2774 0.00870544 2.0262e+06 0 0 2.02616e+06 1.33331 -5.78982 0 0.000183672 0.000437048 42.705 8.43056e-05 5.78982 2.49138e-05 
0.28105 0.0087056 2.02615e+06 0 0 2.02612e+06 1.33332 -3.76832 0 0.000119512 0.000284429 27.7888 5.48604e-05 3.76832 1.62158e-05 
0.2847 0.00870577 2.0261e+06 0 0 2.02608e+06 1.33332 -2.45246 0 7.77588e-05 0.000185089 18.0818 3.56978e-05 2.45246 1.05534e-05 
0.28835 0.00870596 2.02605e+06 0 0 2.02604e+06 1.33333 -1.59602 0 5.05899e-05 0.000120437 11.7652 2.32278e-05 1.59602 6.86778e-06 
0.292 0.00870616 2.026e+06 0 0 2.02599e+06 1.33333 -1.03863 0 3.29122e-05 7.83636e-05 7.65491 1.51133e-05 1.03863 4.46907e-06 
0.29565 0.00870637 2.02595e+06 0 0 2.02594e+06 1.33333 -0.675882 0 2.14107e-05 5.09861e-05 4.98045 9.83331e-06 0.675882 2.90804e-06 
0.2993 0.00870658 2.0259e+06 0 0 2.0259e+06 1.33333 -0.439815 0 1.3928e-05 3.31721e-05 3.24028 6.39772e-06 0.439815 1.8922e-06 
0.30295 0.00870679 2.02585e+06 0 0 2.02585e+06 1.33333 -0.286194 0 9.05992e-06 2.15813e-05 2.10807 4.16234e-06 0.286194 1.23118e-06 
0.3066 0.008707 2.0258e+06 0 0 2.0258e+06 1.33333 -0.186227 0 5.89307e-06 1.404e-05 1.37142 2.70792e-06 0.186227 8.01059e-07 
0.31025 0.00870721 2.02575e+06 0 0 2.02575e+06 1.33333 -0.121176 0 3.83298e-06 9.1336e-06 0.892163 1.76164e-06 0.121176 5.21188e-07 
0.3139 0.00870742 2.0257e+06 0 0 2.0257e+06 1.33333 -0.078846 0 2.49292e-06 5.94153e-06 0.580363 1.146e-06 0.078846 3.39088e-07 
0.31755 0.00870764 2.02565e+06 0 0 2.02565e+06 1.33333 -0.051302 0 1.62125e-06 3.86488e-06 0.377516 7.45472e-07 0.051302 2.20606e-07 
0.3212 0.00870785 2.0256e+06 0 0 2.0256e+06 1.33333 -0.0333795 0 1.05428e-06 2.51392e-06 0.245556 4.84905e-07 0.0333795 1.43519e-07 
0.32485 0.00870807 2.02555e+06 0 0 2.02555e+06 1.33333 -0.0217178 0 6.85519e-07 1.63508e-06 0.159713 3.15396e-07 0.0217178 9.33662e-08 
0.3285 0.00870828 2.0255e+06 0 0 2.0255e+06 1.33333 -0.0141299 0 4.4568e-07 1.0634e-06 0.103871 2.05127e-07 0.0141299 6.07374e-08 
0.33215 0.0087085 2.02545e+06 0 0 2.02545e+06 1.33333 -0.00919298 0 2.897e-07 6.91533e-07 0.0675479 1.33398e-07 0.00919298 3.95102e-08 
0.3358 0.00870871 2.0254e+06 0 0 2.0254e+06 1.33333 -0.00598092 0 1.88264e-07 4.49655e-07 0.0439216 8.67416e-08 0.00598092 2.57012e-08 
0.33945 0.00870893 2.02535e+06 0 0 2.02535e+06 1.33333 -0.00389126 0 1.22303e-07 2.92339e-07 0.0285553 5.63957e-08 0.00389126 1.67188e-08 
0.3431 0.00870914 2.0253e+06 0 0 2.0253e+06 1.33333 -0.00253205 0 7.94178e-08 1.90041e-07 0.0185629 3.66621e-08 0.00253205 1.0877e-08 
0.34675 0.00870936 2.02525e+06 0 0 2.02525e+06 1.33333 -0.00164843 0 5.15479e-08 1.23552e-07 0.0120684 2.38358e-08 0.00164844 7.07973e-09 
0.3504 0.00870957 2.0252e+06 0 0 2.0252e+06 1.33333 -0.00107493 0 3.34581e-08 8.04006e-08 0.00785341 1.55114e-08 0.00107494 4.61557e-09 
0.35405 0.00870979 2.02515e+06 0 0 2.02515e+06 1.33333 -0.000704575 0 2.17665e-08 5.25268e-08 0.00513073 1.0134e-08 0.000704578 3.02446e-09 
0.3577 0.00871 2.0251e+06 0 0 2.0251e+06 1.33333 -0.000469183 0 1.43092e-08 3.47918e-08 0.00339841 6.71258e-09 0.000469186 2.01392e-09 
0.36135 0.00871022 2.02505e+06 0 0 2.02505e+06 1.33333 -0.000327241 0 9.76921e-09 2.40704e-08 0.00235116 4.64415e-09 0.000327245 1.40616e-09 
0.365 0.00871043 2.025e+06 0 0 2.025e+06 1.33333 -0.000257462 0 7.46852e-09 1.87736e-08 0.00183377 3.62227e-09 0.000257463 1.11163e-09 


0 0.0112 2.03e+06 0 0 1.5225e+06 1 0 0 1.01407 1.01407 507500 1 0 8.12184e-09 
0.00365 0.0112003 2.02995e+06 0 0 1.52246e+06 1 -0.0259011 0 1.01407 1.01407 507487 0.999999 0.0259011 4.75741e-08 
0.0073 0.0112005 2.0299e+06 0 0 1.52243e+06 1 -0.0634423 0 1.01406 1.01406 507474 0.999998 0.0634423 1.02913e-07 
0.01095 0.0112008 2.02985e+06 0 0 1.52239e+06 1 -0.11616 0 1.01406 1.01406 507461 0.999997 0.11616 1.78673e-07 
0.0146 0.0112011 2.0298e+06 0 0 1.52235e+06 1 -0.188498 0 1.01405 1.01405 507447 0.999995 0.188498 2.80514e-07 
0.01825 0.0112014 2.02975e+06 0 0 1.52232e+06 1 -0.286025 0 1.01404 1.01405 507433 0.999992 0.286025 4.15487e-07 
0.0219 0.0112016 2.0297e+06 0 0 1.52228e+06 1 -0.415697 0 1.01404 1.01404 507419 0.999988 0.415697 5.9234e-07 
0.02555 0.0112019 2.02965e+06 0 0 1.52225e+06 1.00001 -0.586187 0 1.01403 1.01404 507404 0.999984 0.586187 8.21903e-07 
0.0292 0.0112021 2.0296e+06 0 0 1.52221e+06 1.00001 -0.808289 0 1.01402 1.01403 507389 0.999977 0.808289 1.11757e-06 
0.03285 0.0112024 2.02955e+06 0 0 1.52218e+06 1.00001 -1.09542 0 1.01401 1.01402 507372 0.999969 1.09542 1.49592e-06 
0.0365 0.0112026 2.0295e+06 0 0 1.52215e+06 1.00001 -1.46422 0 1.014 1.01402 507354 0.999959 1.46422 1.97746e-06 
0.04015 0.0112028 2.02945e+06 0 0 1.52212e+06 1.00002 -1.93536 0 1.01398 1.01401 507335 0.999946 1.93536 2.58755e-06 
0.0438 0.0112031 2.0294e+06 0 0 1.52209e+06 1.00002 -2.53441 0 1.01397 1.014 507314 0.999928 2.53441 3.35758e-06 
0.04745 0.0112033 2.02935e+06 0 0 1.52206e+06 1.00003 -3.2931 0 1.01395 1.01399 507290 0.999907 3.2931 4.32632e-06 
0.0511 0.0112035 2.0293e+06 0 0 1.52204e+06 1.00004 -4.25064 0 1.01393 1.01398 507264 0.999879 4.25064 5.54173e-06 
0.05475 0.0112036 2.02925e+06 0 0 1.52202e+06 1.00005 -5.4556 0 1.0139 1.01397 507234 0.999845 5.4556 7.06303e-06 
0.0584 0.0112037 2.0292e+06 0 0 1.522e+06 1.00007 -6.96802 0 1.01387 1.01396 507199 0.999802 6.96802 8.96342e-06 
0.06205 0.0112038 2.02915e+06 0 0 1.52199e+06 1.00008 -8.86216 0 1.01383 1.01394 507159 0.999747 8.86216 1.13333e-05 
0.0657 0.0112039 2.0291e+06 0 0 1.52199e+06 1.00011 -11.2298 0 1.01378 1.01392 507112 0.999679 11.2298 1.42843e-05 
0.06935 0.0112039 2.02905e+06 0 0 1.52199e+06 1.00014 -14.1843 0 1.01372 1.0139 507056 0.999594 14.1843 1.79543e-05 
0.073 0.0112038 2.029e+06 0 0 1.52201e+06 1.00017 -17.8659 0 1.01365 1.01388 506990 0.999487 17.8659 2.25135e-05 
0.07665 0.0112036 2.02895e+06 0 0 1.52204e+06 1.00022 -22.4477 0 1.01356 1.01384 506910 0.999354 22.4477 2.81721e-05 
0.0803 0.0112034 2.0289e+06 0 0 1.52209e+06 1.00027 -28.1433 0 1.01345 1.01381 506814 0.999189 28.1433 3.51894e-05 
0.08395 0.011203 2.02885e+06 0 0 1.52215e+06 1.00034 -35.2168 0 1.01332 1.01376 506697 0.998984 35.2168 4.38855e-05 
0.0876 0.0112024 2.0288e+06 0 0 1.52224e+06 1.00042 -43.9939 0 1.01316 1.01371 506555 0.998729 43.9939 5.46553e-05 
0.09125 0.0112016 2.02875e+06 0 0 1.52237e+06 1.00053 -54.8766 0 1.01295 1.01364 506382 0.998413 54.8766 6.79858e-05 
0.0949 0.0112006 2.0287e+06 0 0 1.52253e+06 1.00066 -68.3607 0 1.0127 1.01356 506171 0.99802 68.3607 8.44774e-05 
0.09855 0.0111992 2.02865e+06 0 0 1.52274e+06 1.00082 -85.0573 0 1.0124 1.01345 505911 0.997533 85.0573 0.00010487 
0.1022 0.0111975 2.0286e+06 0 0 1.52301e+06 1.00102 -105.719 0 1.01202 1.01333 505593 0.99693 105.719 0.000130075 
0.10585 0.0111953 2.02855e+06 0 0 1.52335e+06 1.00127 -131.274 0 1.01155 1.01318 505202 0.996184 131.274 0.000161213 
0.1095 0.0111926 2.0285e+06 0 0 1.52378e+06 1.00158 -162.86 0 1.01098 1.01299 504721 0.99526 162.86 0.000199665 
0.11315 0.0111891 2.02845e+06 0 0 1.52432e+06 1.00196 -201.877 0 1.01027 1.01275 504129 0.994117 201.877 0.000247124 
0.1168 0.0111847 2.0284e+06 0 0 1.525e+06 1.00243 -250.04 0 1.00939 1.01247 503400 0.992704 250.04 0.000305669 
0.12045 0.0111792 2.02835e+06 0 0 1.52585e+06 1.00301 -309.448 0 1.00831 1.01211 502503 0.990958 309.448 0.000377849 
0.1241 0.0111724 2.0283e+06 0 0 1.5269e+06 1.00373 -382.657 0 1.00697 1.01167 501397 0.988802 382.657 0.000466776 
0.12775 0.0111639 2.02825e+06 0 0 1.52822e+06 1.00462 -472.777 0 1.00533 1.01113 500035 0.98614 472.777 0.000576254 
0.1314 0.0111534 2.0282e+06 0 0 1.52984e+06 1.00571 -583.563 0 1.0033 1.01046 498358 0.982858 583.563 0.000710907 
0.13505 0.0111405 2.02815e+06 0 0 1.53186e+06 1.00706 -719.528 0 1.0008 1.00963 496294 0.978812 719.528 0.000876344 
0.1387 0.0111245 2.0281e+06 0 0 1.53434e+06 1.00872 -886.046 0 0.997729 1.0086 493757 0.973831 886.046 0.00107934 
0.14235 0.0111049 2.02805e+06 0 0 1.53741e+06 1.01076 -1089.45 0 0.993948 1.00732 490640 0.967708 1089.45 0.00132805 
0.146 0.0110809 2.028e+06 0 0 1.54118e+06 1.01327 -1337.08 0 0.989301 1.00573 486816 0.960189 1337.08 0.00163218 
0.14965 0.0110515 2.02795e+06 0 0 1.54582e+06 1.01634 -1637.29 0 0.983598 1.00377 482134 0.950978 1637.29 0.00200325 
0.1533 0.0110158 2.0279e+06 0 0 1.55149e+06 1.02009 -1999.31 0 0.976606 1.00132 476414 0.939718 1999.31 0.00245479 
0.15695 0.0109726 2.02785e+06 0 0 1.5584e+06 1.02467 -2432.93 0 0.968049 0.99828 469446 0.925998 2432.93 0.0030024 
0.1606 0.0109206 2.0278e+06 0 0 1.56681e+06 1.03022 -2947.88 0 0.957599 0.994492 460991 0.909341 2947.88 0.00366387 
0.16425 0.0108584 2.02775e+06 0 0 1.57697e+06 1.03693 -3552.82 0 0.944866 0.989766 450778 0.889217 3552.82 0.00445889 
0.1679 0.0107847 2.0277e+06 0 0 1.58919e+06 1.04498 -4253.75 0 0.929398 0.983865 438513 0.865046 4253.75 0.00540858 
0.17155 0.0106982 2.02765e+06 0 0 1.60376e+06 1.05459 -5051.77 0 0.910676 0.976484 423893 0.836225 5051.77 0.00653434 
0.1752 0.0105978 2.0276e+06 0 0 1.62098e+06 1.06595 -5940.15 0 0.888112 0.967237 406617 0.802165 5940.15 0.00785592 
0.17885 0.0104831 2.02755e+06 0 0 1.64112e+06 1.07922 -6900.82 0 0.861067 0.955636 386427 0.762353 6900.82 0.00938825 
0.1825 0.010354 2.0275e+06 0 0 1.66436e+06 1.09452 -7900.65 0 0.828865 0.941059 363141 0.716431 7900.65 0.0111365 
0.18615 0.0102116 2.02745e+06 0 0 1.69074e+06 1.1119 -8888.48 0 0.790839 0.922723 336708 0.664299 8888.48 0.013089 
0.1898 0.0100579 2.0274e+06 0 0 1.72013e+06 1.13126 -9794.07 0 0.746394 0.899651 307270 0.606235 9794.07 0.015207 
0.19345 0.00989609 2.02735e+06 0 0 1.75214e+06 1.15233 -10530.8 0 0.695117 0.870649 275214 0.543003 10530.8 0.0174128 
0.1971 0.00973048 2.0273e+06 0 0 1.78608e+06 1.17469 -11003.6 0 0.636915 0.834313 241217 0.475937 11003.6 0.0195755 
0.20075 0.0095662 2.02725e+06 0 0 1.821e+06 1.19768 -11123.6 0 0.572202 0.789114 206250 0.406955 11123.6 0.0215018 
0.2044 0.00940879 2.0272e+06 0 0 1.85567e+06 1.22051 -10828.4 0 0.502097 0.733619 171530 0.338457 10828.4 0.0229382 
0.20805 0.00926356 2.02715e+06 0 0 1.88875e+06 1.2423 -10103.8 0 0.428576 0.666928 138402 0.273096 10103.8 0.0235999 
0.2117 0.00913496 2.0271e+06 0 0 1.91894e+06 1.26219 -9000.31 0 0.35448 0.589361 108159 0.213426 9000.31 0.0232387 
0.21535 0.00902594 2.02705e+06 0 0 1.94522e+06 1.27951 -7633.65 0 0.283252 0.503203 81833.8 0.161484 7633.65 0.0217427 
0.219 0.00893755 2.027e+06 0 0 1.96698e+06 1.29385 -6162.19 0 0.218359 0.413038 60019.9 0.118441 6162.19 0.0192269 
0.22265 0.00886897 2.02695e+06 0 0 1.98415e+06 1.30518 -4746.05 0 0.162531 0.325097 42797.3 0.0844566 4746.05 0.0160407 
0.2263 0.00881788 2.0269e+06 0 0 1.99711e+06 1.31374 -3505.78 0 0.117168 0.245565 29792.9 0.0587949 3505.78 0.0126585 
0.22995 0.00878115 2.02685e+06 0 0 2.00651e+06 1.31995 -2501.21 0 0.0821983 0.178735 20344.5 0.0401501 2501.21 0.00951068 
0.2336 0.00875551 2.0268e+06 0 0 2.01311e+06 1.32433 -1736.65 0 0.0564269 0.126131 13690.7 0.0270194 1736.65 0.00686321 
0.23725 0.00873803 2.02675e+06 0 0 2.01763e+06 1.32734 -1181.7 0 0.0381055 0.0868865 9115.52 0.0179904 1181.7 0.00480105 
0.2409 0.00872631 2.0267e+06 0 0 2.02068e+06 1.32937 -792.571 0 0.0254296 0.0587935 6023.95 0.0118892 792.571 0.0032827 
0.24455 0.00871858 2.02665e+06 0 0 2.02269e+06 1.33073 -526.29 0 0.01683 0.0392819 3960.46 0.00781677 526.29 0.00220859 
0.2482 0.00871355 2.0266e+06 0 0 2.024e+06 1.33163 -347.105 0 0.0110754 0.0260162 2594.79 0.00512148 347.105 0.0014695 
0.25185 0.00871031 2.02655e+06 0 0 2.02485e+06 1.33222 -227.887 0 0.00726068 0.0171282 1696.11 0.00334778 227.887 0.000970425 
0.2555 0.00870826 2.0265e+06 0 0 2.02539e+06 1.3326 -149.165 0 0.00474775 0.0112318 1106.98 0.002185 149.165 0.000637641 
0.25915 0.008707 2.02645e+06 0 0 2.02573e+06 1.33286 -97.443 0 0.00309931 0.0073459 721.743 0.00142465 97.443 0.000417588 
0.2628 0.00870624 2.0264e+06 0 0 2.02593e+06 1.33302 -63.572 0 0.00202097 0.00479604 470.26 0.000928267 63.572 0.00027288 
0.26645 0.00870583 2.02635e+06 0 0 2.02604e+06 1.33313 -41.439 0 0.00131685 0.0031277 306.269 0.000604573 41.439 0.000178062 
0.2701 0.00870563 2.0263e+06 0 0 2.0261e+06 1.3332 -26.9966 0 0.000857632 0.00203816 199.407 0.000393638 26.9966 0.000116081 
0.27375 0.00870558 2.02625e+06 0 0 2.02612e+06 1.33325 -17.5812 0 0.000558376 0.00132751 129.806 0.000256249 17.5812 7.56281e-05 
0.2774 0.00870562 2.0262e+06 0 0 2.02612e+06 1.33328 -11.4467 0 0.000363461 0.000864362 84.4875 0.00016679 11.4467 4.92526e-05 
0.28105 0.00870572 2.02615e+06 0 0 2.02609e+06 1.3333 -7.45154 0 0.000236551 0.000562675 54.9858 0.000108552 7.45154 3.2067e-05 
0.2847 0.00870587 2.0261e+06 0 0 2.02606e+06 1.33331 -4.85025 0 0.000153938 0.000366231 35.7833 7.06447e-05 4.85025 2.08742e-05 
0.28835 0.00870603 2.02605e+06 0 0 2.02603e+06 1.33332 -3.15682 0 0.000100169 0.000238346 23.2857 4.59727e-05 3.15682 1.35866e-05 
0.292 0.00870622 2.026e+06 0 0 2.02598e+06 1.33332 -2.05454 0 6.51776e-05 0.000155107 15.1524 2.9916e-05 2.05454 8.84244e-06 
0.29565 0.00870641 2.02595e+06 0 0 2.02594e+06 1.33333 -1.33709 0 4.24074e-05 0.000100932 9.85966 1.94667e-05 1.33709 5.75452e-06 
0.2993 0.00870661 2.0259e+06 0 0 2.02589e+06 1.33333 -0.870157 0 2.7591e-05 6.56761e-05 6.41548 1.26669e-05 0.870157 3.74479e-06 
0.30295 0.00870682 2.02585e+06 0 0 2.02585e+06 1.33333 -0.56627 0 1.79505e-05 4.27338e-05 4.17431 8.24209e-06 0.56627 2.43686e-06 
0.3066 0.00870703 2.0258e+06 0 0 2.0258e+06 1.33333 -0.368503 0 1.1678e-05 2.78049e-05 2.716 5.36281e-06 0.368503 1.5857e-06 
0.31025 0.00870724 2.02575e+06 0 0 2.02575e+06 1.33333 -0.239801 0 7.59705e-06 1.80908e-05 1.7671 3.48928e-06 0.239801 1.03181e-06 
0.3139 0.00870745 2.0257e+06 0 0 2.0257e+06 1.33333 -0.156046 0 4.94201e-06 1.17701e-05 1.14969 2.27022e-06 0.156046 6.71379e-07 
0.31755 0.00870767 2.02565e+06 0 0 2.02565e+06 1.33333 -0.101543 0 3.21471e-06 7.65751e-06 0.747978 1.47701e-06 0.101543 4.36844e-07 
0.3212 0.00870788 2.0256e+06 0 0 2.0256e+06 1.33333 -0.0660749 0 2.09102e-06 4.98173e-06 0.48661 9.6092e-07 0.0660749 2.84233e-07 
0.32485 0.00870809 2.02555e+06 0 0 2.02555e+06 1.33333 -0.0429949 0 1.36002e-06 3.24082e-06 0.316559 6.25133e-07 0.0429949 1.84932e-07 
0.3285 0.00870831 2.0255e+06 0 0 2.0255e+06 1.33333 -0.0279763 0 8.84497e-07 2.10819e-06 0.205925 4.06665e-07 0.0279763 1.20321e-07 
0.33215 0.00870852 2.02545e+06 0 0 2.02545e+06 1.33333 -0.0182036 0 5.7518e-07 1.37132e-06 0.133949 2.64532e-07 0.0182036 7.82815e-08 
0.3358 0.00870874 2.0254e+06 0 0 2.0254e+06 1.33333 -0.0118447 0 3.73985e-07 8.91957e-07 0.0871251 1.72065e-07 0.0118447 5.093e-08 
0.33945 0.00870895 2.02535e+06 0 0 2.02535e+06 1.33333 -0.0077073 0 2.43127e-07 5.80129e-07 0.0566662 1.11914e-07 0.0077073 3.31359e-08 
0.3431 0.00870917 2.0253e+06 0 0 2.0253e+06 1.33333 -0.00501586 0 1.58033e-07 3.77322e-07 0.0368563 7.27918e-08 0.00501587 2.15617e-08 
0.34675 0.00870938 2.02525e+06 0 0 2.02525e+06 1.33333 -0.00326596 0 1.02724e-07 2.45488e-07 0.0239789 4.73599e-08 0.00326597 1.40373e-08 
0.3504 0.0087096 2.0252e+06 0 0 2.0252e+06 1.33333 -0.00213005 0 6.68266e-08 1.59922e-07 0.0156209 3.08531e-08 0.00213005 9.15359e-09 
0.35405 0.00870981 2.02515e+06 0 0 2.02515e+06 1.33333 -0.00139637 0 4.36355e-08 1.04654e-07 0.0102225 2.01911e-08 0.00139638 5.99967e-09 
0.3577 0.00871003 2.0251e+06 0 0 2.0251e+06 1.33333 -0.00092993 0 2.88718e-08 6.95056e-08 0.0067892 1.34101e-08 0.000929932 3.9953e-09 
0.36135 0.00871024 2.02505e+06 0 0 2.02505e+06 1.33333 -0.000648514 0 1.99318e-08 4.828e-08 0.00471592 9.31517e-09 0.000648515 2.78734e-09 
0.365 0.00871046 2.025e+06 0 0 2.025e+06 1.33333 -0.000510012 0 1.54841e-08 3.78155e-08 0.00369376 7.29631e-09 0.000510012 2.19577e-09 


0 0.0112 2.03e+06 0 0 1.5225e+06 1 0 0 1.01407 1.01407 507500 1 0 4.95084e-09 
0.00365 0.0112003 2.02995e+06 0 0 1.52246e+06 1 -0.0180569 0 1.01407 1.01407 507487 1 0.0180569 3.22617e-08 
0.0073 0.0112005 2.0299e+06 0 0 1.52243e+06 1 -0.044281 0 1.01406 1.01406 507474 0.999999 0.044281 7.07277e-08 
0.01095 0.0112008 2.02985e+06 0 0 1.52239e+06 1 -0.0811741 0 1.01406 1.01406 507461 0.999998 0.0811741 1.23562e-07 
0.0146 0.0112011 2.0298e+06 0 0 1.52235e+06 1 -0.131884 0 1.01405 1.01405 507448 0.999996 0.131884 1.94779e-07 
0.01825 0.0112014 2.02975e+06 0 0 1.52232e+06 1 -0.200358 0 1.01405 1.01405 507435 0.999994 0.200358 2.89386e-07 
0.0219 0.0112016 2.0297e+06 0 0 1.52228e+06 1 -0.291534 0 1.01404 1.01404 507421 0.999992 0.291534 4.13598e-07 
0.02555 0.0112019 2.02965e+06 0 0 1.52224e+06 1 -0.411574 0 1.01403 1.01404 507407 0.999989 0.411574 5.75123e-07 
0.0292 0.0112022 2.0296e+06 0 0 1.52221e+06 1.00001 -0.568153 0 1.01402 1.01403 507392 0.999984 0.568153 7.835e-07 
0.03285 0.0112024 2.02955e+06 0 0 1.52217e+06 1.00001 -0.770815 0 1.01402 1.01403 507377 0.999978 0.770815 1.05054e-06 
0.0365 0.0112027 2.0295e+06 0 0 1.52214e+06 1.00001 -1.03142 0 1.01401 1.01402 507360 0.999971 1.03142 1.39087e-06 
0.04015 0.0112029 2.02945e+06 0 0 1.52211e+06 1.00001 -1.36467 0 1.014 1.01401 507343 0.999962 1.36467 1.82259e-06 
0.0438 0.0112031 2.0294e+06 0 0 1.52208e+06 1.00002 -1.78883 0 1.01398 1.01401 507324 0.99995 1.78883 2.36808e-06 
0.04745 0.0112034 2.02935e+06 0 0 1.52205e+06 1.00002 -2.32648 0 1.01397 1.014 507304 0.999934 2.32648 3.05504e-06 
0.0511 0.0112036 2.0293e+06 0 0 1.52202e+06 1.00003 -3.00564 0 1.01395 1.01399 507282 0.999915 3.00564 3.9177e-06 
0.05475 0.0112038 2.02925e+06 0 0 1.52199e+06 1.00004 -3.86093 0 1.01393 1.01398 507257 0.99989 3.86093 4.99837e-06 
0.0584 0.0112039 2.0292e+06 0 0 1.52197e+06 1.00005 -4.93524 0 1.0139 1.01397 507229 0.999859 4.93524 6.34935e-06 
0.06205 0.0112041 2.02915e+06 0 0 1.52195e+06 1.00006 -6.28159 0 1.01388 1.01396 507197 0.999821 6.28159 8.03523e-06 
0.0657 0.0112042 2.0291e+06 0 0 1.52194e+06 1.00008 -7.96552 0 1.01384 1.01394 507159 0.999772 7.96552 1.01358e-05 
0.06935 0.0112043 2.02905e+06 0 0 1.52193e+06 1.0001 -10.0681 0 1.0138 1.01392 507116 0.999712 10.0681 1.27497e-05 
0.073 0.0112043 2.029e+06 0 0 1.52193e+06 1.00012 -12.6894 0 1.01374 1.01391 507065 0.999636 12.6894 1.59986e-05 
0.07665 0.0112043 2.02895e+06 0 0 1.52195e+06 1.00015 -15.9533 0 1.01368 1.01388 507005 0.999541 15.9533 2.00329e-05 
0.0803 0.0112041 2.0289e+06 0 0 1.52197e+06 1.00019 -20.0125 0 1.0136 1.01385 506933 0.999424 20.0125 2.50381e-05 
0.08395 0.0112039 2.02885e+06 0 0 1.522e+06 1.00024 -25.056 0 1.0135 1.01382 506846 0.999277 25.056 3.12434e-05 
0.0876 0.0112036 2.0288e+06 0 0 1.52206e+06 1.0003 -31.3167 0 1.01339 1.01378 506741 0.999096 31.3167 3.89316e-05 
0.09125 0.0112031 2.02875e+06 0 0 1.52214e+06 1.00038 -39.0827 0 1.01324 1.01373 506614 0.99887 39.0827 4.84516e-05 
0.0949 0.0112025 2.0287e+06 0 0 1.52224e+06 1.00047 -48.709 0 1.01306 1.01367 506460 0.99859 48.709 6.02339e-05 
0.09855 0.0112016 2.02865e+06 0 0 1.52238e+06 1.00059 -60.6338 0 1.01284 1.01359 506271 0.998242 60.6338 7.48094e-05 
0.1022 0.0112005 2.0286e+06 0 0 1.52256e+06 1.00073 -75.3977 0 1.01257 1.0135 506040 0.997812 75.3977 9.28323e-05 
0.10585 0.011199 2.02855e+06 0 0 1.52279e+06 1.00091 -93.6665 0 1.01223 1.01339 505757 0.997279 93.6665 0.000115109 
0.1095 0.0111971 2.0285e+06 0 0 1.52309e+06 1.00113 -116.26 0 1.01182 1.01326 505410 0.996619 116.26 0.000142632 
0.11315 0.0111946 2.02845e+06 0 0 1.52347e+06 1.0014 -144.189 0 1.01131 1.01309 504983 0.995802 144.189 0.000176623 
0.1168 0.0111916 2.0284e+06 0 0 1.52394e+06 1.00174 -178.692 0 1.01068 1.01288 504459 0.994791 178.692 0.000218583 
0.12045 0.0111877 2.02835e+06 0 0 1.52454e+06 1.00215 -221.292 0 1.00991 1.01263 503813 0.993542 221.292 0.000270357 
0.1241 0.0111829 2.0283e+06 0 0 1.52528e+06 1.00267 -273.852 0 1.00895 1.01231 503018 0.991998 273.852 0.000334204 
0.12775 0.0111769 2.02825e+06 0 0 1.52621e+06 1.0033 -338.651 0 1.00777 1.01193 502038 0.990092 338.651 0.000412895 
0.1314 0.0111694 2.0282e+06 0 0 1.52737e+06 1.00409 -418.461 0 1.00631 1.01145 500832 0.987737 418.461 0.00050981 
0.13505 0.0111602 2.02815e+06 0 0 1.5288e+06 1.00506 -516.644 0 1.00452 1.01085 499347 0.984833 516.644 0.000629074 
0.1387 0.0111487 2.0281e+06 0 0 1.53058e+06 1.00625 -637.256 0 1.00231 1.01012 497519 0.981252 637.256 0.000775696 
0.14235 0.0111346 2.02805e+06 0 0 1.53278e+06 1.00772 -785.15 0 0.999589 1.00921 495271 0.976842 785.15 0.000955745 
0.146 0.0111172 2.028e+06 0 0 1.53549e+06 1.00953 -966.085 0 0.99624 1.00809 492507 0.971415 966.085 0.00117654 
0.14965 0.0110959 2.02795e+06 0 0 1.53884e+06 1.01175 -1186.8 0 0.992122 1.00669 489114 0.964747 1186.8 0.00144684 
0.1533 0.0110698 2.0279e+06 0 0 1.54294e+06 1.01448 -1455.07 0 0.987064 1.00496 484955 0.956567 1455.07 0.00177709 
0.15695 0.0110379 2.02785e+06 0 0 1.54798e+06 1.01782 -1779.63 0 0.980859 1.0028 479868 0.946554 1779.63 0.0021796 
0.1606 0.0109993 2.0278e+06 0 0 1.55414e+06 1.02189 -2169.99 0 0.973257 1.00013 473659 0.934331 2169.99 0.00266876 
0.16425 0.0109526 2.02775e+06 0 0 1.56164e+06 1.02685 -2636 0 0.963961 0.996798 466108 0.919458 2636 0.00326107 
0.1679 0.0108965 2.0277e+06 0 0 1.57074e+06 1.03285 -3187.11 0 0.952619 0.992647 456961 0.901436 3187.11 0.00397515 
0.17155 0.0108297 2.02765e+06 0 0 1.58171e+06 1.0401 -3831.09 0 0.938815 0.987467 445937 0.879713 3831.09 0.00483137 
0.1752 0.0107509 2.0276e+06 0 0 1.59486e+06 1.04877 -4572.23 0 0.92207 0.980995 432738 0.853694 4572.23 0.00585113 
0.17885 0.0106588 2.02755e+06 0 0 1.61049e+06 1.05907 -5408.8 0 0.901836 0.972895 417056 0.822778 5408.8 0.00705545 
0.1825 0.0105525 2.0275e+06 0 0 1.62889e+06 1.0712 -6329.83 0 0.877503 0.962741 398606 0.7864 6329.83 0.00846256 
0.18615 0.0104318 2.02745e+06 0 0 1.65029e+06 1.0853 -7311.46 0 0.848412 0.949994 377155 0.744097 7311.46 0.0100841 
0.1898 0.0102971 2.0274e+06 0 0 1.67483e+06 1.10146 -8313.41 0 0.813883 0.933969 352568 0.695606 8313.41 0.0119192 
0.19345 0.0101497 2.02735e+06 0 0 1.70248e+06 1.11968 -9276.59 0 0.773271 0.913807 324867 0.640968 9276.59 0.0139465 
0.1971 0.00999217 2.0273e+06 0 0 1.73301e+06 1.13978 -10123.4 0 0.726042 0.888442 294287 0.580649 10123.4 0.0161126 
0.20075 0.00982822 2.02725e+06 0 0 1.76592e+06 1.16145 -10762.5 0 0.671893 0.85659 261334 0.515642 10762.5 0.0183196 
0.2044 0.0096625 2.0272e+06 0 0 1.80039e+06 1.18416 -11099.2 0 0.610919 0.81678 226807 0.447527 11099.2 0.0204116 
0.20805 0.00950039 2.02715e+06 0 0 1.83536e+06 1.20719 -11052.9 0 0.543799 0.767485 191787 0.378437 11052.9 0.0221688 
0.2117 0.00934741 2.0271e+06 0 0 1.86954e+06 1.2297 -10578.6 0 0.471995 0.707423 157564 0.310915 10578.6 0.0233195 
0.21535 0.00920859 2.02705e+06 0 0 1.90157e+06 1.25079 -9687.47 0 0.397852 0.636107 125484 0.24762 9687.47 0.0235833 
0.219 0.00908783 2.027e+06 0 0 1.93024e+06 1.26969 -8458.22 0 0.324509 0.554586 96759.5 0.190941 8458.22 0.0227555 
0.22265 0.00898731 2.02695e+06 0 0 1.95469e+06 1.2858 -7028.14 0 0.255505 0.466099 72257.3 0.142593 7028.14 0.0208101 
0.2263 0.0089073 2.0269e+06 0 0 1.97454e+06 1.29889 -5561.79 0 0.194093 0.376061 52360.6 0.103331 5561.79 0.0179646 
0.22995 0.00884628 2.02685e+06 0 0 1.9899e+06 1.30903 -4207.17 0 0.142506 0.290921 36947.5 0.0729162 4207.17 0.0146391 
0.2336 0.00880153 2.0268e+06 0 0 2.0013e+06 1.31656 -3060.7 0 0.101521 0.216273 25502.5 0.0503307 3060.7 0.0113097 
0.23725 0.00876976 2.02675e+06 0 0 2.00945e+06 1.32195 -2157.37 0 0.0705394 0.155293 17301.1 0.0341454 2157.37 0.00834764 
0.2409 0.00874782 2.0267e+06 0 0 2.01511e+06 1.32571 -1484.34 0 0.0480686 0.108415 11586.8 0.0228682 1484.34 0.0059407 
0.24455 0.00873297 2.02665e+06 0 0 2.01896e+06 1.32828 -1003.41 0 0.0322874 0.0740836 7688.42 0.0151746 1003.41 0.00411303 
0.2482 0.00872309 2.0266e+06 0 0 2.02153e+06 1.33 -669.917 0 0.0214657 0.0498416 5068.97 0.0100049 669.917 0.00279165 
0.25185 0.0087166 2.02655e+06 0 0 2.02322e+06 1.33114 -443.46 0 0.01417 0.0331677 3327.36 0.00656753 443.46 0.00186868 
0.2555 0.00871239 2.0265e+06 0 0 2.02432e+06 1.3319 -291.866 0 0.00930881 0.0219072 2177.72 0.00429849 291.866 0.00123906 
0.25915 0.00870971 2.02645e+06 0 0 2.02503e+06 1.3324 -191.357 0 0.00609558 0.0143968 1422.52 0.0028079 191.357 0.00081637 
0.2628 0.00870802 2.0264e+06 0 0 2.02547e+06 1.33272 -125.141 0 0.00398293 0.00942952 928.006 0.00183183 125.141 0.000535604 
0.26645 0.008707 2.02635e+06 0 0 2.02574e+06 1.33294 -81.701 0 0.00259881 0.00616236 604.888 0.00119405 81.701 0.000350418 
0.2701 0.0087064 2.0263e+06 0 0 2.02591e+06 1.33307 -53.2819 0 0.0016941 0.00402133 394.055 0.000777881 53.2819 0.00022884 
0.27375 0.00870609 2.02625e+06 0 0 2.02599e+06 1.33316 -34.7232 0 0.00110367 0.00262166 256.613 0.000506578 34.7232 0.000149264 
0.2774 0.00870596 2.0262e+06 0 0 2.02603e+06 1.33322 -22.618 0 0.000718722 0.00170808 167.069 0.000329817 22.618 9.72822e-05 
0.28105 0.00870595 2.02615e+06 0 0 2.02604e+06 1.33326 -14.7284 0 0.000467914 0.00111239 108.753 0.000214699 14.7284 6.33707e-05 
0.2847 0.00870602 2.0261e+06 0 0 2.02603e+06 1.33329 -9.58893 0 0.000304573 0.000724254 70.7847 0.000139746 9.58893 4.12663e-05 
0.28835 0.00870614 2.02605e+06 0 0 2.026e+06 1.3333 -6.24202 0 0.000198228 0.000471458 46.0685 9.09525e-05 6.24202 2.68661e-05 
0.292 0.00870629 2.026e+06 0 0 2.02597e+06 1.33331 -4.06295 0 0.000129003 0.000306861 29.981 5.91926e-05 4.06295 1.74884e-05 
0.29565 0.00870647 2.02595e+06 0 0 2.02593e+06 1.33332 -2.64443 0 8.3947e-05 0.000199712 19.5106 3.85214e-05 2.64443 1.13828e-05 
0.2993 0.00870666 2.0259e+06 0 0 2.02589e+06 1.33332 -1.72109 0 5.46249e-05 0.000129969 12.6964 2.50683e-05 1.72109 7.40832e-06 
0.30295 0.00870685 2.02585e+06 0 0 2.02584e+06 1.33333 -1.12011 0 3.55434e-05 8.45773e-05 8.26193 1.6313e-05 1.12011 4.82135e-06 
0.3066 0.00870706 2.0258e+06 0 0 2.02579e+06 1.33333 -0.728969 0 2.31266e-05 5.50368e-05 5.37614 1.06153e-05 0.728969 3.13763e-06 
0.31025 0.00870727 2.02575e+06 0 0 2.02575e+06 1.33333 -0.474405 0 1.5047e-05 3.58129e-05 3.49825 6.90756e-06 0.474405 2.04184e-06 
0.3139 0.00870748 2.0257e+06 0 0 2.0257e+06 1.33333 -0.308733 0 9.78984e-06 2.33031e-05 2.27625 4.49475e-06 0.308733 1.32871e-06 
0.31755 0.00870769 2.02565e+06 0 0 2.02565e+06 1.33333 -0.200914 0 6.36921e-06 1.51627e-05 1.48109 2.92466e-06 0.200914 8.64632e-07 
0.3212 0.0087079 2.0256e+06 0 0 2.0256e+06 1.33333 -0.130747 0 4.14361e-06 9.86568e-06 0.963671 1.90299e-06 0.130747 5.6263e-07 
0.32485 0.00870812 2.02555e+06 0 0 2.02555e+06 1.33333 -0.0850835 0 2.69559e-06 6.41897e-06 0.626998 1.23818e-06 0.0850835 3.66106e-07 
0.3285 0.00870833 2.0255e+06 0 0 2.0255e+06 1.33333 -0.0553675 0 1.75351e-06 4.17628e-06 0.407934 8.05596e-07 0.0553675 2.38222e-07 
0.33215 0.00870854 2.02545e+06 0 0 2.02545e+06 1.33333 -0.0360297 0 1.1406e-06 2.71706e-06 0.265399 5.24128e-07 0.0360297 1.55007e-07 
0.3358 0.00870876 2.0254e+06 0 0 2.0254e+06 1.33333 -0.0234459 0 7.41875e-07 1.76765e-06 0.172661 3.40992e-07 0.0234459 1.0086e-07 
0.33945 0.00870897 2.02535e+06 0 0 2.02535e+06 1.33333 -0.0152578 0 4.82502e-07 1.14997e-06 0.112328 2.21843e-07 0.0152578 6.56298e-08 
0.3431 0.00870919 2.0253e+06 0 0 2.0253e+06 1.33333 -0.00993073 0 3.13808e-07 7.48197e-07 0.0730828 1.4434e-07 0.00993073 4.27117e-08 
0.34675 0.0087094 2.02525e+06 0 0 2.02525e+06 1.33333 -0.0064669 0 2.04147e-07 4.86991e-07 0.0475685 9.39509e-08 0.00646691 2.78108e-08 
0.3504 0.00870962 2.0252e+06 0 0 2.0252e+06 1.33333 -0.0042182 0 1.3297e-07 3.17441e-07 0.0310071 6.12426e-08 0.00421821 1.81382e-08 
0.35405 0.00870983 2.02515e+06 0 0 2.02515e+06 1.33333 -0.00276561 0 8.69934e-08 2.07924e-07 0.0203097 4.0115e-08 0.00276561 1.18906e-08 
0.3577 0.00871005 2.0251e+06 0 0 2.0251e+06 1.33333 -0.00184196 0 5.7746e-08 1.38283e-07 0.0135073 2.66797e-08 0.00184196 7.91883e-09 
0.36135 0.00871026 2.02505e+06 0 0 2.02505e+06 1.33333 -0.00128456 0 4.00724e-08 9.62439e-08 0.00940096 1.85693e-08 0.00128456 5.5231e-09 
0.365 0.00871048 2.025e+06 0 0 2.025e+06 1.33333 -0.00101011 0 3.13375e-08 7.5533e-08 0.00737794 1.45737e-08 0.00101011 4.34557e-09 


0 0.0112 2.03e+06 0 0 1.5225e+06 1 0 0 1.01407 1.01407 507500 1 0 3.01789e-09 
0.00365 0.0112003 2.02995e+06 0 0 1.52246e+06 1 -0.0126 0 1.01407 1.01407 507487 1 0.0126 2.19409e-08 
0.0073 0.0112005 2.0299e+06 0 0 1.52243e+06 1 -0.0309322 0 1.01406 1.01406 507475 0.999999 0.0309322 4.86962e-08 
0.01095 0.0112008 2.02985e+06 0 0 1.52239e+06 1 -0.056766 0 1.01406 1.01406 507462 0.999998 0.056766 8.556e-08 
0.0146 0.0112011 2.0298e+06 0 0 1.52235e+06 1 -0.0923304 0 1.01405 1.01405 507449 0.999997 0.0923304 1.35379e-07 
0.01825 0.0112014 2.02975e+06 0 0 1.52231e+06 1 -0.140424 0 1.01405 1.01405 507436 0.999996 0.140424 2.01707e-07 
0.0219 0.0112016 2.0297e+06 0 0 1.52228e+06 1 -0.204552 0 1.01404 1.01404 507422 0.999994 0.204552 2.88962e-07 
0.02555 0.0112019 2.02965e+06 0 0 1.52224e+06 1 -0.28909 0 1.01403 1.01404 507408 0.999992 0.28909 4.02626e-07 
0.0292 0.0112022 2.0296e+06 0 0 1.52221e+06 1 -0.399494 0 1.01403 1.01403 507394 0.999989 0.399494 5.4949e-07 
0.03285 0.0112024 2.02955e+06 0 0 1.52217e+06 1.00001 -0.542555 0 1.01402 1.01403 507380 0.999985 0.542555 7.37972e-07 
0.0365 0.0112027 2.0295e+06 0 0 1.52214e+06 1.00001 -0.726714 0 1.01401 1.01402 507365 0.99998 0.726714 9.78495e-07 
0.04015 0.0112029 2.02945e+06 0 0 1.5221e+06 1.00001 -0.962452 0 1.014 1.01402 507349 0.999973 0.962452 1.28397e-06 
0.0438 0.0112032 2.0294e+06 0 0 1.52207e+06 1.00001 -1.26277 0 1.01399 1.01401 507332 0.999964 1.26277 1.67037e-06 
0.04745 0.0112034 2.02935e+06 0 0 1.52204e+06 1.00002 -1.64379 0 1.01398 1.014 507314 0.999953 1.64379 2.15746e-06 
0.0511 0.0112037 2.0293e+06 0 0 1.52201e+06 1.00002 -2.12547 0 1.01397 1.01399 507294 0.99994 2.12547 2.76968e-06 
0.05475 0.0112039 2.02925e+06 0 0 1.52198e+06 1.00003 -2.73254 0 1.01395 1.01399 507273 0.999922 2.73254 3.53725e-06 
0.0584 0.0112041 2.0292e+06 0 0 1.52195e+06 1.00003 -3.4956 0 1.01393 1.01398 507249 0.9999 3.4956 4.49752e-06 
0.06205 0.0112043 2.02915e+06 0 0 1.52193e+06 1.00004 -4.45249 0 1.01391 1.01397 507223 0.999873 4.45249 5.69665e-06 
0.0657 0.0112044 2.0291e+06 0 0 1.52191e+06 1.00005 -5.65004 0 1.01388 1.01395 507193 0.999838 5.65004 7.19166e-06 
0.06935 0.0112046 2.02905e+06 0 0 1.52189e+06 1.00007 -7.14614 0 1.01385 1.01394 507159 0.999795 7.14614 9.05304e-06 
0.073 0.0112047 2.029e+06 0 0 1.52188e+06 1.00009 -9.01233 0 1.01381 1.01393 507119 0.999741 9.01233 1.13678e-05 
0.07665 0.0112047 2.02895e+06 0 0 1.52188e+06 1.00011 -11.3371 0 1.01376 1.01391 507072 0.999674 11.3371 1.42434e-05 
0.0803 0.0112047 2.0289e+06 0 0 1.52188e+06 1.00014 -14.2296 0 1.01371 1.01389 507017 0.99959 14.2296 1.78128e-05 
0.08395 0.0112046 2.02885e+06 0 0 1.5219e+06 1.00017 -17.8249 0 1.01364 1.01386 506952 0.999486 17.8249 2.22397e-05 
0.0876 0.0112045 2.0288e+06 0 0 1.52193e+06 1.00021 -22.2899 0 1.01355 1.01383 506874 0.999356 22.2899 2.77266e-05 
0.09125 0.0112042 2.02875e+06 0 0 1.52197e+06 1.00027 -27.8303 0 1.01345 1.01379 506779 0.999195 27.8303 3.45233e-05 
0.0949 0.0112038 2.0287e+06 0 0 1.52203e+06 1.00033 -34.7005 0 1.01332 1.01375 506666 0.998996 34.7005 4.29382e-05 
0.09855 0.0112033 2.02865e+06 0 0 1.52212e+06 1.00042 -43.2144 0 1.01316 1.01369 506527 0.998748 43.2144 5.33518e-05 
0.1022 0.0112025 2.0286e+06 0 0 1.52224e+06 1.00052 -53.7592 0 1.01296 1.01363 506359 0.99844 53.7592 6.62333e-05 
0.10585 0.0112016 2.02855e+06 0 0 1.5224e+06 1.00065 -66.8127 0 1.01272 1.01355 506153 0.99806 66.8127 8.21613e-05 
0.1095 0.0112003 2.0285e+06 0 0 1.5226e+06 1.0008 -82.964 0 1.01242 1.01345 505902 0.997588 82.964 0.000101849 
0.11315 0.0111986 2.02845e+06 0 0 1.52286e+06 1.001 -102.939 0 1.01206 1.01333 505593 0.997005 102.939 0.000126175 
0.1168 0.0111965 2.0284e+06 0 0 1.52319e+06 1.00124 -127.63 0 1.01161 1.01318 505215 0.996282 127.63 0.000156221 
0.12045 0.0111938 2.02835e+06 0 0 1.5236e+06 1.00154 -158.137 0 1.01105 1.013 504749 0.995389 158.137 0.000193316 
0.1241 0.0111905 2.0283e+06 0 0 1.52412e+06 1.00191 -195.81 0 1.01036 1.01277 504177 0.994285 195.81 0.000239096 
0.12775 0.0111862 2.02825e+06 0 0 1.52478e+06 1.00236 -242.303 0 1.00952 1.01249 503473 0.99292 242.303 0.000295566 
0.1314 0.011181 2.0282e+06 0 0 1.52559e+06 1.00292 -299.642 0 1.00847 1.01215 502605 0.991234 299.642 0.000365184 
0.13505 0.0111744 2.02815e+06 0 0 1.52661e+06 1.00362 -370.297 0 1.00719 1.01173 501537 0.989152 370.297 0.000450959 
0.1387 0.0111662 2.0281e+06 0 0 1.52788e+06 1.00447 -457.272 0 1.0056 1.0112 500222 0.986583 457.272 0.000556562 
0.14235 0.0111561 2.02805e+06 0 0 1.52945e+06 1.00553 -564.203 0 1.00364 1.01056 498604 0.983415 564.203 0.000686463 
0.146 0.0111436 2.028e+06 0 0 1.53139e+06 1.00683 -695.46 0 1.00124 1.00975 496612 0.97951 695.46 0.000846088 
0.14965 0.0111282 2.02795e+06 0 0 1.53379e+06 1.00843 -856.258 0 0.99827 1.00876 494162 0.974703 856.258 0.00104199 
0.1533 0.0111093 2.0279e+06 0 0 1.53675e+06 1.0104 -1052.75 0 0.994622 1.00753 491153 0.968792 1052.75 0.00128207 
0.15695 0.0110861 2.02785e+06 0 0 1.54039e+06 1.01282 -1292.11 0 0.990138 1.006 487462 0.961534 1292.11 0.00157575 
0.1606 0.0110577 2.0278e+06 0 0 1.54486e+06 1.01579 -1582.51 0 0.984634 1.00411 482940 0.952638 1582.51 0.00193422 
0.16425 0.0110232 2.02775e+06 0 0 1.55034e+06 1.01941 -1933.03 0 0.977884 1.00175 477414 0.94176 1933.03 0.00237064 
0.1679 0.0109814 2.0277e+06 0 0 1.55702e+06 1.02383 -2353.41 0 0.969622 0.998824 470679 0.928498 2353.41 0.00290024 
0.17155 0.010931 2.02765e+06 0 0 1.56515e+06 1.0292 -2853.43 0 0.959527 0.995176 462501 0.912388 2853.43 0.00354044 
0.1752 0.0108706 2.0276e+06 0 0 1.57499e+06 1.0357 -3442.04 0 0.947221 0.990628 452614 0.892907 3442.04 0.00431063 
0.17885 0.010799 2.02755e+06 0 0 1.58682e+06 1.04351 -4125.82 0 0.932265 0.98495 440730 0.869482 4125.82 0.00523172 
0.1825 0.0107148 2.0275e+06 0 0 1.60096e+06 1.05283 -4906.92 0 0.914149 0.97785 426542 0.841513 4906.92 0.00632518 
0.18615 0.010617 2.02745e+06 0 0 1.6177e+06 1.06386 -5780.22 0 0.8923 0.968959 409751 0.808406 5780.22 0.00761123 
0.1898 0.0105047 2.0274e+06 0 0 1.63731e+06 1.07679 -6729.88 0 0.866083 0.957806 390086 0.769628 6729.88 0.00910593 
0.19345 0.0103781 2.02735e+06 0 0 1.66e+06 1.09174 -7725.64 0 0.834828 0.943796 367350 0.724788 7725.64 0.0108166 
0.1971 0.0102379 2.0273e+06 0 0 1.68583e+06 1.10876 -8719.64 0 0.797862 0.926177 341465 0.673734 8719.64 0.0127351 
0.20075 0.010086 2.02725e+06 0 0 1.71471e+06 1.12778 -9644.92 0 0.754572 0.904006 312535 0.616668 9644.92 0.0148282 
0.2044 0.00992533 2.0272e+06 0 0 1.7463e+06 1.14858 -10417.3 0 0.704504 0.876129 280900 0.554262 10417.3 0.017026 
0.20805 0.00976004 2.02715e+06 0 0 1.77996e+06 1.17075 -10942.4 0 0.647498 0.841175 247186 0.48775 10942.4 0.0192077 
0.2117 0.00959514 2.0271e+06 0 0 1.81479e+06 1.19368 -11129 0 0.583864 0.797627 212313 0.41895 11129 0.0211913 
0.21535 0.00943615 2.02705e+06 0 0 1.84959e+06 1.2166 -10908.5 0 0.514585 0.74401 177463 0.350189 10908.5 0.0227327 
0.219 0.00928846 2.027e+06 0 0 1.88303e+06 1.23863 -10256.9 0 0.441482 0.67929 143968 0.2841 10256.9 0.0235488 
0.22265 0.00915672 2.02695e+06 0 0 1.9138e+06 1.25891 -9212.93 0 0.367257 0.603519 113146 0.223282 9212.93 0.0233786 
0.2263 0.00904416 2.0269e+06 0 0 1.94081e+06 1.2767 -7881.74 0 0.295278 0.518595 86088 0.169891 7881.74 0.022079 
0.22995 0.00895219 2.02685e+06 0 0 1.96338e+06 1.29158 -6416.85 0 0.229062 0.428719 63473.7 0.125266 6416.85 0.0197217 
0.2336 0.0088803 2.0268e+06 0 0 1.98133e+06 1.30342 -4981.29 0 0.171518 0.33993 45471.4 0.0897403 4981.29 0.0166201 
0.23725 0.00882637 2.02675e+06 0 0 1.99497e+06 1.31243 -3704.71 0 0.124303 0.258565 31777.3 0.0627157 3704.71 0.0132385 
0.2409 0.00878738 2.0267e+06 0 0 2.00493e+06 1.31901 -2657.77 0 0.0875876 0.189345 21765.7 0.042958 2657.77 0.0100261 
0.24455 0.00876004 2.02665e+06 0 0 2.01197e+06 1.32367 -1853.18 0 0.060333 0.134278 14680.6 0.028975 1853.18 0.00728145 
0.2482 0.00874132 2.0266e+06 0 0 2.01681e+06 1.32689 -1264.89 0 0.0408475 0.0928474 9790.65 0.0193243 1264.89 0.0051182 
0.25185 0.00872875 2.02655e+06 0 0 2.02007e+06 1.32907 -850.224 0 0.0273095 0.0629998 6477.6 0.0127855 850.224 0.00351175 
0.2555 0.00872043 2.0265e+06 0 0 2.02224e+06 1.33053 -565.427 0 0.0180975 0.0421741 4262.16 0.00841284 565.427 0.00236848 
0.25915 0.00871499 2.02645e+06 0 0 2.02366e+06 1.33149 -373.302 0 0.0119203 0.0279693 2794.02 0.0055151 373.302 0.00157854 
0.2628 0.00871149 2.0264e+06 0 0 2.02457e+06 1.33213 -245.258 0 0.00781945 0.0184311 1827.04 0.00360648 245.258 0.00104363 
0.26645 0.00870927 2.02635e+06 0 0 2.02516e+06 1.33255 -160.612 0 0.00511539 0.0120939 1192.76 0.00235451 160.612 0.000686272 
0.2701 0.00870789 2.0263e+06 0 0 2.02552e+06 1.33282 -104.955 0 0.00334038 0.00791323 777.837 0.00153548 104.955 0.000449676 
0.27375 0.00870707 2.02625e+06 0 0 2.02574e+06 1.333 -68.4887 0 0.00217869 0.00516808 506.889 0.00100064 68.4887 0.000293956 
0.2774 0.0087066 2.0262e+06 0 0 2.02587e+06 1.33312 -44.6513 0 0.00141989 0.0033711 330.167 0.000651796 44.6513 0.000191865 
0.28105 0.00870637 2.02615e+06 0 0 2.02593e+06 1.33319 -29.093 0 0.000924885 0.00219717 214.991 0.000424433 29.093 0.000125103 
0.2847 0.0087063 2.0261e+06 0 0 2.02596e+06 1.33324 -18.9483 0 0.000602247 0.00143129 139.965 0.000276324 18.9483 8.15184e-05 
0.28835 0.00870633 2.02605e+06 0 0 2.02596e+06 1.33327 -12.3379 0 0.000392069 0.000932047 91.1083 0.000179874 12.3379 5.30951e-05 
0.292 0.00870642 2.026e+06 0 0 2.02594e+06 1.33329 -8.03226 0 0.000255203 0.000606806 59.3004 0.000117079 8.03226 3.45724e-05 
0.29565 0.00870656 2.02595e+06 0 0 2.02591e+06 1.33331 -5.22861 0 0.000166097 0.000394998 38.5949 7.62011e-05 5.22861 2.25073e-05 
0.2993 0.00870672 2.0259e+06 0 0 2.02587e+06 1.33332 -3.40331 0 0.000108096 0.000257096 25.1179 4.95935e-05 3.40331 1.46508e-05 
0.30295 0.0087069 2.02585e+06 0 0 2.02583e+06 1.33332 -2.21511 0 7.03446e-05 0.000167326 16.3463 3.22755e-05 2.21511 9.53595e-06 
0.3066 0.00870709 2.0258e+06 0 0 2.02579e+06 1.33333 -1.4417 0 4.57757e-05 0.000108896 10.6377 2.10044e-05 1.4417 6.20642e-06 
0.31025 0.0087073 2.02575e+06 0 0 2.02574e+06 1.33333 -0.9383 0 2.97869e-05 7.08666e-05 6.92253 1.36691e-05 0.9383 4.03924e-06 
0.3139 0.0087075 2.0257e+06 0 0 2.0257e+06 1.33333 -0.610662 0 1.93822e-05 4.61167e-05 4.50478 8.89525e-06 0.610662 2.62873e-06 
0.31755 0.00870771 2.02565e+06 0 0 2.02565e+06 1.33333 -0.397423 0 1.26115e-05 3.00099e-05 2.93139 5.78854e-06 0.397423 1.71073e-06 
0.3212 0.00870792 2.0256e+06 0 0 2.0256e+06 1.33333 -0.258643 0 8.20577e-06 1.95281e-05 1.90751 3.7668e-06 0.258643 1.11329e-06 
0.32485 0.00870813 2.02555e+06 0 0 2.02555e+06 1.33333 -0.168323 0 5.33898e-06 1.27071e-05 1.24122 2.45113e-06 0.168323 7.24482e-07 
0.3285 0.00870835 2.0255e+06 0 0 2.0255e+06 1.33333 -0.109542 0 3.47363e-06 8.26841e-06 0.807651 1.59497e-06 0.109542 4.71455e-07 
0.33215 0.00870856 2.02545e+06 0 0 2.02545e+06 1.33333 -0.0712879 0 2.25991e-06 5.38008e-06 0.52552 1.03783e-06 0.0712879 3.06795e-07 
0.3358 0.00870877 2.0254e+06 0 0 2.0254e+06 1.33333 -0.0463931 0 1.47023e-06 3.50065e-06 0.341939 6.75302e-07 0.0463931 1.99644e-07 
0.33945 0.00870899 2.02535e+06 0 0 2.02535e+06 1.33333 -0.0301933 0 9.5647e-07 2.2778e-06 0.222493 4.39416e-07 0.0301933 1.29922e-07 
0.3431 0.0087092 2.0253e+06 0 0 2.0253e+06 1.33333 -0.0196533 0 6.22285e-07 1.4823e-06 0.144789 2.8596e-07 0.0196533 8.45619e-08 
0.34675 0.00870942 2.02525e+06 0 0 2.02525e+06 1.33333 -0.0127994 0 4.05019e-07 9.65063e-07 0.0942659 1.86181e-07 0.0127994 5.5067e-08 
0.3504 0.00870963 2.0252e+06 0 0 2.0252e+06 1.33333 -0.00834949 0 2.63988e-07 6.29292e-07 0.0614683 1.21407e-07 0.0083495 3.5919e-08 
0.35405 0.00870985 2.02515e+06 0 0 2.02515e+06 1.33333 -0.00547475 0 1.72889e-07 4.12397e-07 0.0402823 7.95642e-08 0.00547475 2.35499e-08 
0.3577 0.00871006 2.0251e+06 0 0 2.0251e+06 1.33333 -0.00364662 0 1.14953e-07 2.74473e-07 0.0268101 5.29557e-08 0.00364663 1.5685e-08 
0.36135 0.00871028 2.02505e+06 0 0 2.02505e+06 1.33333 -0.00254325 0 7.99707e-08 1.91224e-07 0.0186785 3.68949e-08 0.00254325 1.09391e-08 
0.365 0.00871049 2.025e+06 0 0 2.025e+06 1.33333 -0.00199988 0 6.27212e-08 1.5022e-07 0.0146733 2.89843e-08 0.00199988 8.60344e-09 


0 0.0112 2.03e+06 0 0 1.5225e+06 1 0 0 1.01407 1.01407 507500 1 0 1.83962e-09 
0.00365 0.0112003 2.02995e+06 0 0 1.52246e+06 1 -0.00879992 0 1.01407 1.01407 507487 1 0.00879992 1.49629e-08 
0.0073 0.0112005 2.0299e+06 0 0 1.52243e+06 1 -0.0216242 0 1.01406 1.01406 507475 0.999999 0.0216242 3.35851e-08 
0.01095 0.0112008 2.02985e+06 0 0 1.52239e+06 1 -0.0397241 0 1.01406 1.01406 507462 0.999999 0.0397241 5.93184e-08 
0.0146 0.0112011 2.0298e+06 0 0 1.52235e+06 1 -0.064678 0 1.01405 1.01405 507449 0.999998 0.064678 9.41815e-08 
0.01825 0.0112014 2.02975e+06 0 0 1.52231e+06 1 -0.0984697 0 1.01405 1.01405 507436 0.999997 0.0984697 1.40696e-07 
0.0219 0.0112016 2.0297e+06 0 0 1.52228e+06 1 -0.143586 0 1.01404 1.01404 507423 0.999996 0.143586 2.02001e-07 
0.02555 0.0112019 2.02965e+06 0 0 1.52224e+06 1 -0.203135 0 1.01404 1.01404 507410 0.999994 0.203135 2.81994e-07 
0.0292 0.0112022 2.0296e+06 0 0 1.5222e+06 1 -0.280994 0 1.01403 1.01403 507396 0.999992 0.280994 3.85511e-07 
0.03285 0.0112024 2.02955e+06 0 0 1.52217e+06 1 -0.381995 0 1.01402 1.01403 507382 0.999989 0.381995 5.18547e-07 
0.0365 0.0112027 2.0295e+06 0 0 1.52213e+06 1 -0.512146 0 1.01402 1.01402 507368 0.999986 0.512146 6.88532e-07 
0.04015 0.011203 2.02945e+06 0 0 1.5221e+06 1.00001 -0.67891 0 1.01401 1.01402 507353 0.999981 0.67891 9.04671e-07 
0.0438 0.0112032 2.0294e+06 0 0 1.52206e+06 1.00001 -0.891552 0 1.014 1.01401 507337 0.999975 0.891552 1.17836e-06 
0.04745 0.0112035 2.02935e+06 0 0 1.52203e+06 1.00001 -1.16156 0 1.01399 1.014 507321 0.999967 1.16156 1.5237e-06 
0.0511 0.0112037 2.0293e+06 0 0 1.522e+06 1.00001 -1.50318 0 1.01398 1.014 507303 0.999957 1.50318 1.95814e-06 
0.05475 0.011204 2.02925e+06 0 0 1.52197e+06 1.00002 -1.93405 0 1.01397 1.01399 507285 0.999945 1.93405 2.50326e-06 
0.0584 0.0112042 2.0292e+06 0 0 1.52194e+06 1.00002 -2.476 0 1.01395 1.01398 507264 0.999929 2.476 3.18574e-06 
0.06205 0.0112044 2.02915e+06 0 0 1.52191e+06 1.00003 -3.15605 0 1.01393 1.01397 507242 0.99991 3.15605 4.03854e-06 
0.0657 0.0112046 2.0291e+06 0 0 1.52188e+06 1.00004 -4.00764 0 1.01391 1.01396 507217 0.999885 4.00764 5.10241e-06 
0.06935 0.0112048 2.02905e+06 0 0 1.52186e+06 1.00005 -5.0721 0 1.01389 1.01395 507189 0.999855 5.0721 6.42771e-06 
0.073 0.0112049 2.029e+06 0 0 1.52184e+06 1.00006 -6.40054 0 1.01386 1.01394 507157 0.999816 6.40054 8.07666e-06 
0.07665 0.011205 2.02895e+06 0 0 1.52183e+06 1.00008 -8.05617 0 1.01382 1.01393 507120 0.999768 8.05617 1.01261e-05 
0.0803 0.0112051 2.0289e+06 0 0 1.52182e+06 1.0001 -10.1171 0 1.01378 1.01391 507077 0.999709 10.1171 1.2671e-05 
0.08395 0.0112051 2.02885e+06 0 0 1.52182e+06 1.00012 -12.6797 0 1.01373 1.01389 507027 0.999634 12.6797 1.58285e-05 
0.0876 0.0112051 2.0288e+06 0 0 1.52183e+06 1.00015 -15.8634 0 1.01367 1.01387 506968 0.999542 15.8634 1.97436e-05 
0.09125 0.011205 2.02875e+06 0 0 1.52185e+06 1.00019 -19.8154 0 1.01359 1.01384 506897 0.999427 19.8154 2.45949e-05 
0.0949 0.0112048 2.0287e+06 0 0 1.52189e+06 1.00024 -24.7176 0 1.0135 1.01381 506812 0.999285 24.7176 3.06032e-05 
0.09855 0.0112045 2.02865e+06 0 0 1.52194e+06 1.0003 -30.7946 0 1.01338 1.01377 506710 0.999108 30.7946 3.8041e-05 
0.1022 0.011204 2.0286e+06 0 0 1.52201e+06 1.00037 -38.3237 0 1.01324 1.01372 506586 0.998889 38.3237 4.72446e-05 
0.10585 0.0112034 2.02855e+06 0 0 1.52211e+06 1.00046 -47.6473 0 1.01307 1.01366 506436 0.998617 47.6473 5.86286e-05 
0.1095 0.0112026 2.0285e+06 0 0 1.52225e+06 1.00057 -59.1876 0 1.01286 1.01359 506253 0.99828 59.1876 7.27048e-05 
0.11315 0.0112015 2.02845e+06 0 0 1.52242e+06 1.00071 -73.4655 0 1.01259 1.0135 506029 0.997863 73.4655 9.01039e-05 
0.1168 0.0112 2.0284e+06 0 0 1.52265e+06 1.00088 -91.1228 0 1.01227 1.01339 505755 0.997347 91.1228 0.000111603 
0.12045 0.0111982 2.02835e+06 0 0 1.52293e+06 1.0011 -112.95 0 1.01187 1.01326 505419 0.996709 112.95 0.00013816 
0.1241 0.0111959 2.0283e+06 0 0 1.52329e+06 1.00136 -139.921 0 1.01138 1.0131 505006 0.995919 139.921 0.000170952 
0.12775 0.0111929 2.02825e+06 0 0 1.52375e+06 1.00169 -173.232 0 1.01077 1.0129 504498 0.994943 173.232 0.000211427 
0.1314 0.0111892 2.0282e+06 0 0 1.52433e+06 1.00209 -214.35 0 1.01002 1.01265 503874 0.993737 214.35 0.000261365 
0.13505 0.0111846 2.02815e+06 0 0 1.52504e+06 1.00258 -265.076 0 1.0091 1.01235 503106 0.992246 265.076 0.000322947 
0.1387 0.0111788 2.0281e+06 0 0 1.52594e+06 1.0032 -327.607 0 1.00796 1.01197 502160 0.990406 327.607 0.000398846 
0.14235 0.0111716 2.02805e+06 0 0 1.52705e+06 1.00396 -404.624 0 1.00656 1.01151 500996 0.988133 404.624 0.000492329 
0.146 0.0111627 2.028e+06 0 0 1.52844e+06 1.00489 -499.378 0 1.00482 1.01094 499563 0.985331 499.378 0.000607379 
0.14965 0.0111516 2.02795e+06 0 0 1.53015e+06 1.00604 -615.795 0 1.00269 1.01023 497798 0.981875 615.795 0.000748841 
0.1533 0.011138 2.0279e+06 0 0 1.53227e+06 1.00746 -758.58 0 1.00007 1.00936 495628 0.977619 758.58 0.000922585 
0.15695 0.0111212 2.02785e+06 0 0 1.53489e+06 1.00921 -933.327 0 0.996837 1.00827 492961 0.972381 933.327 0.00113569 
0.1606 0.0111006 2.0278e+06 0 0 1.53811e+06 1.01135 -1146.6 0 0.992863 1.00692 489685 0.965944 1146.6 0.00139666 
0.16425 0.0110754 2.02775e+06 0 0 1.54208e+06 1.01398 -1405.98 0 0.987982 1.00526 485670 0.958047 1405.98 0.00171563 
0.1679 0.0110446 2.0277e+06 0 0 1.54694e+06 1.01721 -1720.06 0 0.981993 1.00318 480756 0.948376 1720.06 0.00210457 
0.17155 0.0110072 2.02765e+06 0 0 1.55289e+06 1.02114 -2098.21 0 0.974653 1.00061 474757 0.936565 2098.21 0.00257749 
0.1752 0.010962 2.0276e+06 0 0 1.56014e+06 1.02594 -2550.28 0 0.965676 0.997398 467456 0.922186 2550.28 0.00315052 
0.17885 0.0109077 2.02755e+06 0 0 1.56894e+06 1.03175 -3085.86 0 0.954717 0.993403 458606 0.904749 3085.86 0.00384193 
0.1825 0.0108429 2.0275e+06 0 0 1.57957e+06 1.03876 -3713.11 0 0.941374 0.988419 447930 0.88371 3713.11 0.00467181 
0.18615 0.0107662 2.02745e+06 0 0 1.59232e+06 1.04717 -4437.09 0 0.925178 0.982192 435132 0.858482 4437.09 0.00566147 
0.1898 0.0106765 2.0274e+06 0 0 1.60749e+06 1.05718 -5257.32 0 0.905593 0.974401 419905 0.82846 5257.32 0.00683213 
0.19345 0.0105727 2.02735e+06 0 0 1.62539e+06 1.06898 -6164.7 0 0.882019 0.964639 401958 0.79307 6164.7 0.00820272 
0.1971 0.0104545 2.0273e+06 0 0 1.64626e+06 1.08272 -7137.86 0 0.853804 0.952385 381044 0.751825 7137.86 0.00978636 
0.20075 0.0103221 2.02725e+06 0 0 1.67024e+06 1.09853 -8139.62 0 0.82027 0.936985 357009 0.704421 8139.62 0.0115849 
0.2044 0.0101768 2.0272e+06 0 0 1.69736e+06 1.11639 -9114.25 0 0.78076 0.917611 329844 0.650836 9114.25 0.0135813 
0.20805 0.0100208 2.02715e+06 0 0 1.72741e+06 1.13618 -9987.2 0 0.734713 0.893235 299742 0.591455 9987.2 0.0157285 
0.2117 0.00985769 2.0271e+06 0 0 1.75994e+06 1.15761 -10668.9 0 0.681777 0.862611 267158 0.527173 10668.9 0.0179374 
0.21535 0.00969192 2.02705e+06 0 0 1.79421e+06 1.18018 -11064.3 0 0.621962 0.824294 232840 0.459466 11064.3 0.0200629 
0.219 0.00952879 2.027e+06 0 0 1.82917e+06 1.20321 -11089 0 0.555835 0.776752 197825 0.39038 11089 0.0218963 
0.22265 0.00937384 2.02695e+06 0 0 1.86358e+06 1.22587 -10690 0 0.484706 0.718628 163372 0.3224 10690 0.0231727 
0.2263 0.00923224 2.0269e+06 0 0 1.89607e+06 1.24727 -9867.7 0 0.410769 0.649249 130833 0.258193 9867.7 0.0236086 
0.22995 0.00910813 2.02685e+06 0 0 1.92539e+06 1.26659 -8688.97 0 0.337042 0.569341 101456 0.200224 8688.97 0.0229787 
0.2336 0.00900402 2.0268e+06 0 0 1.95062e+06 1.28322 -7282.51 0 0.267037 0.481737 76182.1 0.15035 7282.51 0.0212191 
0.23725 0.00892051 2.02675e+06 0 0 1.97127e+06 1.29683 -5811.17 0 0.204113 0.391521 55483.6 0.109503 5811.17 0.0185047 
0.2409 0.00885636 2.0267e+06 0 0 1.98738e+06 1.30746 -4428.81 0 0.150723 0.305088 39321.6 0.0776072 4428.81 0.0152283 
0.24455 0.00880901 2.02665e+06 0 0 1.99941e+06 1.31541 -3242.26 0 0.107905 0.228316 27237 0.0537577 3242.26 0.011869 
0.2482 0.00877522 2.0266e+06 0 0 2.00807e+06 1.32114 -2296.74 0 0.0752742 0.164863 18527.8 0.0365692 2296.74 0.00882483 
0.25185 0.00875177 2.02655e+06 0 0 2.01412e+06 1.32515 -1586.12 0 0.0514514 0.115607 12433.1 0.0245404 1586.12 0.00631622 
0.2555 0.00873586 2.0265e+06 0 0 2.01824e+06 1.3279 -1075.09 0 0.0346367 0.0792602 8261.72 0.0163074 1075.09 0.00439152 
0.25915 0.00872524 2.02645e+06 0 0 2.021e+06 1.32975 -719.127 0 0.023064 0.0534514 5452.35 0.0107624 719.127 0.00298966 
0.2628 0.00871825 2.0264e+06 0 0 2.02282e+06 1.33098 -476.649 0 0.0152418 0.0356291 3581.47 0.00706962 476.649 0.00200541 
0.26645 0.00871371 2.02635e+06 0 0 2.024e+06 1.33179 -313.984 0 0.0100206 0.0235599 2345.15 0.0046293 313.984 0.00133163 
0.2701 0.0087108 2.0263e+06 0 0 2.02477e+06 1.33233 -205.979 0 0.00656517 0.0154951 1532.38 0.00302499 205.979 0.000878209 
0.27375 0.00870897 2.02625e+06 0 0 2.02525e+06 1.33268 -134.758 0 0.00429137 0.0101543 999.917 0.00197393 134.758 0.000576554 
0.2774 0.00870785 2.0262e+06 0 0 2.02555e+06 1.3329 -88.0041 0 0.00280082 0.00663853 651.875 0.00128689 88.0041 0.000377379 
0.28105 0.00870719 2.02615e+06 0 0 2.02572e+06 1.33305 -57.4036 0 0.00182617 0.00433322 424.722 0.000838482 57.4036 0.000246523 
0.2847 0.00870684 2.0261e+06 0 0 2.02582e+06 1.33315 -37.4145 0 0.0011899 0.00282554 276.615 0.000546103 37.4145 0.000160833 
0.28835 0.00870668 2.02605e+06 0 0 2.02587e+06 1.33321 -24.3738 0 0.000774981 0.00184119 180.108 0.000355585 24.3738 0.00010484 
0.292 0.00870666 2.026e+06 0 0 2.02588e+06 1.33326 -15.8731 0 0.000504602 0.00119924 117.251 0.000231493 15.8731 6.83024e-05 
0.29565 0.00870671 2.02595e+06 0 0 2.02587e+06 1.33328 -10.3349 0 0.000328491 0.000780879 76.3223 0.000150689 10.3349 4.44824e-05 
0.2993 0.00870683 2.0259e+06 0 0 2.02585e+06 1.3333 -6.72806 0 0.000213818 0.000508369 49.6767 9.80833e-05 6.72806 2.89625e-05 
0.30295 0.00870697 2.02585e+06 0 0 2.02582e+06 1.33331 -4.37958 0 0.000139164 0.000330917 32.3319 6.38387e-05 4.37958 1.88546e-05 
0.3066 0.00870715 2.0258e+06 0 0 2.02578e+06 1.33332 -2.85068 0 9.05696e-05 0.000215388 21.0423 4.15487e-05 2.85068 1.2273e-05 
0.31025 0.00870733 2.02575e+06 0 0 2.02574e+06 1.33332 -1.85544 0 5.89412e-05 0.000140184 13.6944 2.70407e-05 1.85544 7.98834e-06 
0.3139 0.00870753 2.0257e+06 0 0 2.02569e+06 1.33333 -1.20762 0 3.83566e-05 9.12336e-05 8.9122 1.75983e-05 1.20762 5.19924e-06 
0.31755 0.00870773 2.02565e+06 0 0 2.02564e+06 1.33333 -0.785971 0 2.49603e-05 5.93743e-05 5.79986 1.14528e-05 0.785971 3.38383e-06 
0.3212 0.00870794 2.0256e+06 0 0 2.0256e+06 1.33333 -0.511535 0 1.62423e-05 3.86395e-05 3.77436 7.45331e-06 0.511536 2.20225e-06 
0.32485 0.00870815 2.02555e+06 0 0 2.02555e+06 1.33333 -0.33292 0 1.0569e-05 2.51452e-05 2.45619 4.85042e-06 0.33292 1.43323e-06 
0.3285 0.00870836 2.0255e+06 0 0 2.0255e+06 1.33333 -0.216671 0 6.87719e-06 1.63633e-05 1.59836 3.15647e-06 0.216671 9.32735e-07 
0.33215 0.00870857 2.02545e+06 0 0 2.02545e+06 1.33333 -0.141013 0 4.47485e-06 1.06483e-05 1.04011 2.05409e-06 0.141013 6.07012e-07 
0.3358 0.00870879 2.0254e+06 0 0 2.0254e+06 1.33333 -0.0917742 0 2.91164e-06 6.92923e-06 0.67684 1.3367e-06 0.0917742 3.95037e-07 
0.33945 0.008709 2.02535e+06 0 0 2.02535e+06 1.33333 -0.0597314 0 1.89453e-06 4.50925e-06 0.440458 8.69891e-07 0.0597314 2.57097e-07 
0.3431 0.00870922 2.0253e+06 0 0 2.0253e+06 1.33333 -0.0388826 0 1.23287e-06 2.93484e-06 0.286672 5.66181e-07 0.0388826 1.67349e-07 
0.34675 0.00870943 2.02525e+06 0 0 2.02525e+06 1.33333 -0.0253243 0 8.02654e-07 1.91108e-06 0.186672 3.68689e-07 0.0253243 1.08988e-07 
0.3504 0.00870965 2.0252e+06 0 0 2.0252e+06 1.33333 -0.0165211 0 5.2337e-07 1.24644e-06 0.121751 2.40471e-07 0.0165211 7.1097e-08 
0.35405 0.00870986 2.02515e+06 0 0 2.02515e+06 1.33333 -0.0108336 0 3.4296e-07 8.17078e-07 0.079811 1.5764e-07 0.0108337 4.66184e-08 
0.3577 0.00871008 2.0251e+06 0 0 2.0251e+06 1.33333 -0.00721661 0 2.28231e-07 5.44035e-07 0.0531405 1.04964e-07 0.00721661 3.10519e-08 
0.36135 0.00871029 2.02505e+06 0 0 2.02505e+06 1.33333 -0.00503336 0 1.58974e-07 3.7923e-07 0.0370426 7.31688e-08 0.00503337 2.16569e-08 
0.365 0.00871051 2.025e+06 0 0 2.025e+06 1.33333 -0.00395811 0 1.24852e-07 2.98061e-07 0.0291142 5.75095e-08 0.00395812 1.70311e-08 


0 0.0112 2.03e+06 0 0 1.5225e+06 1 0 0 1.01407 1.01407 507500 1 0 1.12138e-09 
0.00365 0.0112003 2.02995e+06 0 0 1.52246e+06 1 -0.00615099 0 1.01407 1.01407 507487 1 0.00615099 1.02307e-08 
0.0073 0.0112006 2.0299e+06 0 0 1.52243e+06 1 -0.0151282 0 1.01406 1.01406 507475 1 0.0151282 2.32008e-08 
0.01095 0.0112008 2.02985e+06 0 0 1.52239e+06 1 -0.0278164 0 1.01406 1.01406 507462 0.999999 0.0278164 4.11734e-08 
0.0146 0.0112011 2.0298e+06 0 0 1.52235e+06 1 -0.045333 0 1.01405 1.01405 507449 0.999999 0.045333 6.55794e-08 
0.01825 0.0112014 2.02975e+06 0 0 1.52231e+06 1 -0.0690843 0 1.01405 1.01405 507437 0.999998 0.0690843 9.8208e-08 
0.0219 0.0112016 2.0297e+06 0 0 1.52228e+06 1 -0.100834 0 1.01404 1.01404 507424 0.999997 0.100834 1.41289e-07 
0.02555 0.0112019 2.02965e+06 0 0 1.52224e+06 1 -0.14279 0 1.01404 1.01404 507410 0.999996 0.14279 1.97594e-07 
0.0292 0.0112022 2.0296e+06 0 0 1.5222e+06 1 -0.197708 0 1.01403 1.01403 507397 0.999994 0.197708 2.70563e-07 
0.03285 0.0112025 2.02955e+06 0 0 1.52217e+06 1 -0.269023 0 1.01403 1.01403 507384 0.999992 0.269023 3.64468e-07 
0.0365 0.0112027 2.0295e+06 0 0 1.52213e+06 1 -0.361012 0 1.01402 1.01402 507370 0.99999 0.361012 4.84602e-07 
0.04015 0.011203 2.02945e+06 0 0 1.52209e+06 1 -0.47899 0 1.01401 1.01402 507356 0.999986 0.47899 6.37527e-07 
0.0438 0.0112033 2.0294e+06 0 0 1.52206e+06 1.00001 -0.629558 0 1.014 1.01401 507341 0.999982 0.629558 8.31373e-07 
0.04745 0.0112035 2.02935e+06 0 0 1.52202e+06 1.00001 -0.820905 0 1.014 1.01401 507326 0.999977 0.820905 1.0762e-06 
0.0511 0.0112038 2.0293e+06 0 0 1.52199e+06 1.00001 -1.06319 0 1.01399 1.014 507310 0.99997 1.06319 1.38446e-06 
0.05475 0.011204 2.02925e+06 0 0 1.52196e+06 1.00001 -1.36898 0 1.01398 1.01399 507293 0.999961 1.36898 1.77156e-06 
0.0584 0.0112042 2.0292e+06 0 0 1.52193e+06 1.00002 -1.75387 0 1.01396 1.01399 507275 0.99995 1.75387 2.25655e-06 
0.06205 0.0112045 2.02915e+06 0 0 1.52189e+06 1.00002 -2.23715 0 1.01395 1.01398 507255 0.999936 2.23715 2.86297e-06 
0.0657 0.0112047 2.0291e+06 0 0 1.52187e+06 1.00003 -2.84267 0 1.01393 1.01397 507234 0.999919 2.84267 3.61995e-06 
0.06935 0.0112049 2.02905e+06 0 0 1.52184e+06 1.00003 -3.59997 0 1.01392 1.01396 507210 0.999897 3.59997 4.56344e-06 
0.073 0.0112051 2.029e+06 0 0 1.52182e+06 1.00004 -4.54554 0 1.01389 1.01395 507184 0.99987 4.54554 5.73793e-06 
0.07665 0.0112052 2.02895e+06 0 0 1.5218e+06 1.00005 -5.72453 0 1.01387 1.01394 507154 0.999835 5.72453 7.19833e-06 
0.0803 0.0112054 2.0289e+06 0 0 1.52178e+06 1.00007 -7.19273 0 1.01384 1.01393 507120 0.999793 7.19273 9.01252e-06 
0.08395 0.0112055 2.02885e+06 0 0 1.52177e+06 1.00009 -9.01912 0 1.0138 1.01391 507081 0.99974 9.01912 1.12643e-05 
0.0876 0.0112055 2.0288e+06 0 0 1.52177e+06 1.00011 -11.2889 0 1.01375 1.01389 507035 0.999674 11.2889 1.40573e-05 
0.09125 0.0112055 2.02875e+06 0 0 1.52177e+06 1.00014 -14.1074 0 1.0137 1.01387 506981 0.999592 14.1074 1.75194e-05 
0.0949 0.0112055 2.0287e+06 0 0 1.52178e+06 1.00017 -17.6047 0 1.01363 1.01385 506917 0.999491 17.6047 2.18085e-05 
0.09855 0.0112053 2.02865e+06 0 0 1.52181e+06 1.00021 -21.9415 0 1.01354 1.01382 506840 0.999364 21.9415 2.71196e-05 
0.1022 0.0112051 2.0286e+06 0 0 1.52185e+06 1.00026 -27.3162 0 1.01344 1.01378 506748 0.999208 27.3162 3.36935e-05 
0.10585 0.0112047 2.02855e+06 0 0 1.52191e+06 1.00033 -33.9739 0 1.01332 1.01374 506637 0.999014 33.9739 4.18273e-05 
0.1095 0.0112042 2.0285e+06 0 0 1.522e+06 1.00041 -42.2169 0 1.01316 1.01369 506503 0.998774 42.2169 5.18876e-05 
0.11315 0.0112035 2.02845e+06 0 0 1.52211e+06 1.00051 -52.4186 0 1.01297 1.01362 506340 0.998476 52.4186 6.43268e-05 
0.1168 0.0112026 2.0284e+06 0 0 1.52226e+06 1.00063 -65.0393 0 1.01274 1.01354 506140 0.998107 65.0393 7.97027e-05 
0.12045 0.0112013 2.02835e+06 0 0 1.52245e+06 1.00078 -80.6469 0 1.01245 1.01345 505896 0.997651 80.6469 9.87027e-05 
0.1241 0.0111997 2.0283e+06 0 0 1.5227e+06 1.00097 -99.9409 0 1.0121 1.01333 505598 0.997087 99.9409 0.000122174 
0.12775 0.0111977 2.02825e+06 0 0 1.52302e+06 1.0012 -123.783 0 1.01167 1.01319 505232 0.996389 123.783 0.000151159 
0.1314 0.0111951 2.0282e+06 0 0 1.52342e+06 1.00149 -153.232 0 1.01113 1.01301 504782 0.995526 153.232 0.000186941 
0.13505 0.0111919 2.02815e+06 0 0 1.52392e+06 1.00185 -189.591 0 1.01047 1.01279 504228 0.99446 189.591 0.000231097 
0.1387 0.0111878 2.0281e+06 0 0 1.52455e+06 1.00229 -234.457 0 1.00965 1.01252 503548 0.993142 234.457 0.000285563 
0.14235 0.0111827 2.02805e+06 0 0 1.52534e+06 1.00283 -289.785 0 1.00864 1.01219 502710 0.991515 289.785 0.000352711 
0.146 0.0111764 2.028e+06 0 0 1.52632e+06 1.0035 -357.961 0 1.0074 1.01178 501679 0.989506 357.961 0.000435446 
0.14965 0.0111685 2.02795e+06 0 0 1.52754e+06 1.00432 -441.889 0 1.00587 1.01128 500410 0.987027 441.889 0.000537314 
0.1533 0.0111588 2.0279e+06 0 0 1.52905e+06 1.00534 -545.086 0 1.00398 1.01065 498848 0.98397 545.086 0.000662635 
0.15695 0.0111467 2.02785e+06 0 0 1.53092e+06 1.0066 -671.785 0 1.00166 1.00988 496926 0.980202 671.785 0.000816657 
0.1606 0.0111319 2.0278e+06 0 0 1.53324e+06 1.00815 -827.047 0 0.998798 1.00892 494562 0.975563 827.047 0.00100573 
0.16425 0.0111136 2.02775e+06 0 0 1.53609e+06 1.01005 -1016.86 0 0.995278 1.00774 491657 0.969858 1016.86 0.00123748 
0.1679 0.0110912 2.0277e+06 0 0 1.53961e+06 1.01238 -1248.2 0 0.990951 1.00627 488093 0.962851 1248.2 0.00152108 
0.17155 0.0110638 2.02765e+06 0 0 1.54392e+06 1.01525 -1529.07 0 0.985639 1.00444 483727 0.954262 1529.07 0.00186738 
0.1752 0.0110304 2.0276e+06 0 0 1.54921e+06 1.01875 -1868.42 0 0.979123 1.00217 478389 0.943754 1868.42 0.00228918 
0.17885 0.0109899 2.02755e+06 0 0 1.55567e+06 1.02302 -2275.89 0 0.971145 0.999351 471880 0.930937 2275.89 0.00280136 
0.1825 0.0109411 2.0275e+06 0 0 1.56353e+06 1.02821 -2761.3 0 0.961393 0.99584 463971 0.915356 2761.3 0.00342094 
0.18615 0.0108826 2.02745e+06 0 0 1.57305e+06 1.0345 -3333.84 0 0.949502 0.991462 454402 0.8965 3333.84 0.004167 
0.1898 0.0108131 2.0274e+06 0 0 1.58451e+06 1.04207 -4000.62 0 0.935041 0.985999 442887 0.873803 4000.62 0.00506024 
0.19345 0.0107311 2.02735e+06 0 0 1.59823e+06 1.05111 -4764.76 0 0.917514 0.979169 429123 0.846668 4764.76 0.00612213 
0.1971 0.0106357 2.0273e+06 0 0 1.61449e+06 1.06184 -5622.61 0 0.896357 0.970618 412806 0.814495 5622.61 0.00737326 
0.20075 0.010526 2.02725e+06 0 0 1.63359e+06 1.07442 -6560.46 0 0.870947 0.959896 393660 0.776738 6560.46 0.0088307 
0.2044 0.0104018 2.0272e+06 0 0 1.65573e+06 1.08901 -7550.83 0 0.840618 0.946431 371471 0.732973 7550.83 0.0105037 
0.20805 0.0102639 2.02715e+06 0 0 1.68101e+06 1.10567 -8549.1 0 0.804692 0.929499 346135 0.682998 8549.1 0.0123874 
0.2117 0.0101138 2.0271e+06 0 0 1.70938e+06 1.12435 -9491.61 0 0.762541 0.908195 317721 0.626947 9491.61 0.0144537 
0.21535 0.00995442 2.02705e+06 0 0 1.74052e+06 1.14487 -10296.9 0 0.713674 0.8814 286525 0.565403 10296.9 0.01664 
0.219 0.0097896 2.027e+06 0 0 1.77388e+06 1.16683 -10871.5 0 0.657869 0.847781 253120 0.499496 10871.5 0.0188354 
0.22265 0.00962425 2.02695e+06 0 0 1.80857e+06 1.18969 -11122.6 0 0.595341 0.805837 218376 0.430945 11122.6 0.020869 
0.2263 0.00946383 2.0269e+06 0 0 1.84347e+06 1.21267 -10976 0 0.526941 0.754063 183434 0.361999 10976 0.0225065 
0.22995 0.00931382 2.02685e+06 0 0 1.87724e+06 1.23491 -10398.5 0 0.454338 0.69131 149612 0.29526 10398.5 0.0234688 
0.2336 0.00917903 2.0268e+06 0 0 1.90856e+06 1.25555 -9417 0 0.380084 0.617386 118243 0.23336 9417 0.0234847 
0.23725 0.00906298 2.02675e+06 0 0 1.93628e+06 1.27381 -8125.87 0 0.307463 0.533823 90473.9 0.17856 8125.87 0.0223832 
0.2409 0.00896742 2.0267e+06 0 0 1.95964e+06 1.28921 -6672.48 0 0.240014 0.444418 67064.5 0.132362 6672.48 0.0201938 
0.24455 0.00889215 2.02665e+06 0 0 1.97838e+06 1.30157 -5221.42 0 0.180807 0.354976 48273.5 0.0952775 5221.42 0.0171909 
0.2482 0.0088353 2.0266e+06 0 0 1.99273e+06 1.31105 -3910.64 0 0.131747 0.271924 33870.9 0.0668527 3910.64 0.0138238 
0.25185 0.00879395 2.02655e+06 0 0 2.00328e+06 1.31802 -2821.66 0 0.0932549 0.200375 23273.5 0.0459372 2821.66 0.0105558 
0.2555 0.00876481 2.0265e+06 0 0 2.01076e+06 1.32298 -1976.19 0 0.064467 0.14283 15735.1 0.0310586 1976.19 0.0077172 
0.25915 0.00874478 2.02645e+06 0 0 2.01594e+06 1.32642 -1353.26 0 0.0437634 0.0991508 10512.1 0.0207498 1353.26 0.005452 
0.2628 0.00873129 2.0264e+06 0 0 2.01944e+06 1.32875 -911.733 0 0.0293156 0.0674718 6963.42 0.0137454 911.733 0.00375457 
0.26645 0.00872234 2.02635e+06 0 0 2.02176e+06 1.33032 -607.307 0 0.0194533 0.0452605 4585.7 0.00905213 607.307 0.00253881 
0.2701 0.00871648 2.0263e+06 0 0 2.02329e+06 1.33135 -401.39 0 0.0128253 0.0300589 3007.86 0.00593764 401.39 0.00169509 
0.27375 0.0087127 2.02625e+06 0 0 2.02428e+06 1.33204 -263.907 0 0.00841859 0.0198274 1967.67 0.00388436 263.907 0.00112204 
0.2774 0.00871029 2.0262e+06 0 0 2.02491e+06 1.33249 -172.911 0 0.00550981 0.0130188 1284.93 0.00253663 172.911 0.000738442 
0.28105 0.00870879 2.02615e+06 0 0 2.02531e+06 1.33278 -113.031 0 0.00359908 0.00852224 838.108 0.00165458 113.031 0.000484128 
0.2847 0.00870788 2.0261e+06 0 0 2.02555e+06 1.33297 -73.7757 0 0.00234796 0.00556759 546.247 0.00107842 73.7757 0.000316597 
0.28835 0.00870737 2.02605e+06 0 0 2.02569e+06 1.3331 -48.1061 0 0.00153047 0.00363251 355.844 0.000702538 48.1061 0.000206697 
0.292 0.0087071 2.026e+06 0 0 2.02577e+06 1.33318 -31.3477 0 0.000997056 0.00236795 231.733 0.000457518 31.3477 0.0001348 
0.29565 0.00870701 2.02595e+06 0 0 2.0258e+06 1.33323 -20.4187 0 0.000649317 0.00154273 150.877 0.000297888 20.4187 8.78489e-05 
0.2993 0.00870702 2.0259e+06 0 0 2.0258e+06 1.33327 -13.2963 0 0.000422757 0.00100473 98.2188 0.000193926 13.2963 5.72245e-05 
0.30295 0.0087071 2.02585e+06 0 0 2.02579e+06 1.33329 -8.65676 0 0.000275205 0.000654186 63.9331 0.000126235 8.65676 3.72645e-05 
0.3066 0.00870723 2.0258e+06 0 0 2.02576e+06 1.33331 -5.63544 0 0.000179133 0.000425876 41.613 8.21661e-05 5.63544 2.42618e-05 
0.31025 0.00870739 2.02575e+06 0 0 2.02572e+06 1.33332 -3.66832 0 0.00011659 0.000277217 27.0841 5.34796e-05 3.66832 1.5794e-05 
0.3139 0.00870757 2.0257e+06 0 0 2.02568e+06 1.33332 -2.38772 0 7.58799e-05 0.000180436 17.6273 3.48072e-05 2.38772 1.02808e-05 
0.31755 0.00870776 2.02565e+06 0 0 2.02564e+06 1.33333 -1.55412 0 4.93828e-05 0.000117437 11.4722 2.26538e-05 1.55412 6.69163e-06 
0.3212 0.00870796 2.0256e+06 0 0 2.02559e+06 1.33333 -1.01152 0 3.21375e-05 7.64317e-05 7.46619 1.47437e-05 1.01152 4.35533e-06 
0.32485 0.00870817 2.02555e+06 0 0 2.02554e+06 1.33333 -0.658354 0 2.0914e-05 4.97427e-05 4.85898 9.59539e-06 0.658354 2.83465e-06 
0.3285 0.00870838 2.0255e+06 0 0 2.0255e+06 1.33333 -0.428488 0 1.36099e-05 3.23725e-05 3.16218 6.24474e-06 0.428488 1.84488e-06 
0.33215 0.00870859 2.02545e+06 0 0 2.02545e+06 1.33333 -0.278879 0 8.85654e-06 2.10678e-05 2.0579 4.06409e-06 0.278879 1.20069e-06 
0.3358 0.0087088 2.0254e+06 0 0 2.0254e+06 1.33333 -0.181508 0 5.7633e-06 1.37107e-05 1.33926 2.64492e-06 0.181508 7.81446e-07 
0.33945 0.00870901 2.02535e+06 0 0 2.02535e+06 1.33333 -0.11814 0 3.75051e-06 8.92313e-06 0.871604 1.72139e-06 0.11814 5.08609e-07 
0.3431 0.00870923 2.0253e+06 0 0 2.0253e+06 1.33333 -0.0769081 0 2.44101e-06 5.80818e-06 0.567337 1.1205e-06 0.0769081 3.31085e-07 
0.34675 0.00870944 2.02525e+06 0 0 2.02525e+06 1.33333 -0.0500929 0 1.5895e-06 3.78255e-06 0.369475 7.29737e-07 0.0500929 2.15637e-07 
0.3504 0.00870965 2.0252e+06 0 0 2.0252e+06 1.33333 -0.0326814 0 1.03668e-06 2.46739e-06 0.241012 4.76025e-07 0.0326814 1.40678e-07 
0.35405 0.00870987 2.02515e+06 0 0 2.02515e+06 1.33333 -0.0214319 0 6.79551e-07 1.61774e-06 0.158019 3.12113e-07 0.0214319 9.22493e-08 
0.3577 0.00871008 2.0251e+06 0 0 2.0251e+06 1.33333 -0.0142773 0 4.52439e-07 1.0774e-06 0.105239 2.07869e-07 0.0142773 6.14503e-08 
0.36135 0.0087103 2.02505e+06 0 0 2.02505e+06 1.33333 -0.00995854 0 3.15351e-07 7.51248e-07 0.0733808 1.44946e-07 0.00995854 4.28603e-08 
0.365 0.00871051 2.025e+06 0 0 2.025e+06 1.33333 -0.00783145 0 2.47826e-07 5.90614e-07 0.0576902 1.13956e-07 0.00783146 3.37052e-08 


0 0.0112 2.03e+06 0 0 1.5225e+06 1 0 0 1.01407 1.01407 507500 1 0 6.83559e-10 
0.00365 0.0112003 2.02995e+06 0 0 1.52246e+06 1 -0.00430278 0 1.01407 1.01407 507487 1 0.00430278 7.01232e-09 
0.0073 0.0112006 2.0299e+06 0 0 1.52243e+06 1 -0.0105909 0 1.01406 1.01406 507475 1 0.0105909 1.6052e-08 
0.01095 0.0112008 2.02985e+06 0 0 1.52239e+06 1 -0.0194901 0 1.01406 1.01406 507462 0.999999 0.0194901 2.86107e-08 
0.0146 0.0112011 2.0298e+06 0 0 1.52235e+06 1 -0.0317913 0 1.01405 1.01406 507450 0.999999 0.0317913 4.57026e-08 
0.01825 0.0112014 2.02975e+06 0 0 1.52231e+06 1 -0.0484912 0 1.01405 1.01405 507437 0.999999 0.0484912 6.85972e-08 
0.0219 0.0112016 2.0297e+06 0 0 1.52228e+06 1 -0.070841 0 1.01404 1.01405 507424 0.999998 0.070841 9.88778e-08 
0.02555 0.0112019 2.02965e+06 0 0 1.52224e+06 1 -0.100408 0 1.01404 1.01404 507411 0.999997 0.100408 1.38515e-07 
0.0292 0.0112022 2.0296e+06 0 0 1.5222e+06 1 -0.139151 0 1.01403 1.01403 507398 0.999996 0.139151 1.89957e-07 
0.03285 0.0112025 2.02955e+06 0 0 1.52217e+06 1 -0.189512 0 1.01403 1.01403 507385 0.999995 0.189512 2.56243e-07 
0.0365 0.0112027 2.0295e+06 0 0 1.52213e+06 1 -0.254535 0 1.01402 1.01402 507371 0.999993 0.254535 3.41147e-07 
0.04015 0.011203 2.02945e+06 0 0 1.52209e+06 1 -0.338004 0 1.01401 1.01402 507358 0.99999 0.338004 4.49346e-07 
0.0438 0.0112033 2.0294e+06 0 0 1.52206e+06 1 -0.444621 0 1.01401 1.01401 507344 0.999987 0.444621 5.86635e-07 
0.04745 0.0112035 2.02935e+06 0 0 1.52202e+06 1.00001 -0.580223 0 1.014 1.01401 507329 0.999984 0.580223 7.60194e-07 
0.0511 0.0112038 2.0293e+06 0 0 1.52199e+06 1.00001 -0.752051 0 1.01399 1.014 507314 0.999979 0.752051 9.78908e-07 
0.05475 0.011204 2.02925e+06 0 0 1.52195e+06 1.00001 -0.969076 0 1.01398 1.014 507298 0.999972 0.969076 1.25377e-06 
0.0584 0.0112043 2.0292e+06 0 0 1.52192e+06 1.00001 -1.24242 0 1.01397 1.01399 507282 0.999965 1.24242 1.59839e-06 
0.06205 0.0112045 2.02915e+06 0 0 1.52189e+06 1.00002 -1.58583 0 1.01396 1.01398 507265 0.999955 1.58583 2.02957e-06 
0.0657 0.0112048 2.0291e+06 0 0 1.52185e+06 1.00002 -2.01637 0 1.01395 1.01398 507246 0.999942 2.01637 2.56811e-06 
0.06935 0.011205 2.02905e+06 0 0 1.52182e+06 1.00002 -2.5551 0 1.01393 1.01397 507225 0.999927 2.5551 3.23972e-06 
0.073 0.0112052 2.029e+06 0 0 1.5218e+06 1.00003 -3.22809 0 1.01392 1.01396 507203 0.999907 3.22809 4.07616e-06 
0.07665 0.0112054 2.02895e+06 0 0 1.52177e+06 1.00004 -4.06759 0 1.0139 1.01395 507178 0.999883 4.06759 5.11669e-06 
0.0803 0.0112056 2.0289e+06 0 0 1.52175e+06 1.00005 -5.11346 0 1.01387 1.01394 507150 0.999853 5.11346 6.40982e-06 
0.08395 0.0112057 2.02885e+06 0 0 1.52173e+06 1.00006 -6.41498 0 1.01385 1.01393 507119 0.999815 6.41498 8.01548e-06 
0.0876 0.0112059 2.0288e+06 0 0 1.52172e+06 1.00008 -8.03306 0 1.01381 1.01391 507082 0.999768 8.03306 1.00077e-05 
0.09125 0.0112059 2.02875e+06 0 0 1.52171e+06 1.0001 -10.043 0 1.01377 1.0139 507040 0.99971 10.043 1.2478e-05 
0.0949 0.011206 2.0287e+06 0 0 1.52171e+06 1.00012 -12.5377 0 1.01372 1.01388 506991 0.999637 12.5377 1.55392e-05 
0.09855 0.0112059 2.02865e+06 0 0 1.52172e+06 1.00015 -15.6321 0 1.01366 1.01385 506933 0.999547 15.6321 1.9331e-05 
0.1022 0.0112059 2.0286e+06 0 0 1.52174e+06 1.00019 -19.4682 0 1.01358 1.01383 506864 0.999436 19.4682 2.40256e-05 
0.10585 0.0112057 2.02855e+06 0 0 1.52177e+06 1.00023 -24.2212 0 1.01349 1.01379 506781 0.999297 24.2212 2.98357e-05 
0.1095 0.0112054 2.0285e+06 0 0 1.52182e+06 1.00029 -30.1077 0 1.01338 1.01376 506682 0.999126 30.1077 3.70238e-05 
0.11315 0.0112049 2.02845e+06 0 0 1.52189e+06 1.00036 -37.3948 0 1.01325 1.01371 506561 0.998913 37.3948 4.5914e-05 
0.1168 0.0112044 2.0284e+06 0 0 1.52198e+06 1.00045 -46.4124 0 1.01308 1.01365 506415 0.99865 46.4124 5.69063e-05 
0.12045 0.0112036 2.02835e+06 0 0 1.52211e+06 1.00056 -57.5676 0 1.01287 1.01358 506238 0.998324 57.5676 7.04936e-05 
0.1241 0.0112025 2.0283e+06 0 0 1.52228e+06 1.00069 -71.3623 0 1.01262 1.0135 506021 0.997921 71.3623 8.72842e-05 
0.12775 0.0112011 2.02825e+06 0 0 1.52249e+06 1.00086 -88.4155 0 1.0123 1.01339 505755 0.997422 88.4155 0.000108027 
0.1314 0.0111994 2.0282e+06 0 0 1.52277e+06 1.00106 -109.489 0 1.01192 1.01326 505430 0.996805 109.489 0.000133646 
0.13505 0.0111971 2.02815e+06 0 0 1.52312e+06 1.00132 -135.522 0 1.01144 1.01311 505031 0.996043 135.522 0.000165277 
0.1387 0.0111943 2.0281e+06 0 0 1.52356e+06 1.00163 -167.669 0 1.01086 1.01292 504541 0.9951 167.669 0.000204316 
0.14235 0.0111907 2.02805e+06 0 0 1.52411e+06 1.00202 -207.345 0 1.01014 1.01268 503938 0.993936 207.345 0.000252481 
0.146 0.0111862 2.028e+06 0 0 1.5248e+06 1.0025 -256.287 0 1.00924 1.01238 503196 0.992497 256.287 0.000311876 
0.14965 0.0111807 2.02795e+06 0 0 1.52567e+06 1.00309 -316.619 0 1.00815 1.01202 502283 0.990721 316.619 0.000385083 
0.1533 0.0111737 2.0279e+06 0 0 1.52674e+06 1.00382 -390.93 0 1.00679 1.01158 501159 0.988529 390.93 0.000475256 
0.15695 0.0111651 2.02785e+06 0 0 1.52807e+06 1.00473 -482.363 0 1.00512 1.01102 499776 0.985824 482.363 0.000586244 
0.1606 0.0111545 2.0278e+06 0 0 1.52973e+06 1.00584 -594.72 0 1.00307 1.01034 498073 0.98249 594.72 0.00072273 
0.16425 0.0111413 2.02775e+06 0 0 1.53177e+06 1.00721 -732.561 0 1.00053 1.0095 495979 0.978383 732.561 0.000890393 
0.1679 0.0111252 2.0277e+06 0 0 1.5343e+06 1.00889 -901.315 0 0.997417 1.00845 493405 0.973329 901.315 0.00109609 
0.17155 0.0111053 2.02765e+06 0 0 1.53741e+06 1.01096 -1107.37 0 0.993583 1.00716 490243 0.967116 1107.37 0.00134806 
0.1752 0.0110809 2.0276e+06 0 0 1.54123e+06 1.0135 -1358.14 0 0.988873 1.00555 486366 0.959492 1358.14 0.00165613 
0.17885 0.0110511 2.02755e+06 0 0 1.54593e+06 1.01662 -1662.03 0 0.983091 1.00355 481621 0.950153 1662.03 0.00203195 
0.1825 0.011015 2.0275e+06 0 0 1.55168e+06 1.02042 -2028.31 0 0.976005 1.00107 475825 0.938742 2028.31 0.00248915 
0.18615 0.0109712 2.02745e+06 0 0 1.55868e+06 1.02505 -2466.77 0 0.967335 0.99798 468767 0.924841 2466.77 0.0030435 
0.1898 0.0109186 2.0274e+06 0 0 1.56719e+06 1.03068 -2987.1 0 0.956747 0.994134 460206 0.907972 2987.1 0.0037129 
0.19345 0.0108557 2.02735e+06 0 0 1.57748e+06 1.03747 -3597.84 0 0.94385 0.989338 449869 0.8876 3597.84 0.00451717 
0.1971 0.0107811 2.0273e+06 0 0 1.58984e+06 1.04562 -4304.72 0 0.928186 0.983347 437462 0.863143 4304.72 0.00547745 
0.20075 0.0106938 2.02725e+06 0 0 1.60457e+06 1.05533 -5108.42 0 0.909232 0.975854 422680 0.833997 5108.42 0.00661511 
0.2044 0.0105925 2.0272e+06 0 0 1.62197e+06 1.06681 -6001.6 0 0.886397 0.966466 405227 0.799579 6001.6 0.00794969 
0.20805 0.0104768 2.02715e+06 0 0 1.6423e+06 1.08021 -6965.28 0 0.859037 0.954688 384845 0.759382 6965.28 0.00949565 
0.2117 0.0103468 2.0271e+06 0 0 1.66574e+06 1.09565 -7965.28 0 0.826476 0.939887 361361 0.713061 7965.28 0.0112573 
0.21535 0.0102036 2.02705e+06 0 0 1.69231e+06 1.11315 -8949.19 0 0.788049 0.92127 334736 0.660538 8949.19 0.0132214 
0.219 0.0100493 2.027e+06 0 0 1.72188e+06 1.13263 -9845.62 0 0.743172 0.897845 305124 0.602119 9845.62 0.0153473 
0.22265 0.00988708 2.02695e+06 0 0 1.75402e+06 1.1538 -10567.1 0 0.691446 0.868403 272930 0.538603 10567.1 0.0175539 
0.2263 0.00972141 2.0269e+06 0 0 1.78805e+06 1.17621 -11018.7 0 0.632806 0.831532 238852 0.471365 11018.7 0.0197067 
0.22995 0.00955742 2.02685e+06 0 0 1.82297e+06 1.19922 -11112.6 0 0.567707 0.785699 203878 0.402355 11112.6 0.0216081 
0.2336 0.00940066 2.0268e+06 0 0 1.85756e+06 1.222 -10788.8 0 0.497319 0.72949 169237 0.333998 10788.8 0.0230015 
0.23725 0.00925641 2.02675e+06 0 0 1.89047e+06 1.24368 -10037.3 0 0.423678 0.662065 136275 0.268952 10037.3 0.0236023 
0.2409 0.00912903 2.0267e+06 0 0 1.92043e+06 1.26342 -8912.91 0 0.349674 0.583851 106275 0.209749 8912.91 0.0231678 
0.24455 0.00902134 2.02665e+06 0 0 1.94641e+06 1.28054 -7535 0 0.278773 0.497283 80243.5 0.158377 7535 0.0215992 
0.2482 0.00893429 2.0266e+06 0 0 1.96786e+06 1.29469 -6063.34 0 0.214412 0.407085 58742 0.115942 6063.34 0.0190276 
0.25185 0.00886693 2.02655e+06 0 0 1.98473e+06 1.30582 -4656.45 0 0.159251 0.319541 41817.3 0.0825388 4656.45 0.0158151 
0.2555 0.00881688 2.0265e+06 0 0 1.99743e+06 1.31421 -3431.16 0 0.11459 0.240758 29071.8 0.0573833 3431.16 0.0124381 
0.25915 0.00878097 2.02645e+06 0 0 2.00662e+06 1.32028 -2443.19 0 0.0802692 0.174858 19832 0.0391463 2443.19 0.00931832 
0.2628 0.00875594 2.0264e+06 0 0 2.01306e+06 1.32456 -1693.89 0 0.0550406 0.123184 13336.2 0.0263249 1693.89 0.00670934 
0.26645 0.00873889 2.02635e+06 0 0 2.01747e+06 1.32749 -1151.41 0 0.0371398 0.0847493 8875.13 0.0175195 1151.41 0.00468566 
0.2701 0.00872748 2.0263e+06 0 0 2.02044e+06 1.32948 -771.708 0 0.0247721 0.0572969 5863.3 0.0115744 771.708 0.00320009 
0.27375 0.00871996 2.02625e+06 0 0 2.0224e+06 1.3308 -512.201 0 0.0163896 0.0382597 3854.18 0.00760851 512.201 0.00215134 
0.2774 0.00871506 2.0262e+06 0 0 2.02367e+06 1.33167 -337.717 0 0.0107838 0.0253301 2524.97 0.00498463 337.717 0.0014307 
0.28105 0.00871191 2.02615e+06 0 0 2.0245e+06 1.33225 -221.688 0 0.00706908 0.0166731 1650.45 0.00325829 221.688 0.000944516 
0.2847 0.00870993 2.0261e+06 0 0 2.02502e+06 1.33262 -145.096 0 0.00462251 0.0109324 1077.21 0.00212667 145.096 0.000620514 
0.28835 0.0087087 2.02605e+06 0 0 2.02535e+06 1.33287 -94.7825 0 0.00301776 0.00714998 702.385 0.00138671 94.7825 0.000406343 
0.292 0.00870798 2.026e+06 0 0 2.02554e+06 1.33303 -61.8373 0 0.001968 0.00466831 457.689 0.000903631 61.8373 0.000265529 
0.29565 0.00870758 2.02595e+06 0 0 2.02565e+06 1.33314 -40.31 0 0.0012825 0.00304463 298.115 0.000588593 40.31 0.000173271 
0.2993 0.00870739 2.0259e+06 0 0 2.02571e+06 1.33321 -26.2627 0 0.000835393 0.00198424 194.123 0.000383283 26.2627 0.000112966 
0.30295 0.00870735 2.02585e+06 0 0 2.02572e+06 1.33325 -17.1046 0 0.000543991 0.00129255 126.384 0.000249543 17.1046 7.36049e-05 
0.3066 0.0087074 2.0258e+06 0 0 2.02572e+06 1.33328 -11.1374 0 0.000354165 0.000841717 82.2726 0.00016245 11.1374 4.79401e-05 
0.31025 0.0087075 2.02575e+06 0 0 2.0257e+06 1.3333 -7.2509 0 0.000230549 0.00054802 53.553 0.000105745 7.2509 3.12163e-05 
0.3139 0.00870764 2.0257e+06 0 0 2.02566e+06 1.33331 -4.72015 0 0.000150066 0.000356753 34.857 6.88295e-05 4.72015 2.03231e-05 
0.31755 0.00870781 2.02565e+06 0 0 2.02563e+06 1.33332 -3.0725 0 9.76727e-05 0.000232221 22.6871 4.47998e-05 3.0725 1.32298e-05 
0.3212 0.008708 2.0256e+06 0 0 2.02558e+06 1.33332 -1.99991 0 6.35692e-05 0.00015115 14.7659 2.91585e-05 1.99991 8.6116e-06 
0.32485 0.00870819 2.02555e+06 0 0 2.02554e+06 1.33333 -1.30171 0 4.1372e-05 9.83778e-05 9.61014 1.89778e-05 1.30171 5.60523e-06 
0.3285 0.00870839 2.0255e+06 0 0 2.02549e+06 1.33333 -0.847252 0 2.69251e-05 6.40286e-05 6.25453 1.23516e-05 0.847252 3.64829e-06 
0.33215 0.0087086 2.02545e+06 0 0 2.02545e+06 1.33333 -0.551451 0 1.75227e-05 4.16719e-05 4.07059 8.03888e-06 0.551451 2.37453e-06 
0.3358 0.00870881 2.0254e+06 0 0 2.0254e+06 1.33333 -0.358925 0 1.14036e-05 2.71215e-05 2.64924 5.23203e-06 0.358925 1.54549e-06 
0.33945 0.00870902 2.02535e+06 0 0 2.02535e+06 1.33333 -0.233626 0 7.42166e-06 1.76522e-05 1.72427 3.40537e-06 0.233626 1.00594e-06 
0.3431 0.00870923 2.0253e+06 0 0 2.0253e+06 1.33333 -0.152094 0 4.83085e-06 1.14909e-05 1.12242 2.2168e-06 0.152094 6.54863e-07 
0.34675 0.00870945 2.02525e+06 0 0 2.02525e+06 1.33333 -0.0990678 0 3.14606e-06 7.484e-06 0.73103 1.44383e-06 0.0990678 4.26537e-07 
0.3504 0.00870966 2.0252e+06 0 0 2.0252e+06 1.33333 -0.0646361 0 2.05219e-06 4.88234e-06 0.476901 9.41935e-07 0.0646361 2.78281e-07 
0.35405 0.00870988 2.02515e+06 0 0 2.02515e+06 1.33333 -0.0423892 0 1.34549e-06 3.20147e-06 0.312715 6.17664e-07 0.0423892 1.82493e-07 
0.3577 0.00871009 2.0251e+06 0 0 2.0251e+06 1.33333 -0.0282397 0 8.96059e-07 2.13246e-06 0.208296 4.11428e-07 0.0282397 1.21572e-07 
0.36135 0.0087103 2.02505e+06 0 0 2.02505e+06 1.33333 -0.0196983 0 6.24776e-07 1.48718e-06 0.145266 2.86938e-07 0.0196983 8.47979e-08 
0.365 0.00871052 2.025e+06 0 0 2.025e+06 1.33333 -0.0154914 0 4.91159e-07 1.16937e-06 0.114222 2.25624e-07 0.0154914 6.66863e-08 


0 0.0112 2.03e+06 0 0 1.5225e+06 1 0 0 1.01407 1.01407 507500 1 0 4.16678e-10 
0.00365 0.0112003 2.02995e+06 0 0 1.52246e+06 1 -0.00301211 0 1.01407 1.01407 507487 1 0.00301211 4.81755e-09 
0.0073 0.0112006 2.0299e+06 0 0 1.52243e+06 1 -0.00741934 0 1.01406 1.01406 507475 1 0.00741935 1.1122e-08 
0.01095 0.0112008 2.02985e+06 0 0 1.52239e+06 1 -0.0136641 0 1.01406 1.01406 507462 1 0.0136641 1.99021e-08 
0.0146 0.0112011 2.0298e+06 0 0 1.52235e+06 1 -0.0223064 0 1.01405 1.01406 507450 0.999999 0.0223064 3.18765e-08 
0.01825 0.0112014 2.02975e+06 0 0 1.52231e+06 1 -0.0340522 0 1.01405 1.01405 507437 0.999999 0.0340522 4.79457e-08 
0.0219 0.0112017 2.0297e+06 0 0 1.52228e+06 1 -0.0497893 0 1.01404 1.01405 507424 0.999999 0.0497893 6.92339e-08 
0.02555 0.0112019 2.02965e+06 0 0 1.52224e+06 1 -0.0706303 0 1.01404 1.01404 507411 0.999998 0.0706303 9.71416e-08 
0.0292 0.0112022 2.0296e+06 0 0 1.5222e+06 1 -0.0979667 0 1.01403 1.01404 507399 0.999997 0.0979667 1.33411e-07 
0.03285 0.0112025 2.02955e+06 0 0 1.52216e+06 1 -0.133536 0 1.01403 1.01403 507386 0.999996 0.133536 1.80205e-07 
0.0365 0.0112027 2.0295e+06 0 0 1.52213e+06 1 -0.179502 0 1.01402 1.01402 507372 0.999995 0.179502 2.40212e-07 
0.04015 0.011203 2.02945e+06 0 0 1.52209e+06 1 -0.23856 0 1.01402 1.01402 507359 0.999993 0.23856 3.16765e-07 
0.0438 0.0112033 2.0294e+06 0 0 1.52205e+06 1 -0.314058 0 1.01401 1.01401 507345 0.999991 0.314058 4.13997e-07 
0.04745 0.0112035 2.02935e+06 0 0 1.52202e+06 1 -0.410158 0 1.014 1.01401 507332 0.999988 0.410158 5.37027e-07 
0.0511 0.0112038 2.0293e+06 0 0 1.52198e+06 1.00001 -0.532018 0 1.014 1.014 507317 0.999985 0.532018 6.92196e-07 
0.05475 0.0112041 2.02925e+06 0 0 1.52195e+06 1.00001 -0.686039 0 1.01399 1.014 507303 0.99998 0.686039 8.8735e-07 
0.0584 0.0112043 2.0292e+06 0 0 1.52191e+06 1.00001 -0.880152 0 1.01398 1.01399 507287 0.999975 0.880152 1.1322e-06 
0.06205 0.0112046 2.02915e+06 0 0 1.52188e+06 1.00001 -1.12418 0 1.01397 1.01399 507271 0.999968 1.12418 1.43875e-06 
0.0657 0.0112048 2.0291e+06 0 0 1.52185e+06 1.00001 -1.43027 0 1.01396 1.01398 507254 0.999959 1.43027 1.82186e-06 
0.06935 0.0112051 2.02905e+06 0 0 1.52181e+06 1.00002 -1.81349 0 1.01395 1.01397 507236 0.999948 1.81349 2.29988e-06 
0.073 0.0112053 2.029e+06 0 0 1.52178e+06 1.00002 -2.29245 0 1.01393 1.01396 507217 0.999934 2.29245 2.89551e-06 
0.07665 0.0112055 2.02895e+06 0 0 1.52175e+06 1.00003 -2.89017 0 1.01392 1.01396 507195 0.999917 2.89017 3.6368e-06 
0.0803 0.0112057 2.0289e+06 0 0 1.52173e+06 1.00003 -3.63513 0 1.0139 1.01395 507172 0.999895 3.63513 4.55841e-06 
0.08395 0.0112059 2.02885e+06 0 0 1.5217e+06 1.00004 -4.56254 0 1.01388 1.01394 507146 0.999868 4.56254 5.70319e-06 
0.0876 0.0112061 2.0288e+06 0 0 1.52168e+06 1.00005 -5.71592 0 1.01385 1.01392 507116 0.999835 5.71592 7.12407e-06 
0.09125 0.0112062 2.02875e+06 0 0 1.52167e+06 1.00007 -7.14904 0 1.01382 1.01391 507083 0.999793 7.14904 8.88642e-06 
0.0949 0.0112063 2.0287e+06 0 0 1.52166e+06 1.00009 -8.92839 0 1.01379 1.0139 507044 0.999742 8.92839 1.1071e-05 
0.09855 0.0112064 2.02865e+06 0 0 1.52165e+06 1.00011 -11.1361 0 1.01374 1.01388 506999 0.999678 11.1361 1.37777e-05 
0.1022 0.0112064 2.0286e+06 0 0 1.52165e+06 1.00013 -13.8737 0 1.01369 1.01386 506946 0.999598 13.8737 1.71296e-05 
0.10585 0.0112063 2.02855e+06 0 0 1.52167e+06 1.00017 -17.2664 0 1.01362 1.01383 506883 0.999499 17.2664 2.1279e-05 
0.1095 0.0112062 2.0285e+06 0 0 1.52169e+06 1.00021 -21.4693 0 1.01354 1.0138 506809 0.999377 21.4693 2.64138e-05 
0.11315 0.011206 2.02845e+06 0 0 1.52173e+06 1.00026 -26.6734 0 1.01344 1.01377 506719 0.999225 26.6734 3.2766e-05 
0.1168 0.0112056 2.0284e+06 0 0 1.52179e+06 1.00032 -33.1149 0 1.01332 1.01373 506612 0.999037 33.1149 4.0622e-05 
0.12045 0.0112051 2.02835e+06 0 0 1.52187e+06 1.0004 -41.0854 0 1.01317 1.01368 506481 0.998804 41.0854 5.03352e-05 
0.1241 0.0112045 2.0283e+06 0 0 1.52198e+06 1.00049 -50.9446 0 1.01299 1.01361 506323 0.998516 50.9446 6.23416e-05 
0.12775 0.0112036 2.02825e+06 0 0 1.52212e+06 1.00061 -63.1362 0 1.01276 1.01354 506129 0.99816 63.1362 7.71791e-05 
0.1314 0.0112024 2.0282e+06 0 0 1.52231e+06 1.00076 -78.2076 0 1.01249 1.01345 505893 0.997719 78.2076 9.55103e-05 
0.13505 0.0112009 2.02815e+06 0 0 1.52255e+06 1.00094 -96.8333 0 1.01214 1.01333 505605 0.997174 96.8333 0.000118152 
0.1387 0.0111989 2.0281e+06 0 0 1.52285e+06 1.00117 -119.844 0 1.01172 1.01319 505250 0.9965 119.844 0.00014611 
0.14235 0.0111964 2.02805e+06 0 0 1.52323e+06 1.00144 -148.262 0 1.0112 1.01302 504816 0.995667 148.262 0.000180623 
0.146 0.0111933 2.028e+06 0 0 1.52372e+06 1.00179 -183.343 0 1.01057 1.01281 504281 0.994638 183.343 0.00022321 
0.14965 0.0111894 2.02795e+06 0 0 1.52433e+06 1.00221 -226.628 0 1.00978 1.01255 503624 0.993366 226.628 0.00027574 
0.1533 0.0111845 2.0279e+06 0 0 1.52508e+06 1.00273 -280.005 0 1.00881 1.01223 502816 0.991796 280.005 0.000340504 
0.15695 0.0111784 2.02785e+06 0 0 1.52603e+06 1.00338 -345.779 0 1.00761 1.01184 501821 0.989858 345.779 0.000420306 
0.1606 0.0111708 2.0278e+06 0 0 1.5272e+06 1.00418 -426.756 0 1.00613 1.01135 500596 0.987466 426.756 0.000518572 
0.16425 0.0111614 2.02775e+06 0 0 1.52866e+06 1.00516 -526.34 0 1.00431 1.01075 499088 0.984516 526.34 0.000639477 
0.1679 0.0111498 2.0277e+06 0 0 1.53047e+06 1.00637 -648.629 0 1.00207 1.01 497233 0.980881 648.629 0.000788095 
0.17155 0.0111355 2.02765e+06 0 0 1.5327e+06 1.00786 -798.533 0 0.99931 1.00908 494952 0.976405 798.533 0.000970567 
0.1752 0.0111178 2.0276e+06 0 0 1.53545e+06 1.0097 -981.867 0 0.995914 1.00794 492149 0.9709 981.867 0.0011943 
0.17885 0.0110962 2.02755e+06 0 0 1.53884e+06 1.01195 -1205.44 0 0.99174 1.00652 488709 0.964137 1205.44 0.00146815 
0.1825 0.0110697 2.0275e+06 0 0 1.54301e+06 1.01472 -1477.07 0 0.986612 1.00476 484493 0.955843 1477.07 0.00180269 
0.18615 0.0110374 2.02745e+06 0 0 1.54811e+06 1.0181 -1805.55 0 0.980323 1.00258 479337 0.945694 1805.55 0.00221035 
0.1898 0.0109983 2.0274e+06 0 0 1.55435e+06 1.02223 -2200.43 0 0.972619 0.999861 473047 0.933308 2200.43 0.00270565 
0.19345 0.010951 2.02735e+06 0 0 1.56195e+06 1.02725 -2671.55 0 0.9632 0.996481 465399 0.918242 2671.55 0.00330524 
0.1971 0.0108943 2.0273e+06 0 0 1.57116e+06 1.03334 -3228.27 0 0.951709 0.992268 456139 0.899994 3228.27 0.00402785 
0.20075 0.0108267 2.02725e+06 0 0 1.58227e+06 1.04066 -3878.21 0 0.937728 0.98701 444984 0.878006 3878.21 0.00489394 
0.2044 0.010747 2.0272e+06 0 0 1.59557e+06 1.04944 -4625.34 0 0.920772 0.98044 431634 0.851685 4625.34 0.00592494 
0.20805 0.010654 2.02715e+06 0 0 1.61137e+06 1.05986 -5467.4 0 0.900289 0.972217 415783 0.82043 5467.4 0.00714176 
0.2117 0.0105468 2.0271e+06 0 0 1.62995e+06 1.07211 -6392.71 0 0.875665 0.961908 397149 0.783679 6392.71 0.00856232 
0.21535 0.0104252 2.02705e+06 0 0 1.65155e+06 1.08634 -7376.43 0 0.846239 0.948966 375501 0.740981 7376.43 0.0101976 
0.219 0.0102895 2.027e+06 0 0 1.67628e+06 1.10264 -8377.12 0 0.811332 0.932695 350716 0.692089 8377.12 0.0120458 
0.22265 0.0101414 2.02695e+06 0 0 1.70412e+06 1.12098 -9334.47 0 0.770304 0.912223 322826 0.637068 9334.47 0.0140836 
0.2263 0.00998335 2.0269e+06 0 0 1.73482e+06 1.14119 -10169.8 0 0.72263 0.88647 292085 0.576416 10169.8 0.0162552 
0.22995 0.00981914 2.02685e+06 0 0 1.76784e+06 1.16295 -10791.2 0 0.668031 0.85414 259013 0.511164 10791.2 0.0184593 
0.2336 0.0096535 2.0268e+06 0 0 1.80237e+06 1.18569 -11104.5 0 0.606632 0.813752 224432 0.442929 11104.5 0.0205357 
0.23725 0.00949182 2.02675e+06 0 0 1.83731e+06 1.20871 -11030.7 0 0.53916 0.763783 189438 0.373876 11030.7 0.0222609 
0.2409 0.00933963 2.0267e+06 0 0 1.87137e+06 1.23114 -10527.9 0 0.467132 0.702988 155329 0.306565 10527.9 0.0233608 
0.24455 0.00920189 2.02665e+06 0 0 1.9032e+06 1.25212 -9611.78 0 0.39295 0.630955 123448 0.24365 9611.78 0.0235574 
0.2482 0.00908241 2.0266e+06 0 0 1.93161e+06 1.27084 -8365.16 0 0.319795 0.548863 94990.4 0.187487 8365.16 0.0226545 
0.25185 0.00898325 2.02655e+06 0 0 1.95576e+06 1.28676 -6928.29 0 0.251208 0.460106 70793.7 0.139733 6928.29 0.0206412 
0.2555 0.00890454 2.0265e+06 0 0 1.97529e+06 1.29964 -5465.9 0 0.190397 0.37021 51207 0.101075 5465.9 0.0177508 
0.25915 0.00884468 2.02645e+06 0 0 1.99037e+06 1.3096 -4123.35 0 0.139505 0.285628 36078.2 0.0712145 4123.35 0.0144122 
0.2628 0.00880087 2.0264e+06 0 0 2.00153e+06 1.31697 -2992.94 0 0.0992107 0.211826 24872.3 0.0490965 2992.94 0.0110987 
0.26645 0.00876983 2.02635e+06 0 0 2.00949e+06 1.32224 -2105.91 0 0.0688406 0.151797 16858.3 0.0332781 2105.91 0.00817039 
0.2701 0.00874842 2.0263e+06 0 0 2.01502e+06 1.32591 -1447.07 0 0.0468641 0.105812 11283.1 0.0222733 1447.07 0.00580291 
0.27375 0.00873396 2.02625e+06 0 0 2.01877e+06 1.32841 -977.332 0 0.0314566 0.0722249 7483.8 0.0147737 977.332 0.00401181 
0.2774 0.00872433 2.0262e+06 0 0 2.02127e+06 1.33009 -652.115 0 0.020904 0.0485543 4932.79 0.00973801 652.115 0.00272023 
0.28105 0.00871802 2.02615e+06 0 0 2.02291e+06 1.3312 -431.508 0 0.0137954 0.032295 3237.51 0.00639144 431.508 0.00181966 
0.2847 0.00871393 2.0261e+06 0 0 2.02398e+06 1.33194 -283.932 0 0.0090615 0.0213243 2118.78 0.00418298 283.932 0.00120605 
0.28835 0.00871132 2.02605e+06 0 0 2.02467e+06 1.33242 -186.13 0 0.00593334 0.0140115 1384.01 0.00273243 186.13 0.000794424 
0.292 0.00870969 2.026e+06 0 0 2.0251e+06 1.33274 -121.715 0 0.00387698 0.00917644 902.916 0.00178266 121.715 0.000521135 
0.29565 0.0087087 2.02595e+06 0 0 2.02536e+06 1.33295 -79.4634 0 0.00252983 0.00599692 588.571 0.00116206 79.4634 0.000340933 
0.2993 0.00870813 2.0259e+06 0 0 2.02552e+06 1.33308 -51.8235 0 0.00164929 0.00391352 383.457 0.00075711 51.8235 0.000222645 
0.30295 0.00870783 2.02585e+06 0 0 2.0256e+06 1.33317 -33.7742 0 0.0010746 0.00255154 249.736 0.0004931 33.7742 0.000145228 
0.3066 0.00870771 2.0258e+06 0 0 2.02564e+06 1.33323 -22.0011 0 0.00069989 0.00166255 162.61 0.000321078 22.0011 9.46577e-05 
0.31025 0.0087077 2.02575e+06 0 0 2.02564e+06 1.33326 -14.3277 0 0.000455723 0.00108286 105.863 0.000209036 14.3277 6.16659e-05 
0.3139 0.00870778 2.0257e+06 0 0 2.02563e+06 1.33329 -9.32879 0 0.000296688 0.000705116 68.9132 0.000136078 9.32879 4.016e-05 
0.31755 0.0087079 2.02565e+06 0 0 2.0256e+06 1.3333 -6.07321 0 0.00019313 0.000459063 44.8569 8.85779e-05 6.07321 2.61487e-05 
0.3212 0.00870805 2.0256e+06 0 0 2.02557e+06 1.33331 -3.95345 0 0.00012571 0.000298838 29.197 5.7656e-05 3.95345 1.70234e-05 
0.32485 0.00870823 2.02555e+06 0 0 2.02553e+06 1.33332 -2.57342 0 8.18212e-05 0.000194522 19.0035 3.75276e-05 2.57342 1.10816e-05 
0.3285 0.00870842 2.0255e+06 0 0 2.02549e+06 1.33333 -1.67506 0 5.32534e-05 0.000126613 12.3686 2.44258e-05 1.67506 7.21327e-06 
0.33215 0.00870862 2.02545e+06 0 0 2.02544e+06 1.33333 -1.09029 0 3.46594e-05 8.24094e-05 8.05015 1.5898e-05 1.09029 4.69514e-06 
0.3358 0.00870882 2.0254e+06 0 0 2.02539e+06 1.33333 -0.70967 0 2.25576e-05 5.36379e-05 5.23949 1.03476e-05 0.70967 3.05604e-06 
0.33945 0.00870903 2.02535e+06 0 0 2.02535e+06 1.33333 -0.461943 0 1.46818e-05 3.49126e-05 3.4103 6.73524e-06 0.461943 1.98924e-06 
0.3431 0.00870924 2.0253e+06 0 0 2.0253e+06 1.33333 -0.300741 0 9.5573e-06 2.2728e-05 2.22008 4.38469e-06 0.300741 1.29504e-06 
0.34675 0.00870945 2.02525e+06 0 0 2.02525e+06 1.33333 -0.195896 0 6.22465e-06 1.48036e-05 1.44601 2.85596e-06 0.195896 8.43545e-07 
0.3504 0.00870967 2.0252e+06 0 0 2.0252e+06 1.33333 -0.127815 0 4.06077e-06 9.65809e-06 0.943394 1.86331e-06 0.127816 5.50369e-07 
0.35405 0.00870988 2.02515e+06 0 0 2.02515e+06 1.33333 -0.0838259 0 2.66273e-06 6.33354e-06 0.618653 1.22194e-06 0.0838259 3.60941e-07 
0.3577 0.00871009 2.0251e+06 0 0 2.0251e+06 1.33333 -0.0558469 0 1.77359e-06 4.2191e-06 0.412116 8.14016e-07 0.0558469 2.4046e-07 
0.36135 0.00871031 2.02505e+06 0 0 2.02505e+06 1.33333 -0.0389569 0 1.23688e-06 2.94273e-06 0.287442 5.67773e-07 0.0389569 1.67731e-07 
0.365 0.00871052 2.025e+06 0 0 2.025e+06 1.33333 -0.0306379 0 9.72536e-07 2.31408e-06 0.226036 4.46492e-07 0.0306379 1.3191e-07 


0 0.0112 2.03e+06 0 0 1.5225e+06 1 0 0 1.01407 1.01407 507500 1 0 2.53995e-10 
0.00365 0.0112003 2.02995e+06 0 0 1.52246e+06 1 -0.00211004 0 1.01407 1.01407 507487 1 0.00211005 3.31692e-09 
0.0073 0.0112006 2.0299e+06 0 0 1.52243e+06 1 -0.00520077 0 1.01406 1.01406 507475 1 0.00520078 7.71671e-09 
0.01095 0.0112008 2.02985e+06 0 0 1.52239e+06 1 -0.00958497 0 1.01406 1.01406 507462 1 0.00958497 1.38582e-08 
0.0146 0.0112011 2.0298e+06 0 0 1.52235e+06 1 -0.015659 0 1.01405 1.01406 507450 1 0.015659 2.22506e-08 
0.01825 0.0112014 2.02975e+06 0 0 1.52231e+06 1 -0.0239232 0 1.01405 1.01405 507437 0.999999 0.0239232 3.35326e-08 
0.0219 0.0112017 2.0297e+06 0 0 1.52228e+06 1 -0.0350071 0 1.01404 1.01405 507424 0.999999 0.0350071 4.85022e-08 
0.02555 0.0112019 2.02965e+06 0 0 1.52224e+06 1 -0.0497005 0 1.01404 1.01404 507412 0.999999 0.0497005 6.81548e-08 
0.0292 0.0112022 2.0296e+06 0 0 1.5222e+06 1 -0.0689921 0 1.01403 1.01404 507399 0.999998 0.0689921 9.37291e-08 
0.03285 0.0112025 2.02955e+06 0 0 1.52216e+06 1 -0.0941168 0 1.01403 1.01403 507386 0.999997 0.0941168 1.26766e-07 
0.0365 0.0112027 2.0295e+06 0 0 1.52213e+06 1 -0.126615 0 1.01402 1.01403 507373 0.999996 0.126615 1.69178e-07 
0.04015 0.011203 2.02945e+06 0 0 1.52209e+06 1 -0.168404 0 1.01402 1.01402 507360 0.999995 0.168404 2.23341e-07 
0.0438 0.0112033 2.0294e+06 0 0 1.52205e+06 1 -0.221869 0 1.01401 1.01401 507347 0.999994 0.221869 2.92202e-07 
0.04745 0.0112036 2.02935e+06 0 0 1.52202e+06 1 -0.289974 0 1.01401 1.01401 507333 0.999992 0.289974 3.79411e-07 
0.0511 0.0112038 2.0293e+06 0 0 1.52198e+06 1 -0.376398 0 1.014 1.014 507320 0.999989 0.376398 4.89491e-07 
0.05475 0.0112041 2.02925e+06 0 0 1.52194e+06 1 -0.485705 0 1.01399 1.014 507305 0.999986 0.485705 6.28043e-07 
0.0584 0.0112044 2.0292e+06 0 0 1.52191e+06 1.00001 -0.62355 0 1.01399 1.01399 507291 0.999982 0.62355 8.01995e-07 
0.06205 0.0112046 2.02915e+06 0 0 1.52187e+06 1.00001 -0.796942 0 1.01398 1.01399 507276 0.999977 0.796942 1.01992e-06 
0.0657 0.0112049 2.0291e+06 0 0 1.52184e+06 1.00001 -1.01456 0 1.01397 1.01398 507260 0.999971 1.01456 1.29243e-06 
0.06935 0.0112051 2.02905e+06 0 0 1.52181e+06 1.00001 -1.28714 0 1.01396 1.01397 507244 0.999963 1.28714 1.63263e-06 
0.073 0.0112054 2.029e+06 0 0 1.52177e+06 1.00002 -1.62799 0 1.01395 1.01397 507226 0.999953 1.62799 2.05674e-06 
0.07665 0.0112056 2.02895e+06 0 0 1.52174e+06 1.00002 -2.05353 0 1.01393 1.01396 507208 0.999941 2.05353 2.58479e-06 
0.0803 0.0112058 2.0289e+06 0 0 1.52171e+06 1.00002 -2.58412 0 1.01392 1.01395 507187 0.999926 2.58412 3.24156e-06 
0.08395 0.011206 2.02885e+06 0 0 1.52168e+06 1.00003 -3.24491 0 1.0139 1.01394 507165 0.999906 3.24491 4.05766e-06 
0.0876 0.0112062 2.0288e+06 0 0 1.52166e+06 1.00004 -4.06697 0 1.01388 1.01393 507140 0.999883 4.06697 5.07092e-06 
0.09125 0.0112064 2.02875e+06 0 0 1.52164e+06 1.00005 -5.08875 0 1.01386 1.01392 507113 0.999853 5.08875 6.32808e-06 
0.0949 0.0112066 2.0287e+06 0 0 1.52162e+06 1.00006 -6.35776 0 1.01383 1.01391 507082 0.999816 6.35776 7.88689e-06 
0.09855 0.0112067 2.02865e+06 0 0 1.5216e+06 1.00008 -7.93269 0 1.0138 1.0139 507046 0.99977 7.93269 9.8187e-06 
0.1022 0.0112068 2.0286e+06 0 0 1.5216e+06 1.0001 -9.88609 0 1.01376 1.01388 507005 0.999713 9.88609 1.22116e-05 
0.10585 0.0112068 2.02855e+06 0 0 1.52159e+06 1.00012 -12.3076 0 1.01371 1.01386 506956 0.999643 12.3076 1.51746e-05 
0.1095 0.0112068 2.0285e+06 0 0 1.5216e+06 1.00015 -15.3079 0 1.01365 1.01384 506900 0.999556 15.3079 1.88419e-05 
0.11315 0.0112067 2.02845e+06 0 0 1.52162e+06 1.00018 -19.0239 0 1.01358 1.01381 506832 0.999447 19.0239 2.33797e-05 
0.1168 0.0112066 2.0284e+06 0 0 1.52165e+06 1.00023 -23.6244 0 1.01349 1.01378 506752 0.999313 23.6244 2.89931e-05 
0.12045 0.0112063 2.02835e+06 0 0 1.52169e+06 1.00028 -29.3181 0 1.01338 1.01374 506655 0.999147 29.3181 3.59349e-05 
0.1241 0.0112059 2.0283e+06 0 0 1.52176e+06 1.00035 -36.3626 0 1.01325 1.0137 506538 0.998941 36.3626 4.45177e-05 
0.12775 0.0112053 2.02825e+06 0 0 1.52185e+06 1.00044 -45.0757 0 1.01309 1.01364 506396 0.998687 45.0757 5.51268e-05 
0.1314 0.0112045 2.0282e+06 0 0 1.52198e+06 1.00054 -55.8499 0 1.01289 1.01358 506224 0.998372 55.8499 6.82377e-05 
0.13505 0.0112035 2.02815e+06 0 0 1.52214e+06 1.00067 -69.1691 0 1.01264 1.01349 506014 0.997982 69.1691 8.44367e-05 
0.1387 0.0112022 2.0281e+06 0 0 1.52234e+06 1.00083 -85.6298 0 1.01234 1.01339 505758 0.9975 85.6298 0.000104446 
0.14235 0.0112005 2.02805e+06 0 0 1.52261e+06 1.00103 -105.967 0 1.01197 1.01327 505443 0.996905 105.967 0.000129157 
0.146 0.0111984 2.028e+06 0 0 1.52294e+06 1.00128 -131.086 0 1.01151 1.01312 505058 0.996169 131.086 0.000159664 
0.14965 0.0111956 2.02795e+06 0 0 1.52337e+06 1.00158 -162.1 0 1.01095 1.01293 504584 0.995259 162.1 0.000197316 
0.1533 0.0111922 2.0279e+06 0 0 1.5239e+06 1.00195 -200.375 0 1.01025 1.0127 504002 0.994135 200.375 0.000243768 
0.15695 0.0111879 2.02785e+06 0 0 1.52456e+06 1.00242 -247.588 0 1.00939 1.01242 503286 0.992748 247.588 0.000301053 
0.1606 0.0111825 2.0278e+06 0 0 1.5254e+06 1.00299 -305.79 0 1.00833 1.01207 502405 0.991034 305.79 0.000371662 
0.16425 0.0111759 2.02775e+06 0 0 1.52643e+06 1.00369 -377.481 0 1.00702 1.01164 501320 0.988919 377.481 0.000458641 
0.1679 0.0111676 2.0277e+06 0 0 1.52771e+06 1.00456 -465.701 0 1.00541 1.01111 499985 0.98631 465.701 0.000565711 
0.17155 0.0111573 2.02765e+06 0 0 1.52931e+06 1.00564 -574.13 0 1.00343 1.01045 498342 0.983094 574.13 0.000697397 
0.1752 0.0111446 2.0276e+06 0 0 1.53128e+06 1.00696 -707.186 0 1.00099 1.00964 496322 0.979131 707.186 0.000859192 
0.17885 0.011129 2.02755e+06 0 0 1.53371e+06 1.00858 -870.142 0 0.997979 1.00863 493837 0.974254 870.142 0.00105774 
0.1825 0.0111098 2.0275e+06 0 0 1.53671e+06 1.01058 -1069.21 0 0.99428 1.00738 490786 0.968259 1069.21 0.00130101 
0.18615 0.0110863 2.02745e+06 0 0 1.54041e+06 1.01303 -1311.63 0 0.989735 1.00583 487044 0.960899 1311.63 0.00159855 
0.1898 0.0110575 2.0274e+06 0 0 1.54494e+06 1.01604 -1605.62 0 0.984155 1.00391 482461 0.951881 1605.62 0.00196168 
0.19345 0.0110225 2.02735e+06 0 0 1.55049e+06 1.01971 -1960.33 0 0.977314 1.00152 476862 0.940857 1960.33 0.00240367 
0.1971 0.0109802 2.0273e+06 0 0 1.55726e+06 1.02419 -2385.49 0 0.968941 0.998542 470040 0.92742 2385.49 0.00293991 
0.20075 0.0109292 2.02725e+06 0 0 1.56549e+06 1.02963 -2890.88 0 0.958712 0.99484 461759 0.911104 2890.88 0.00358793 
0.2044 0.0108682 2.0272e+06 0 0 1.57545e+06 1.03621 -3485.31 0 0.946247 0.990224 451751 0.89138 3485.31 0.00436726 
0.20805 0.0107957 2.02715e+06 0 0 1.58742e+06 1.04411 -4175.16 0 0.931099 0.98446 439727 0.867676 4175.16 0.00529886 
0.2117 0.0107107 2.0271e+06 0 0 1.60172e+06 1.05354 -4962.18 0 0.912756 0.977253 425381 0.839388 4962.18 0.00640418 
0.21535 0.0106119 2.02705e+06 0 0 1.61864e+06 1.06469 -5840.65 0 0.89064 0.968226 408413 0.805926 5840.65 0.00770327 
0.219 0.0104987 2.027e+06 0 0 1.63844e+06 1.07775 -6793.9 0 0.864114 0.956903 388557 0.766764 6793.9 0.00921176 
0.22265 0.0103711 2.02695e+06 0 0 1.66133e+06 1.09283 -7790.62 0 0.832505 0.942678 365622 0.721522 7790.62 0.0109362 
0.2263 0.0102301 2.0269e+06 0 0 1.68736e+06 1.10998 -8781.72 0 0.795142 0.924788 339541 0.670069 8781.72 0.012867 
0.22995 0.0100775 2.02685e+06 0 0 1.71642e+06 1.12912 -9699.04 0 0.751421 0.902277 310429 0.612634 9699.04 0.0149691 
0.2336 0.00991637 2.0268e+06 0 0 1.74815e+06 1.15002 -10457.5 0 0.700902 0.873976 278647 0.549925 10457.5 0.0171694 
0.23725 0.00975095 2.02675e+06 0 0 1.78191e+06 1.17226 -10962.5 0 0.643449 0.838502 244838 0.483212 10962.5 0.0193437 
0.2409 0.00958627 2.0267e+06 0 0 1.81676e+06 1.19522 -11123.8 0 0.579413 0.794334 209941 0.414351 11123.8 0.0213055 
0.24455 0.00942785 2.02665e+06 0 0 1.8515e+06 1.2181 -10874.9 0 0.509826 0.740011 175151 0.345696 10874.9 0.0228071 
0.2482 0.00928108 2.0266e+06 0 0 1.88479e+06 1.24004 -10195.7 0 0.436568 0.674549 141805 0.279888 10195.7 0.023565 
0.25185 0.00915051 2.02655e+06 0 0 1.91534e+06 1.26016 -9129.24 0 0.362392 0.598102 111212 0.219511 9129.24 0.0233226 
0.2555 0.00903928 2.0265e+06 0 0 1.94206e+06 1.27778 -7784.74 0 0.290699 0.512711 84441 0.166674 7784.74 0.0219487 
0.25915 0.00894866 2.02645e+06 0 0 1.96431e+06 1.29245 -6317.58 0 0.224985 0.422724 62138 0.122654 6317.58 0.0195311 
0.2628 0.00887801 2.0264e+06 0 0 1.98196e+06 1.30409 -4889.71 0 0.168094 0.334256 44438.3 0.0877187 4889.71 0.0163971 
0.26645 0.00882516 2.02635e+06 0 0 1.99534e+06 1.31293 -3627.31 0 0.121585 0.253588 31011.4 0.0612164 3627.31 0.0130152 
0.2701 0.00878703 2.0263e+06 0 0 2.00508e+06 1.31937 -2596.88 0 0.0855353 0.185281 21218 0.0418853 2596.88 0.00982749 
0.27375 0.00876034 2.02625e+06 0 0 2.01195e+06 1.32392 -1807.9 0 0.0588474 0.131158 14299.8 0.0282291 1807.9 0.00712024 
0.2774 0.00874208 2.0262e+06 0 0 2.01667e+06 1.32706 -1232.6 0 0.0398067 0.0905664 9531.49 0.0188165 1232.6 0.00499601 
0.28105 0.00872984 2.02615e+06 0 0 2.01985e+06 1.32918 -827.876 0 0.0265977 0.0613927 6303.89 0.0124451 827.876 0.0034236 
0.2847 0.00872174 2.0261e+06 0 0 2.02195e+06 1.3306 -550.282 0 0.0176191 0.0410713 4146.96 0.00818708 550.282 0.00230704 
0.28835 0.00871646 2.02605e+06 0 0 2.02333e+06 1.33154 -363.185 0 0.0116026 0.0272265 2718.18 0.00536647 363.185 0.00153673 
0.292 0.00871305 2.026e+06 0 0 2.02422e+06 1.33216 -238.564 0 0.00761016 0.0179371 1777.37 0.00350912 238.564 0.00101562 
0.29565 0.0087109 2.02595e+06 0 0 2.02479e+06 1.33257 -156.211 0 0.00497829 0.0117682 1160.33 0.00229095 156.211 0.00066772 
0.2993 0.00870956 2.0259e+06 0 0 2.02514e+06 1.33284 -102.074 0 0.00325091 0.00769965 756.714 0.00149408 102.074 0.000437471 
0.30295 0.00870876 2.02585e+06 0 0 2.02536e+06 1.33301 -66.6083 0 0.00212045 0.00502858 493.152 0.00097372 66.6083 0.000285965 
0.3066 0.00870832 2.0258e+06 0 0 2.02548e+06 1.33312 -43.4263 0 0.00138205 0.00328022 321.243 0.000634305 43.4263 0.00018665 
0.31025 0.0087081 2.02575e+06 0 0 2.02554e+06 1.3332 -28.2959 0 0.000900333 0.00213808 209.199 0.00041308 28.2959 0.000121707 
0.3139 0.00870804 2.0257e+06 0 0 2.02556e+06 1.33324 -18.4302 0 0.00058633 0.00139291 136.207 0.000268959 18.4302 7.93099e-05 
0.31755 0.00870807 2.02565e+06 0 0 2.02556e+06 1.33327 -12.0013 0 0.000381759 0.000907144 88.6722 0.000175099 12.0013 5.16603e-05 
0.3212 0.00870817 2.0256e+06 0 0 2.02554e+06 1.3333 -7.81367 0 0.000248528 0.000590658 57.7216 0.000113984 7.81367 3.3641e-05 
0.32485 0.0087083 2.02555e+06 0 0 2.02551e+06 1.33331 -5.08672 0 0.000161779 0.000384534 37.5721 7.41964e-05 5.08672 2.1903e-05 
0.3285 0.00870847 2.0255e+06 0 0 2.02548e+06 1.33332 -3.31125 0 0.000105303 0.000250319 24.4556 4.82954e-05 3.31125 1.4259e-05 
0.33215 0.00870865 2.02545e+06 0 0 2.02543e+06 1.33332 -2.1554 0 6.85404e-05 0.00016294 15.9178 3.14355e-05 2.1554 9.28206e-06 
0.3358 0.00870884 2.0254e+06 0 0 2.02539e+06 1.33333 -1.40301 0 4.46114e-05 0.00010606 10.3606 2.04614e-05 1.40301 6.04206e-06 
0.33945 0.00870904 2.02535e+06 0 0 2.02534e+06 1.33333 -0.913289 0 2.90375e-05 6.90376e-05 6.74385 1.33189e-05 0.913289 3.93311e-06 
0.3431 0.00870925 2.0253e+06 0 0 2.0253e+06 1.33333 -0.594601 0 1.89034e-05 4.49455e-05 4.39037 8.67105e-06 0.594601 2.56066e-06 
0.34675 0.00870946 2.02525e+06 0 0 2.02525e+06 1.33333 -0.387322 0 1.23125e-05 2.92762e-05 2.85972 5.64813e-06 0.387322 1.66799e-06 
0.3504 0.00870967 2.0252e+06 0 0 2.0252e+06 1.33333 -0.252721 0 8.03287e-06 1.91012e-05 1.8658 3.68517e-06 0.252721 1.08832e-06 
0.35405 0.00870988 2.02515e+06 0 0 2.02515e+06 1.33333 -0.165748 0 5.26775e-06 1.25268e-05 1.22361 2.41683e-06 0.165748 7.13764e-07 
0.3577 0.0087101 2.0251e+06 0 0 2.0251e+06 1.33333 -0.110428 0 3.5091e-06 8.34529e-06 0.815161 1.61011e-06 0.110428 4.7553e-07 
0.36135 0.00871031 2.02505e+06 0 0 2.02505e+06 1.33333 -0.0770336 0 2.4475e-06 5.82109e-06 0.568597 1.12313e-06 0.0770336 3.31715e-07 
0.365 0.00871053 2.025e+06 0 0 2.025e+06 1.33333 -0.0605848 0 1.92463e-06 4.57782e-06 0.447156 8.83271e-07 0.0605848 2.60881e-07 


0 0.0112 2.03e+06 0 0 1.5225e+06 1 0 0 1.01407 1.01407 507500 1 0 1.54829e-10 
0.00365 0.0112003 2.02995e+06 0 0 1.52246e+06 1 -0.00147909 0 1.01407 1.01407 507487 1 0.0014791 2.28839e-09 
0.0073 0.0112006 2.0299e+06 0 0 1.52243e+06 1 -0.00364776 0 1.01406 1.01406 507475 1 0.00364776 5.36094e-09 
0.01095 0.0112008 2.02985e+06 0 0 1.52239e+06 1 -0.00672714 0 1.01406 1.01406 507462 1 0.00672714 9.65896e-09 
0.0146 0.0112011 2.0298e+06 0 0 1.52235e+06 1 -0.0109978 0 1.01405 1.01406 507450 1 0.0109978 1.55432e-08 
0.01825 0.0112014 2.02975e+06 0 0 1.52231e+06 1 -0.0168142 0 1.01405 1.01405 507437 1 0.0168142 2.34665e-08 
0.0219 0.0112017 2.0297e+06 0 0 1.52228e+06 1 -0.0246228 0 1.01404 1.01405 507425 0.999999 0.0246228 3.39954e-08 
0.02555 0.0112019 2.02965e+06 0 0 1.52224e+06 1 -0.0349843 0 1.01404 1.01404 507412 0.999999 0.0349843 4.78371e-08 
0.0292 0.0112022 2.0296e+06 0 0 1.5222e+06 1 -0.0486009 0 1.01403 1.01404 507399 0.999999 0.0486009 6.58726e-08 
0.03285 0.0112025 2.02955e+06 0 0 1.52216e+06 1 -0.0663506 0 1.01403 1.01403 507387 0.999998 0.0663506 8.91979e-08 
0.0365 0.0112028 2.0295e+06 0 0 1.52213e+06 1 -0.0893288 0 1.01402 1.01403 507374 0.999997 0.0893288 1.19176e-07 
0.04015 0.011203 2.02945e+06 0 0 1.52209e+06 1 -0.1189 0 1.01402 1.01402 507361 0.999997 0.1189 1.57499e-07 
0.0438 0.0112033 2.0294e+06 0 0 1.52205e+06 1 -0.156764 0 1.01401 1.01402 507348 0.999996 0.156764 2.06266e-07 
0.04745 0.0112036 2.02935e+06 0 0 1.52202e+06 1 -0.205032 0 1.01401 1.01401 507335 0.999994 0.205032 2.68082e-07 
0.0511 0.0112038 2.0293e+06 0 0 1.52198e+06 1 -0.266325 0 1.014 1.014 507321 0.999992 0.266325 3.46172e-07 
0.05475 0.0112041 2.02925e+06 0 0 1.52194e+06 1 -0.343897 0 1.014 1.014 507308 0.99999 0.343897 4.44532e-07 
0.0584 0.0112044 2.0292e+06 0 0 1.52191e+06 1 -0.441783 0 1.01399 1.01399 507294 0.999987 0.441783 5.68108e-07 
0.06205 0.0112046 2.02915e+06 0 0 1.52187e+06 1.00001 -0.564983 0 1.01398 1.01399 507279 0.999984 0.564983 7.2302e-07 
0.0657 0.0112049 2.0291e+06 0 0 1.52184e+06 1.00001 -0.719689 0 1.01397 1.01398 507265 0.999979 0.719689 9.16841e-07 
0.06935 0.0112052 2.02905e+06 0 0 1.5218e+06 1.00001 -0.913568 0 1.01397 1.01398 507249 0.999974 0.913568 1.15894e-06 
0.073 0.0112054 2.029e+06 0 0 1.52177e+06 1.00001 -1.15611 0 1.01396 1.01397 507233 0.999967 1.15611 1.46088e-06 
0.07665 0.0112057 2.02895e+06 0 0 1.52173e+06 1.00001 -1.45906 0 1.01395 1.01396 507216 0.999958 1.45906 1.837e-06 
0.0803 0.0112059 2.0289e+06 0 0 1.5217e+06 1.00002 -1.83695 0 1.01393 1.01396 507198 0.999947 1.83695 2.30499e-06 
0.08395 0.0112061 2.02885e+06 0 0 1.52167e+06 1.00002 -2.30772 0 1.01392 1.01395 507179 0.999933 2.30772 2.88672e-06 
0.0876 0.0112063 2.0288e+06 0 0 1.52164e+06 1.00003 -2.89361 0 1.0139 1.01394 507158 0.999917 2.89361 3.60923e-06 
0.09125 0.0112066 2.02875e+06 0 0 1.52162e+06 1.00003 -3.62206 0 1.01389 1.01393 507134 0.999895 3.62206 4.50593e-06 
0.0949 0.0112067 2.0287e+06 0 0 1.52159e+06 1.00004 -4.52702 0 1.01387 1.01392 507109 0.999869 4.52702 5.61809e-06 
0.09855 0.0112069 2.02865e+06 0 0 1.52157e+06 1.00005 -5.65044 0 1.01384 1.01391 507080 0.999836 5.65044 6.99672e-06 
0.1022 0.0112071 2.0286e+06 0 0 1.52155e+06 1.00007 -7.04418 0 1.01381 1.0139 507046 0.999796 7.04418 8.70483e-06 
0.10585 0.0112072 2.02855e+06 0 0 1.52154e+06 1.00008 -8.7723 0 1.01377 1.01388 507008 0.999746 8.7723 1.08203e-05 
0.1095 0.0112072 2.0285e+06 0 0 1.52154e+06 1.00011 -10.914 0 1.01373 1.01387 506964 0.999683 10.914 1.34392e-05 
0.11315 0.0112072 2.02845e+06 0 0 1.52154e+06 1.00013 -13.567 0 1.01368 1.01385 506913 0.999606 13.567 1.66804e-05 
0.1168 0.0112072 2.0284e+06 0 0 1.52155e+06 1.00016 -16.8522 0 1.01361 1.01382 506852 0.99951 16.8522 2.06905e-05 
0.12045 0.0112071 2.02835e+06 0 0 1.52157e+06 1.0002 -20.9188 0 1.01353 1.01379 506779 0.999391 20.9188 2.56507e-05 
0.1241 0.0112069 2.0283e+06 0 0 1.52161e+06 1.00025 -25.9512 0 1.01344 1.01376 506692 0.999245 25.9512 3.17846e-05 
0.12775 0.0112066 2.02825e+06 0 0 1.52166e+06 1.00031 -32.1769 0 1.01332 1.01372 506587 0.999063 32.1769 3.93682e-05 
0.1314 0.0112061 2.0282e+06 0 0 1.52174e+06 1.00039 -39.8768 0 1.01318 1.01367 506461 0.998838 39.8768 4.87423e-05 
0.13505 0.0112054 2.02815e+06 0 0 1.52184e+06 1.00048 -49.3978 0 1.013 1.01361 506307 0.998559 49.3978 6.03272e-05 
0.1387 0.0112046 2.0281e+06 0 0 1.52198e+06 1.00059 -61.1677 0 1.01278 1.01354 506120 0.998215 61.1677 7.46413e-05 
0.14235 0.0112034 2.02805e+06 0 0 1.52216e+06 1.00074 -75.714 0 1.01252 1.01345 505892 0.997789 75.714 9.23238e-05 
0.146 0.011202 2.028e+06 0 0 1.52239e+06 1.00091 -93.6873 0 1.01219 1.01334 505612 0.997263 93.6873 0.000114162 
0.14965 0.0112001 2.02795e+06 0 0 1.52268e+06 1.00113 -115.888 0 1.01178 1.0132 505270 0.996613 115.888 0.000141127 
0.1533 0.0111977 2.0279e+06 0 0 1.52305e+06 1.0014 -143.303 0 1.01128 1.01304 504850 0.995809 143.303 0.000174412 
0.15695 0.0111947 2.02785e+06 0 0 1.52352e+06 1.00173 -177.143 0 1.01066 1.01283 504334 0.994816 177.143 0.000215484 
0.1606 0.011191 2.0278e+06 0 0 1.5241e+06 1.00214 -218.896 0 1.0099 1.01258 503700 0.993589 218.896 0.000266146 
0.16425 0.0111862 2.02775e+06 0 0 1.52483e+06 1.00264 -270.384 0 1.00897 1.01228 502920 0.992074 270.384 0.000328609 
0.1679 0.0111804 2.0277e+06 0 0 1.52574e+06 1.00327 -333.833 0 1.00781 1.01189 501959 0.990205 333.833 0.000405581 
0.17155 0.0111731 2.02765e+06 0 0 1.52687e+06 1.00403 -411.956 0 1.00639 1.01142 500777 0.987897 411.956 0.000500371 
0.1752 0.011164 2.0276e+06 0 0 1.52828e+06 1.00498 -508.044 0 1.00463 1.01084 499323 0.985052 508.044 0.000617015 
0.17885 0.0111528 2.02755e+06 0 0 1.53002e+06 1.00615 -626.068 0 1.00247 1.01013 497533 0.981545 626.068 0.000760418 
0.1825 0.011139 2.0275e+06 0 0 1.53217e+06 1.00759 -770.787 0 0.999807 1.00924 495332 0.977227 770.787 0.000936522 
0.18615 0.0111219 2.02745e+06 0 0 1.53482e+06 1.00936 -947.852 0 0.996531 1.00813 492627 0.971915 947.852 0.0011525 
0.1898 0.0111011 2.0274e+06 0 0 1.53809e+06 1.01154 -1163.89 0 0.992503 1.00677 489307 0.965387 1163.89 0.00141694 
0.19345 0.0110755 2.02735e+06 0 0 1.54211e+06 1.01421 -1426.55 0 0.987554 1.00507 485236 0.957381 1426.55 0.00174011 
0.1971 0.0110443 2.0273e+06 0 0 1.54704e+06 1.01747 -1744.46 0 0.981483 1.00297 480257 0.947579 1744.46 0.00213409 
0.20075 0.0110064 2.02725e+06 0 0 1.55307e+06 1.02146 -2127.06 0 0.974045 1.00035 474179 0.935611 2127.06 0.00261303 
0.2044 0.0109606 2.0272e+06 0 0 1.56041e+06 1.02632 -2584.19 0 0.964947 0.9971 466785 0.921044 2584.19 0.00319321 
0.20805 0.0109056 2.02715e+06 0 0 1.56932e+06 1.0322 -3125.37 0 0.953844 0.993045 457825 0.903386 3125.37 0.00389301 
0.2117 0.0108401 2.0271e+06 0 0 1.58008e+06 1.0393 -3758.62 0 0.940328 0.987986 447021 0.88209 3758.62 0.00473265 
0.21535 0.0107626 2.02705e+06 0 0 1.59297e+06 1.04781 -4488.71 0 0.923926 0.981665 434075 0.856565 4488.71 0.00573344 
0.219 0.0106719 2.027e+06 0 0 1.60832e+06 1.05793 -5314.69 0 0.904097 0.973756 418682 0.826209 5314.69 0.00691655 
0.22265 0.0105672 2.02695e+06 0 0 1.6264e+06 1.06985 -6226.76 0 0.880239 0.963845 400551 0.79045 6226.76 0.00830063 
0.2263 0.0104481 2.0269e+06 0 0 1.64746e+06 1.08373 -7202.65 0 0.851695 0.951404 379441 0.748811 7202.65 0.00989824 
0.22995 0.0103148 2.02685e+06 0 0 1.67164e+06 1.09967 -8204.01 0 0.817789 0.935767 355206 0.701002 8204.01 0.0117103 
0.2336 0.0101687 2.0268e+06 0 0 1.69895e+06 1.11766 -9173.87 0 0.777866 0.916095 327848 0.647025 9173.87 0.0137179 
0.23725 0.0100121 2.02675e+06 0 0 1.72917e+06 1.13757 -10036.6 0 0.731375 0.891346 297575 0.587296 10036.6 0.015872 
0.2409 0.00984865 2.0267e+06 0 0 1.76184e+06 1.15908 -10701.8 0 0.677985 0.860259 264862 0.522746 10701.8 0.0180799 
0.24455 0.00968287 2.02665e+06 0 0 1.79617e+06 1.1817 -11074.8 0 0.617735 0.82138 230476 0.45489 11074.8 0.0201926 
0.2482 0.0095201 2.0266e+06 0 0 1.83113e+06 1.20473 -11072.5 0 0.551236 0.773177 195469 0.385807 11072.5 0.0219971 
0.25185 0.00936587 2.02655e+06 0 0 1.86544e+06 1.22733 -10645 0 0.479854 0.714324 161113 0.318004 10645 0.0232261 
0.2555 0.00922531 2.0265e+06 0 0 1.89774e+06 1.24862 -9796.61 0 0.405839 0.644214 128757 0.254146 9796.61 0.023597 
0.25915 0.00910245 2.02645e+06 0 0 1.92681e+06 1.26778 -8598.75 0 0.332258 0.563695 99635.4 0.19667 8598.75 0.0228921 
0.2628 0.00899969 2.0264e+06 0 0 1.95174e+06 1.28421 -7183.42 0 0.262633 0.475754 74661.9 0.147379 7183.42 0.0210618 
0.26645 0.00891749 2.02635e+06 0 0 1.97207e+06 1.29762 -5714.15 0 0.200284 0.385601 54274.7 0.107138 5714.15 0.0182971 
0.2701 0.00885453 2.0263e+06 0 0 1.9879e+06 1.30806 -4342.6 0 0.147581 0.299657 38403.3 0.0758096 4342.6 0.0150016 
0.27375 0.00880816 2.02625e+06 0 0 1.99968e+06 1.31585 -3171.64 0 0.105464 0.223695 26566.7 0.052445 3171.64 0.0116535 
0.2774 0.00877514 2.0262e+06 0 0 2.00815e+06 1.32145 -2242.54 0 0.0734649 0.161188 18054.3 0.0356416 2242.54 0.00864076 
0.28105 0.00875227 2.02615e+06 0 0 2.01404e+06 1.32537 -1546.56 0 0.0501602 0.112846 12106.9 0.0239013 1546.56 0.00617131 
0.2847 0.00873676 2.0261e+06 0 0 2.01806e+06 1.32804 -1047.26 0 0.0337416 0.0772744 8041.2 0.0158752 1047.26 0.00428409 
0.28835 0.00872642 2.02605e+06 0 0 2.02074e+06 1.32984 -700.044 0 0.0224565 0.0520686 5305.21 0.010474 700.044 0.00291334 
0.292 0.00871962 2.026e+06 0 0 2.02252e+06 1.33104 -463.799 0 0.0148356 0.034688 3484.19 0.00687896 463.799 0.00195279 
0.29565 0.00871521 2.02595e+06 0 0 2.02367e+06 1.33183 -305.436 0 0.00975169 0.0229295 2281.23 0.00450403 305.436 0.00129607 
0.2993 0.00871238 2.0259e+06 0 0 2.02441e+06 1.33235 -200.339 0 0.00638838 0.0150774 1490.57 0.00294303 200.339 0.000854507 
0.30295 0.00871061 2.02585e+06 0 0 2.02488e+06 1.33269 -131.056 0 0.0041757 0.00987945 972.636 0.00192045 131.056 0.000560897 
0.3066 0.00870952 2.0258e+06 0 0 2.02517e+06 1.33292 -85.5837 0 0.00272539 0.00645854 634.111 0.00125207 85.5837 0.000367098 
0.31025 0.00870889 2.02575e+06 0 0 2.02534e+06 1.33306 -55.8247 0 0.00177707 0.00421575 413.17 0.000815836 55.8247 0.0002398 
0.3139 0.00870855 2.0257e+06 0 0 2.02543e+06 1.33316 -36.3862 0 0.001158 0.00274904 269.109 0.00053139 36.3862 0.000156448 
0.31755 0.0087084 2.02565e+06 0 0 2.02547e+06 1.33322 -23.7047 0 0.000754275 0.00179145 175.235 0.000346032 23.7047 0.000101985 
0.3212 0.00870838 2.0256e+06 0 0 2.02549e+06 1.33326 -15.4381 0 0.000491172 0.00116692 114.089 0.000225294 15.4381 6.64457e-05 
0.32485 0.00870844 2.02555e+06 0 0 2.02548e+06 1.33328 -10.0523 0 0.000319787 0.000759905 74.2711 0.000146669 10.0523 4.32761e-05 
0.3285 0.00870856 2.0255e+06 0 0 2.02545e+06 1.3333 -6.54453 0 0.00020818 0.000494765 48.3468 9.54763e-05 6.54453 2.81793e-05 
0.33215 0.00870871 2.02545e+06 0 0 2.02542e+06 1.33331 -4.26046 0 0.000135514 0.000322098 31.4701 6.21494e-05 4.26046 1.83464e-05 
0.3358 0.00870888 2.0254e+06 0 0 2.02538e+06 1.33332 -2.77343 0 8.82097e-05 0.000209678 20.4844 4.04551e-05 2.77343 1.19437e-05 
0.33945 0.00870907 2.02535e+06 0 0 2.02534e+06 1.33332 -1.80545 0 5.74191e-05 0.000136495 13.3341 2.63344e-05 1.80545 7.77539e-06 
0.3431 0.00870927 2.0253e+06 0 0 2.02529e+06 1.33333 -1.17549 0 3.73819e-05 8.88676e-05 8.68107 1.71452e-05 1.17549 5.06247e-06 
0.34675 0.00870947 2.02525e+06 0 0 2.02524e+06 1.33333 -0.765734 0 2.43495e-05 5.78885e-05 5.65472 1.11684e-05 0.765734 3.2978e-06 
0.3504 0.00870968 2.0252e+06 0 0 2.0252e+06 1.33333 -0.499641 0 1.58869e-05 3.7771e-05 3.68952 7.28722e-06 0.499641 2.15181e-06 
0.35405 0.00870989 2.02515e+06 0 0 2.02515e+06 1.33333 -0.3277 0 1.04188e-05 2.47718e-05 2.41972 4.77934e-06 0.3277 1.41129e-06 
0.3577 0.0087101 2.0251e+06 0 0 2.0251e+06 1.33333 -0.218333 0 6.94096e-06 1.65036e-05 1.61207 3.18418e-06 0.218333 9.40274e-07 
0.36135 0.00871031 2.02505e+06 0 0 2.02505e+06 1.33333 -0.15231 0 4.84151e-06 1.15124e-05 1.12452 2.22122e-06 0.15231 6.55928e-07 
0.365 0.00871053 2.025e+06 0 0 2.025e+06 1.33333 -0.11979 0 3.80744e-06 9.05392e-06 0.88438 1.74692e-06 0.11979 5.15873e-07 


0 0.0112 2.03e+06 0 0 1.5225e+06 1 0 0 1.01407 1.01407 507500 1 0 9.43796e-11 
0.00365 0.0112003 2.02995e+06 0 0 1.52246e+06 1 -0.00103745 0 1.01407 1.01407 507487 1 0.00103745 1.58179e-09 
0.0073 0.0112006 2.0299e+06 0 0 1.52243e+06 1 -0.00255993 0 1.01406 1.01406 507475 1 0.00255993 3.72885e-09 
0.01095 0.0112008 2.02985e+06 0 0 1.52239e+06 1 -0.00472378 0 1.01406 1.01406 507462 1 0.00472378 6.73826e-09 
0.0146 0.0112011 2.0298e+06 0 0 1.52235e+06 1 -0.00772758 0 1.01406 1.01406 507450 1 0.00772759 1.08655e-08 
0.01825 0.0112014 2.02975e+06 0 0 1.52231e+06 1 -0.0118225 0 1.01405 1.01405 507437 1 0.0118225 1.64317e-08 
0.0219 0.0112017 2.0297e+06 0 0 1.52228e+06 1 -0.0173251 0 1.01405 1.01405 507425 1 0.0173251 2.3839e-08 
0.02555 0.0112019 2.02965e+06 0 0 1.52224e+06 1 -0.0246334 0 1.01404 1.01404 507412 0.999999 0.0246334 3.35898e-08 
0.0292 0.0112022 2.0296e+06 0 0 1.5222e+06 1 -0.0342461 0 1.01404 1.01404 507400 0.999999 0.0342461 4.63103e-08 
0.03285 0.0112025 2.02955e+06 0 0 1.52216e+06 1 -0.0467872 0 1.01403 1.01403 507387 0.999999 0.0467872 6.27806e-08 
0.0365 0.0112028 2.0295e+06 0 0 1.52213e+06 1 -0.063036 0 1.01402 1.01403 507374 0.999998 0.063036 8.39709e-08 
0.04015 0.011203 2.02945e+06 0 0 1.52209e+06 1 -0.0839639 0 1.01402 1.01402 507361 0.999998 0.0839639 1.11087e-07 
0.0438 0.0112033 2.0294e+06 0 0 1.52205e+06 1 -0.11078 0 1.01401 1.01402 507348 0.999997 0.11078 1.45624e-07 
0.04745 0.0112036 2.02935e+06 0 0 1.52201e+06 1 -0.144989 0 1.01401 1.01401 507335 0.999996 0.144989 1.8944e-07 
0.0511 0.0112038 2.0293e+06 0 0 1.52198e+06 1 -0.18846 0 1.014 1.01401 507322 0.999995 0.18846 2.44834e-07 
0.05475 0.0112041 2.02925e+06 0 0 1.52194e+06 1 -0.243511 0 1.014 1.014 507309 0.999993 0.243511 3.14658e-07 
0.0584 0.0112044 2.0292e+06 0 0 1.5219e+06 1 -0.31302 0 1.01399 1.01399 507295 0.999991 0.31302 4.02441e-07 
0.06205 0.0112047 2.02915e+06 0 0 1.52187e+06 1 -0.400554 0 1.01398 1.01399 507282 0.999989 0.400554 5.12552e-07 
0.0657 0.0112049 2.0291e+06 0 0 1.52183e+06 1 -0.510532 0 1.01398 1.01398 507268 0.999985 0.510532 6.50398e-07 
0.06935 0.0112052 2.02905e+06 0 0 1.5218e+06 1.00001 -0.648427 0 1.01397 1.01398 507253 0.999981 0.648427 8.22665e-07 
0.073 0.0112054 2.029e+06 0 0 1.52176e+06 1.00001 -0.821012 0 1.01396 1.01397 507238 0.999976 0.821012 1.03762e-06 
0.07665 0.0112057 2.02895e+06 0 0 1.52173e+06 1.00001 -1.03667 0 1.01395 1.01397 507222 0.99997 1.03667 1.3055e-06 
0.0803 0.0112059 2.0289e+06 0 0 1.52169e+06 1.00001 -1.30578 0 1.01394 1.01396 507206 0.999962 1.30578 1.63894e-06 
0.08395 0.0112062 2.02885e+06 0 0 1.52166e+06 1.00002 -1.64117 0 1.01393 1.01395 507188 0.999953 1.64117 2.05358e-06 
0.0876 0.0112064 2.0288e+06 0 0 1.52163e+06 1.00002 -2.0587 0 1.01392 1.01395 507170 0.999941 2.0587 2.56872e-06 
0.09125 0.0112067 2.02875e+06 0 0 1.5216e+06 1.00002 -2.57799 0 1.01391 1.01394 507150 0.999926 2.57799 3.20825e-06 
0.0949 0.0112069 2.0287e+06 0 0 1.52157e+06 1.00003 -3.2233 0 1.01389 1.01393 507128 0.999907 3.2233 4.00166e-06 
0.09855 0.0112071 2.02865e+06 0 0 1.52155e+06 1.00004 -4.0246 0 1.01387 1.01392 507103 0.999884 4.0246 4.98542e-06 
0.1022 0.0112072 2.0286e+06 0 0 1.52152e+06 1.00005 -5.01894 0 1.01385 1.01391 507076 0.999855 5.01894 6.20457e-06 
0.10585 0.0112074 2.02855e+06 0 0 1.5215e+06 1.00006 -6.25213 0 1.01382 1.0139 507046 0.999819 6.25213 7.71477e-06 
0.1095 0.0112075 2.0285e+06 0 0 1.52149e+06 1.00008 -7.78074 0 1.01379 1.01388 507010 0.999774 7.78074 9.58478e-06 
0.11315 0.0112076 2.02845e+06 0 0 1.52148e+06 1.00009 -9.6747 0 1.01375 1.01387 506970 0.999719 9.6747 1.18995e-05 
0.1168 0.0112077 2.0284e+06 0 0 1.52148e+06 1.00012 -12.0204 0 1.0137 1.01385 506923 0.999651 12.0204 1.47639e-05 
0.12045 0.0112077 2.02835e+06 0 0 1.52148e+06 1.00014 -14.9246 0 1.01364 1.01383 506867 0.999566 14.9246 1.83076e-05 
0.1241 0.0112076 2.0283e+06 0 0 1.5215e+06 1.00018 -18.519 0 1.01357 1.0138 506802 0.999461 18.519 2.26905e-05 
0.12775 0.0112074 2.02825e+06 0 0 1.52153e+06 1.00022 -22.9666 0 1.01349 1.01377 506723 0.999331 22.9666 2.81103e-05 
0.1314 0.0112072 2.0282e+06 0 0 1.52157e+06 1.00028 -28.4683 0 1.01338 1.01373 506629 0.99917 28.4683 3.48109e-05 
0.13505 0.0112068 2.02815e+06 0 0 1.52163e+06 1.00034 -35.2726 0 1.01326 1.01369 506516 0.998972 35.2726 4.30935e-05 
0.1387 0.0112063 2.0281e+06 0 0 1.52172e+06 1.00042 -43.6857 0 1.0131 1.01364 506379 0.998726 43.6857 5.33296e-05 
0.14235 0.0112055 2.02805e+06 0 0 1.52184e+06 1.00053 -54.086 0 1.01291 1.01357 506212 0.998421 54.086 6.59776e-05 
0.146 0.0112046 2.028e+06 0 0 1.52199e+06 1.00065 -66.9398 0 1.01267 1.01349 506009 0.998045 66.9398 8.16029e-05 
0.14965 0.0112033 2.02795e+06 0 0 1.52219e+06 1.00081 -82.8226 0 1.01238 1.01339 505761 0.99758 82.8226 0.000100902 
0.1533 0.0112017 2.0279e+06 0 0 1.52244e+06 1.001 -102.443 0 1.01202 1.01328 505457 0.997006 102.443 0.000124734 
0.15695 0.0111996 2.02785e+06 0 0 1.52277e+06 1.00123 -126.674 0 1.01158 1.01313 505084 0.996295 126.674 0.000154155 
0.1606 0.011197 2.0278e+06 0 0 1.52317e+06 1.00153 -156.589 0 1.01103 1.01295 504627 0.995418 156.589 0.000190466 
0.16425 0.0111937 2.02775e+06 0 0 1.52368e+06 1.00189 -193.507 0 1.01036 1.01273 504065 0.994334 193.507 0.000235265 
0.1679 0.0111896 2.0277e+06 0 0 1.52433e+06 1.00234 -239.046 0 1.00953 1.01245 503374 0.992995 239.046 0.000290513 
0.17155 0.0111844 2.02765e+06 0 0 1.52513e+06 1.00289 -295.185 0 1.00851 1.01212 502523 0.991342 295.185 0.000358615 
0.1752 0.011178 2.0276e+06 0 0 1.52612e+06 1.00357 -364.342 0 1.00725 1.0117 501477 0.989302 364.342 0.000442513 
0.17885 0.01117 2.02755e+06 0 0 1.52736e+06 1.0044 -449.456 0 1.0057 1.01119 500189 0.986785 449.456 0.000545801 
0.1825 0.0111601 2.0275e+06 0 0 1.5289e+06 1.00544 -554.085 0 1.00378 1.01056 498604 0.983683 554.085 0.000672854 
0.18615 0.0111478 2.02745e+06 0 0 1.5308e+06 1.00671 -682.513 0 1.00142 1.00977 496654 0.97986 682.513 0.000828986 
0.1898 0.0111328 2.0274e+06 0 0 1.53314e+06 1.00828 -839.856 0 0.998524 1.0088 494257 0.975155 839.856 0.00102062 
0.19345 0.0111142 2.02735e+06 0 0 1.53604e+06 1.01021 -1032.16 0 0.994955 1.0076 491313 0.969369 1032.16 0.0012555 
0.1971 0.0110915 2.0273e+06 0 0 1.5396e+06 1.01258 -1266.47 0 0.990569 1.0061 487700 0.962265 1266.47 0.00154286 
0.20075 0.0110637 2.02725e+06 0 0 1.54397e+06 1.01548 -1550.85 0 0.985183 1.00425 483275 0.953558 1550.85 0.0018937 
0.2044 0.0110299 2.0272e+06 0 0 1.54933e+06 1.01903 -1894.29 0 0.978579 1.00195 477866 0.942909 1894.29 0.00232096 
0.20805 0.0109889 2.02715e+06 0 0 1.55588e+06 1.02336 -2306.47 0 0.970493 0.999085 471273 0.929923 2306.47 0.00283963 
0.2117 0.0109395 2.0271e+06 0 0 1.56384e+06 1.02862 -2797.2 0 0.960612 0.995521 463264 0.914142 2797.2 0.00346689 
0.21535 0.0108803 2.02705e+06 0 0 1.57347e+06 1.03498 -3375.55 0 0.948565 0.991079 453578 0.89505 3375.55 0.00422193 
0.219 0.01081 2.027e+06 0 0 1.58507e+06 1.04264 -4048.45 0 0.933917 0.985533 441927 0.87208 4048.45 0.00512554 
0.22265 0.0107272 2.02695e+06 0 0 1.59894e+06 1.05179 -4818.66 0 0.916169 0.9786 428007 0.844632 4818.66 0.00619917 
0.2263 0.0106308 2.0269e+06 0 0 1.61538e+06 1.06263 -5681.97 0 0.894752 0.96992 411516 0.812109 5681.97 0.00746328 
0.22995 0.0105201 2.02685e+06 0 0 1.63467e+06 1.07534 -6623.89 0 0.869039 0.959034 392180 0.77397 6623.89 0.00893457 
0.2336 0.0103951 2.0268e+06 0 0 1.65701e+06 1.09007 -7615.9 0 0.838361 0.945362 369791 0.729804 7615.9 0.0106216 
0.23725 0.0102563 2.02675e+06 0 0 1.68249e+06 1.10686 -8612.18 0 0.802044 0.928171 344256 0.679426 8612.18 0.0125181 
0.2409 0.0101055 2.0267e+06 0 0 1.71104e+06 1.12567 -9547.85 0 0.759465 0.906539 315656 0.622995 9547.85 0.0145943 
0.24455 0.00994554 2.02665e+06 0 0 1.74235e+06 1.14629 -10340.4 0 0.710147 0.879336 284303 0.56113 10340.4 0.0167848 
0.2482 0.00978051 2.0266e+06 0 0 1.77581e+06 1.16833 -10896.1 0 0.653891 0.845213 250790 0.494997 10896.1 0.0189749 
0.25185 0.00961531 2.02655e+06 0 0 1.81054e+06 1.19122 -11122.7 0 0.590946 0.802664 216007 0.426355 11122.7 0.0209895 
0.2555 0.0094554 2.0265e+06 0 0 1.84539e+06 1.21417 -10948.1 0 0.522216 0.750195 181109 0.357481 10948.1 0.0225907 
0.25915 0.00930624 2.02645e+06 0 0 1.87903e+06 1.23634 -10342.4 0 0.449424 0.686699 147419 0.29099 10342.4 0.0234978 
0.2628 0.00917258 2.0264e+06 0 0 1.91013e+06 1.25683 -9337.19 0 0.375181 0.612076 116266 0.229502 9337.19 0.0234433 
0.26645 0.00905783 2.02635e+06 0 0 1.93758e+06 1.27492 -8030.84 0 0.302803 0.527994 88773.7 0.175239 8030.84 0.0222664 
0.2701 0.00896362 2.0263e+06 0 0 1.96063e+06 1.29012 -6573.14 0 0.235822 0.438405 65673.1 0.129641 6573.14 0.0200128 
0.27375 0.00888963 2.02625e+06 0 0 1.97906e+06 1.30228 -5128.11 0 0.177249 0.349207 47188.1 0.0931535 5128.11 0.0169717 
0.2774 0.00883389 2.0262e+06 0 0 1.99314e+06 1.31158 -3830.59 0 0.128894 0.266794 33060.3 0.0652656 3830.59 0.0135985 
0.28105 0.00879344 2.02615e+06 0 0 2.00346e+06 1.3184 -2757.93 0 0.0910823 0.196135 22690.1 0.0447946 2757.93 0.0103516 
0.2847 0.00876498 2.0261e+06 0 0 2.01077e+06 1.32325 -1928.36 0 0.062883 0.13954 15327.5 0.0302602 1928.36 0.00754897 
0.28835 0.00874545 2.02605e+06 0 0 2.01582e+06 1.3266 -1318.92 0 0.0426473 0.0967263 10233.7 0.0202042 1318.92 0.00532307 
0.292 0.00873231 2.026e+06 0 0 2.01922e+06 1.32887 -887.849 0 0.028549 0.0657531 6776.28 0.0133786 887.849 0.00366081 
0.29565 0.0087236 2.02595e+06 0 0 2.02149e+06 1.3304 -591.064 0 0.0189363 0.0440758 4461.32 0.00880835 591.064 0.0024731 
0.2993 0.0087179 2.0259e+06 0 0 2.02297e+06 1.33141 -390.512 0 0.0124811 0.0292583 2925.84 0.00577687 390.512 0.00165018 
0.30295 0.00871422 2.02585e+06 0 0 2.02394e+06 1.33207 -256.697 0 0.00819138 0.0192935 1913.87 0.0037789 256.697 0.00109188 
0.3066 0.00871188 2.0258e+06 0 0 2.02455e+06 1.33251 -168.165 0 0.00536072 0.0126661 1249.76 0.0024677 168.165 0.000718417 
0.31025 0.00871043 2.02575e+06 0 0 2.02493e+06 1.3328 -109.92 0 0.00350163 0.00829062 815.179 0.00160963 109.92 0.000470933 
0.3139 0.00870955 2.0257e+06 0 0 2.02517e+06 1.33298 -71.7436 0 0.00228443 0.00541609 531.319 0.00104916 71.7436 0.000307947 
0.31755 0.00870906 2.02565e+06 0 0 2.0253e+06 1.33311 -46.7812 0 0.00148913 0.0035337 346.137 0.000683508 46.7812 0.000201045 
0.3212 0.00870881 2.0256e+06 0 0 2.02537e+06 1.33318 -30.485 0 0.000970194 0.00230361 225.425 0.000445153 30.485 0.000131115 
0.32485 0.00870872 2.02555e+06 0 0 2.0254e+06 1.33324 -19.8575 0 0.000631877 0.0015009 146.781 0.000289858 19.8575 8.54505e-05 
0.3285 0.00870874 2.0255e+06 0 0 2.0254e+06 1.33327 -12.9315 0 0.000411442 0.000977554 95.5601 0.000188714 12.9315 5.5665e-05 
0.33215 0.00870883 2.02545e+06 0 0 2.02539e+06 1.33329 -8.41976 0 0.000267869 0.000636548 62.2084 0.000122854 8.41976 3.62515e-05 
0.3358 0.00870896 2.0254e+06 0 0 2.02536e+06 1.33331 -5.48163 0 0.000174383 0.000414441 40.4953 7.99749e-05 5.48163 2.36045e-05 
0.33945 0.00870912 2.02535e+06 0 0 2.02532e+06 1.33332 -3.56872 0 0.000113522 0.000269821 26.3613 5.20628e-05 3.56872 1.53686e-05 
0.3431 0.0087093 2.0253e+06 0 0 2.02528e+06 1.33332 -2.32364 0 7.39114e-05 0.000175685 17.1631 3.38973e-05 2.32364 1.00072e-05 
0.34675 0.00870949 2.02525e+06 0 0 2.02524e+06 1.33333 -1.51372 0 4.81464e-05 0.000114448 11.1802 2.20815e-05 1.51372 6.51932e-06 
0.3504 0.00870969 2.0252e+06 0 0 2.02519e+06 1.33333 -0.987736 0 3.14147e-05 7.46787e-05 7.29493 1.44083e-05 0.987736 4.25404e-06 
0.35405 0.0087099 2.02515e+06 0 0 2.02514e+06 1.33333 -0.647844 0 2.06032e-05 4.89796e-05 4.78443 9.45004e-06 0.647844 2.79018e-06 
0.3577 0.00871011 2.0251e+06 0 0 2.0251e+06 1.33333 -0.431643 0 1.37264e-05 3.26328e-05 3.18761 6.2962e-06 0.431643 1.85902e-06 
0.36135 0.00871032 2.02505e+06 0 0 2.02505e+06 1.33333 -0.301123 0 9.57507e-06 2.27644e-05 2.22364 4.39226e-06 0.301123 1.29688e-06 
0.365 0.00871053 2.025e+06 0 0 2.025e+06 1.33333 -0.236833 0 7.53033e-06 1.79037e-05 1.74883 3.45448e-06 0.236833 1.01999e-06 


0 0.0112 2.03e+06 0 0 1.5225e+06 1 0 0 1.01407 1.01407 507500 1 0 5.75317e-11 
0.00365 0.0112003 2.02995e+06 0 0 1.52246e+06 1 -0.000728097 0 1.01407 1.01407 507487 1 0.000728098 1.09532e-09 
0.0073 0.0112006 2.0299e+06 0 0 1.52243e+06 1 -0.00179745 0 1.01406 1.01406 507475 1 0.00179746 2.5966e-09 
0.01095 0.0112008 2.02985e+06 0 0 1.52239e+06 1 -0.00331862 0 1.01406 1.01406 507462 1 0.00331863 4.70477e-09 
0.0146 0.0112011 2.0298e+06 0 0 1.52235e+06 1 -0.00543214 0 1.01406 1.01406 507450 1 0.00543214 7.6008e-09 
0.01825 0.0112014 2.02975e+06 0 0 1.52231e+06 1 -0.00831595 0 1.01405 1.01405 507437 1 0.00831595 1.15123e-08 
0.0219 0.0112017 2.0297e+06 0 0 1.52228e+06 1 -0.0121946 0 1.01405 1.01405 507425 1 0.0121946 1.67247e-08 
0.02555 0.0112019 2.02965e+06 0 0 1.52224e+06 1 -0.0173504 0 1.01404 1.01404 507412 1 0.0173504 2.35949e-08 
0.0292 0.0112022 2.0296e+06 0 0 1.5222e+06 1 -0.0241376 0 1.01404 1.01404 507400 0.999999 0.0241376 3.2568e-08 
0.03285 0.0112025 2.02955e+06 0 0 1.52216e+06 1 -0.0329999 0 1.01403 1.01403 507387 0.999999 0.0329999 4.4199e-08 
0.0365 0.0112028 2.0295e+06 0 0 1.52213e+06 1 -0.0444913 0 1.01403 1.01403 507374 0.999999 0.0444913 5.91785e-08 
0.04015 0.011203 2.02945e+06 0 0 1.52209e+06 1 -0.0593031 0 1.01402 1.01402 507362 0.999998 0.0593031 7.83651e-08 
0.0438 0.0112033 2.0294e+06 0 0 1.52205e+06 1 -0.0782964 0 1.01401 1.01402 507349 0.999998 0.0782964 1.02825e-07 
0.04745 0.0112036 2.02935e+06 0 0 1.52201e+06 1 -0.102543 0 1.01401 1.01401 507336 0.999997 0.102543 1.33881e-07 
0.0511 0.0112039 2.0293e+06 0 0 1.52198e+06 1 -0.133373 0 1.014 1.01401 507323 0.999996 0.133373 1.73175e-07 
0.05475 0.0112041 2.02925e+06 0 0 1.52194e+06 1 -0.172442 0 1.014 1.014 507310 0.999995 0.172442 2.2274e-07 
0.0584 0.0112044 2.0292e+06 0 0 1.5219e+06 1 -0.2218 0 1.01399 1.014 507297 0.999994 0.2218 2.85094e-07 
0.06205 0.0112047 2.02915e+06 0 0 1.52187e+06 1 -0.283992 0 1.01399 1.01399 507283 0.999992 0.283992 3.63356e-07 
0.0657 0.0112049 2.0291e+06 0 0 1.52183e+06 1 -0.362171 0 1.01398 1.01398 507270 0.99999 0.362171 4.61385e-07 
0.06935 0.0112052 2.02905e+06 0 0 1.52179e+06 1 -0.460243 0 1.01397 1.01398 507256 0.999987 0.460243 5.83955e-07 
0.073 0.0112055 2.029e+06 0 0 1.52176e+06 1.00001 -0.583043 0 1.01397 1.01397 507241 0.999983 0.583043 7.36975e-07 
0.07665 0.0112057 2.02895e+06 0 0 1.52172e+06 1.00001 -0.736557 0 1.01396 1.01397 507227 0.999979 0.736557 9.27747e-07 
0.0803 0.011206 2.0289e+06 0 0 1.52169e+06 1.00001 -0.928192 0 1.01395 1.01396 507211 0.999973 0.928192 1.1653e-06 
0.08395 0.0112062 2.02885e+06 0 0 1.52165e+06 1.00001 -1.16711 0 1.01394 1.01396 507195 0.999966 1.16711 1.46081e-06 
0.0876 0.0112065 2.0288e+06 0 0 1.52162e+06 1.00001 -1.46465 0 1.01393 1.01395 507179 0.999958 1.46465 1.82807e-06 
0.09125 0.0112067 2.02875e+06 0 0 1.52159e+06 1.00002 -1.83481 0 1.01392 1.01394 507161 0.999947 1.83481 2.28415e-06 
0.0949 0.011207 2.0287e+06 0 0 1.52156e+06 1.00002 -2.29494 0 1.01391 1.01393 507141 0.999934 2.29494 2.85012e-06 
0.09855 0.0112072 2.02865e+06 0 0 1.52153e+06 1.00003 -2.86644 0 1.01389 1.01393 507120 0.999917 2.86644 3.55205e-06 
0.1022 0.0112074 2.0286e+06 0 0 1.5215e+06 1.00003 -3.57579 0 1.01387 1.01392 507097 0.999896 3.57579 4.42214e-06 
0.10585 0.0112076 2.02855e+06 0 0 1.52148e+06 1.00004 -4.45573 0 1.01385 1.01391 507072 0.999871 4.45573 5.50016e-06 
0.1095 0.0112077 2.0285e+06 0 0 1.52146e+06 1.00005 -5.54669 0 1.01383 1.0139 507043 0.999839 5.54669 6.83528e-06 
0.11315 0.0112079 2.02845e+06 0 0 1.52144e+06 1.00007 -6.89865 0 1.0138 1.01388 507011 0.9998 6.89865 8.48822e-06 
0.1168 0.011208 2.0284e+06 0 0 1.52143e+06 1.00008 -8.57337 0 1.01376 1.01387 506974 0.999751 8.57337 1.0534e-05 
0.12045 0.0112081 2.02835e+06 0 0 1.52142e+06 1.0001 -10.6472 0 1.01372 1.01385 506930 0.99969 10.6472 1.30654e-05 
0.1241 0.0112081 2.0283e+06 0 0 1.52142e+06 1.00013 -13.2143 0 1.01367 1.01383 506880 0.999615 13.2143 1.61967e-05 
0.12775 0.0112081 2.02825e+06 0 0 1.52143e+06 1.00016 -16.3912 0 1.01361 1.01381 506820 0.999523 16.3912 2.00694e-05 
0.1314 0.011208 2.0282e+06 0 0 1.52145e+06 1.0002 -20.3217 0 1.01353 1.01378 506750 0.999408 20.3217 2.48581e-05 
0.13505 0.0112078 2.02815e+06 0 0 1.52148e+06 1.00024 -25.1835 0 1.01344 1.01375 506665 0.999266 25.1835 3.07784e-05 
0.1387 0.0112075 2.0281e+06 0 0 1.52154e+06 1.0003 -31.1959 0 1.01333 1.01371 506564 0.99909 31.1959 3.80964e-05 
0.14235 0.011207 2.02805e+06 0 0 1.52161e+06 1.00038 -38.6298 0 1.01319 1.01366 506441 0.998873 38.6298 4.71404e-05 
0.146 0.0112064 2.028e+06 0 0 1.52171e+06 1.00047 -47.8193 0 1.01302 1.0136 506292 0.998604 47.8193 5.83159e-05 
0.14965 0.0112056 2.02795e+06 0 0 1.52184e+06 1.00058 -59.1771 0 1.01281 1.01353 506111 0.998272 59.1771 7.21226e-05 
0.1533 0.0112045 2.0279e+06 0 0 1.52201e+06 1.00071 -73.2116 0 1.01255 1.01345 505890 0.997861 73.2116 8.91769e-05 
0.15695 0.0112031 2.02785e+06 0 0 1.52223e+06 1.00088 -90.5501 0 1.01223 1.01334 505621 0.997353 90.5501 0.000110238 
0.1606 0.0112013 2.0278e+06 0 0 1.52251e+06 1.00109 -111.965 0 1.01184 1.01321 505290 0.996725 111.965 0.000136243 
0.16425 0.011199 2.02775e+06 0 0 1.52287e+06 1.00135 -138.407 0 1.01136 1.01305 504884 0.99595 138.407 0.000168341 
0.1679 0.0111961 2.0277e+06 0 0 1.52331e+06 1.00167 -171.045 0 1.01076 1.01285 504386 0.994992 171.045 0.00020795 
0.17155 0.0111925 2.02765e+06 0 0 1.52388e+06 1.00206 -211.315 0 1.01003 1.01261 503774 0.993809 211.315 0.000256809 
0.1752 0.011188 2.0276e+06 0 0 1.52458e+06 1.00255 -260.975 0 1.00912 1.01232 503021 0.992348 260.975 0.000317052 
0.17885 0.0111823 2.02755e+06 0 0 1.52546e+06 1.00315 -322.175 0 1.00801 1.01195 502094 0.990544 322.175 0.000391293 
0.1825 0.0111753 2.0275e+06 0 0 1.52655e+06 1.00389 -397.539 0 1.00664 1.0115 500954 0.988319 397.539 0.00048273 
0.18615 0.0111665 2.02745e+06 0 0 1.5279e+06 1.00481 -490.247 0 1.00494 1.01093 499551 0.985575 490.247 0.00059526 
0.1898 0.0111557 2.0274e+06 0 0 1.52958e+06 1.00594 -604.146 0 1.00286 1.01024 497824 0.982192 604.146 0.000733628 
0.19345 0.0111424 2.02735e+06 0 0 1.53165e+06 1.00732 -743.848 0 1.00029 1.00939 495700 0.978026 743.848 0.000903584 
0.1971 0.011126 2.0273e+06 0 0 1.53421e+06 1.00903 -914.842 0 0.997127 1.00832 493090 0.9729 914.842 0.00111207 
0.20075 0.0111058 2.02725e+06 0 0 1.53736e+06 1.01113 -1123.58 0 0.99324 1.00701 489885 0.966601 1123.58 0.00136742 
0.2044 0.0110811 2.0272e+06 0 0 1.54124e+06 1.01371 -1377.53 0 0.988465 1.00538 485956 0.958872 1377.53 0.00167958 
0.20805 0.011051 2.02715e+06 0 0 1.546e+06 1.01686 -1685.17 0 0.982605 1.00335 481147 0.949406 1685.17 0.00206031 
0.2117 0.0110143 2.0271e+06 0 0 1.55182e+06 1.02072 -2055.8 0 0.975423 1.00083 475275 0.937843 2055.8 0.00252339 
0.21535 0.01097 2.02705e+06 0 0 1.55892e+06 1.02541 -2499.24 0 0.966636 0.997697 468127 0.923761 2499.24 0.00308473 
0.219 0.0109167 2.027e+06 0 0 1.56754e+06 1.03111 -3025.13 0 0.955909 0.993793 459459 0.906678 3025.13 0.00376236 
0.22265 0.0108531 2.02695e+06 0 0 1.57795e+06 1.03798 -3641.86 0 0.942843 0.988925 448997 0.886055 3641.86 0.0045762 
0.2263 0.0107778 2.0269e+06 0 0 1.59045e+06 1.04623 -4354.92 0 0.926979 0.982845 436446 0.861308 4354.92 0.00554747 
0.22995 0.0106895 2.02685e+06 0 0 1.60535e+06 1.05606 -5164.56 0 0.907787 0.975238 421501 0.831834 5164.56 0.00669745 
0.2336 0.0105872 2.0268e+06 0 0 1.62293e+06 1.06765 -6062.77 0 0.884673 0.965708 403866 0.797051 6062.77 0.00804548 
0.23725 0.0104706 2.02675e+06 0 0 1.64346e+06 1.08118 -7029.71 0 0.856991 0.95375 383289 0.756461 7029.71 0.0096055 
0.2409 0.0103397 2.0267e+06 0 0 1.6671e+06 1.09676 -8030.05 0 0.824064 0.938722 359605 0.709734 8030.05 0.0113809 
0.24455 0.0101956 2.02665e+06 0 0 1.69387e+06 1.1144 -9010.17 0 0.78523 0.919818 332783 0.656813 9010.17 0.013357 
0.2482 0.0100407 2.0266e+06 0 0 1.72361e+06 1.13399 -9897.5 0 0.739912 0.896034 302994 0.598033 9897.5 0.0154908 
0.25185 0.00987809 2.02655e+06 0 0 1.75589e+06 1.15526 -10603.8 0 0.68773 0.866146 270661 0.53423 10603.8 0.0176982 
0.2555 0.00971234 2.0265e+06 0 0 1.79e+06 1.17773 -11034 0 0.628648 0.82873 236501 0.466816 11034 0.0198406 
0.25915 0.00954864 2.02645e+06 0 0 1.82493e+06 1.20074 -11101.6 0 0.56316 0.782252 201519 0.397778 11101.6 0.0217164 
0.2628 0.00939253 2.0264e+06 0 0 1.85944e+06 1.22348 -10749.3 0 0.492493 0.72532 166957 0.329564 10749.3 0.0230657 
0.26645 0.00924926 2.02635e+06 0 0 1.89219e+06 1.24505 -9970.88 0 0.418738 0.657155 134163 0.264836 9970.88 0.0236041 
0.2701 0.00912309 2.0263e+06 0 0 1.92189e+06 1.26463 -8825.8 0 0.344839 0.578297 104406 0.206102 8825.8 0.0230954 
0.27375 0.00901675 2.02625e+06 0 0 1.94758e+06 1.28157 -7437.01 0 0.274277 0.491331 78669.1 0.1553 7437.01 0.0214539 
0.2774 0.00893103 2.0262e+06 0 0 1.96872e+06 1.29551 -5965.49 0 0.210462 0.401119 57479 0.113472 5965.49 0.0188273 
0.28105 0.00886489 2.02615e+06 0 0 1.9853e+06 1.30645 -4568.07 0 0.155977 0.313992 40850 0.0806457 4568.07 0.0155897 
0.2847 0.00881585 2.0261e+06 0 0 1.99774e+06 1.31467 -3357.76 0 0.112022 0.235973 28360.9 0.0559912 3357.76 0.012219 
0.28835 0.00878075 2.02605e+06 0 0 2.00672e+06 1.32061 -2386.26 0 0.0783503 0.17101 19327.1 0.0381571 2386.26 0.00912791 
0.292 0.00875633 2.026e+06 0 0 2.01301e+06 1.32479 -1652 0 0.0536624 0.120265 12986.9 0.0256405 1652 0.00655747 
0.29565 0.00873971 2.02595e+06 0 0 2.01731e+06 1.32765 -1121.76 0 0.0361797 0.0826352 8638.2 0.0170551 1121.76 0.00457198 
0.2993 0.0087286 2.0259e+06 0 0 2.02019e+06 1.32958 -751.294 0 0.024118 0.0558169 5704.83 0.0112638 751.294 0.00311879 
0.30295 0.00872128 2.02585e+06 0 0 2.0221e+06 1.33087 -498.414 0 0.0159509 0.0372486 3749.22 0.00740276 498.414 0.002095 
0.3066 0.00871652 2.0258e+06 0 0 2.02334e+06 1.33172 -328.526 0 0.0104928 0.0246508 2455.9 0.00484925 328.526 0.0013925 
0.31025 0.00871346 2.02575e+06 0 0 2.02414e+06 1.33228 -215.614 0 0.00687743 0.016222 1605.2 0.0031696 215.614 0.000918992 
0.3139 0.00871154 2.0257e+06 0 0 2.02465e+06 1.33264 -141.105 0 0.00449693 0.0106351 1047.66 0.00206875 141.105 0.000603623 
0.31755 0.00871035 2.02565e+06 0 0 2.02497e+06 1.33288 -92.1707 0 0.00293575 0.00695503 683.127 0.00134895 92.1707 0.000395237 
0.3212 0.00870965 2.0256e+06 0 0 2.02515e+06 1.33304 -60.1323 0 0.00191456 0.00454093 445.155 0.000879058 60.1323 0.000258258 
0.32485 0.00870927 2.02555e+06 0 0 2.02526e+06 1.33314 -39.1988 0 0.00124773 0.00296158 289.964 0.000572614 39.1988 0.000168524 
0.3285 0.0087091 2.0255e+06 0 0 2.02531e+06 1.33321 -25.5394 0 0.0008128 0.00193019 188.827 0.000372899 25.5394 0.000109872 
0.33215 0.00870906 2.02545e+06 0 0 2.02533e+06 1.33325 -16.6342 0 0.000529323 0.00125741 122.945 0.0002428 16.6342 7.15924e-05 
0.3358 0.00870911 2.0254e+06 0 0 2.02532e+06 1.33328 -10.8319 0 0.000344654 0.000818909 80.0417 0.000158076 10.8319 4.66327e-05 
0.33945 0.00870922 2.02535e+06 0 0 2.0253e+06 1.3333 -7.05292 0 0.000224397 0.000533252 52.1092 0.000102914 7.05292 3.03691e-05 
0.3431 0.00870936 2.0253e+06 0 0 2.02527e+06 1.33331 -4.5927 0 0.000146113 0.000347255 33.9287 6.70098e-05 4.5927 1.97779e-05 
0.34675 0.00870953 2.02525e+06 0 0 2.02523e+06 1.33332 -2.99209 0 9.5186e-05 0.000226237 22.1024 4.36537e-05 2.99209 1.28859e-05 
0.3504 0.00870972 2.0252e+06 0 0 2.02519e+06 1.33332 -1.95249 0 6.21106e-05 0.000147632 14.4221 2.84853e-05 1.95249 8.40908e-06 
0.35405 0.00870991 2.02515e+06 0 0 2.02514e+06 1.33333 -1.28066 0 4.07369e-05 9.68322e-05 9.45915 1.86834e-05 1.28066 5.51573e-06 
0.3577 0.00871011 2.0251e+06 0 0 2.02509e+06 1.33333 -0.853296 0 2.71412e-05 6.45177e-05 6.30231 1.24484e-05 0.853296 3.67513e-06 
0.36135 0.00871032 2.02505e+06 0 0 2.02505e+06 1.33333 -0.595291 0 1.89336e-05 4.50088e-05 4.39654 8.68432e-06 0.595291 2.56391e-06 
0.365 0.00871053 2.025e+06 0 0 2.025e+06 1.33333 -0.468205 0 1.48908e-05 3.53993e-05 3.45784 6.83031e-06 0.468205 2.01654e-06 


0 0.0112 2.03e+06 0 0 1.5225e+06 1 0 0 1.01407 1.01407 507500 1 0 3.507e-11 
0.00365 0.0112003 2.02995e+06 0 0 1.52246e+06 1 -0.00051127 0 1.01407 1.01407 507487 1 0.000511271 7.59713e-10 
0.0073 0.0112006 2.0299e+06 0 0 1.52243e+06 1 -0.00126272 0 1.01406 1.01406 507475 1 0.00126272 1.81008e-09 
0.01095 0.0112008 2.02985e+06 0 0 1.52239e+06 1 -0.00233252 0 1.01406 1.01406 507462 1 0.00233252 3.28763e-09 
0.0146 0.0112011 2.0298e+06 0 0 1.52235e+06 1 -0.00382013 0 1.01406 1.01406 507450 1 0.00382014 5.3205e-09 
0.01825 0.0112014 2.02975e+06 0 0 1.52231e+06 1 -0.00585163 0 1.01405 1.01405 507437 1 0.00585163 8.07009e-09 
0.0219 0.0112017 2.0297e+06 0 0 1.52228e+06 1 -0.0085862 0 1.01405 1.01405 507425 1 0.0085862 1.17389e-08 
0.02555 0.0112019 2.02965e+06 0 0 1.52224e+06 1 -0.0122242 0 1.01404 1.01404 507412 1 0.0122242 1.65803e-08 
0.0292 0.0112022 2.0296e+06 0 0 1.5222e+06 1 -0.0170174 0 1.01404 1.01404 507400 1 0.0170174 2.29109e-08 
0.03285 0.0112025 2.02955e+06 0 0 1.52216e+06 1 -0.0232808 0 1.01403 1.01403 507387 0.999999 0.0232808 3.11253e-08 
0.0365 0.0112028 2.0295e+06 0 0 1.52213e+06 1 -0.0314085 0 1.01403 1.01403 507375 0.999999 0.0314085 4.17151e-08 
0.04015 0.011203 2.02945e+06 0 0 1.52209e+06 1 -0.0418925 0 1.01402 1.01402 507362 0.999999 0.0418925 5.52917e-08 
0.0438 0.0112033 2.0294e+06 0 0 1.52205e+06 1 -0.0553457 0 1.01402 1.01402 507349 0.999998 0.0553457 7.26148e-08 
0.04745 0.0112036 2.02935e+06 0 0 1.52201e+06 1 -0.0725312 0 1.01401 1.01401 507336 0.999998 0.0725312 9.46275e-08 
0.0511 0.0112039 2.0293e+06 0 0 1.52198e+06 1 -0.0943977 0 1.014 1.01401 507324 0.999997 0.0943977 1.225e-07 
0.05475 0.0112041 2.02925e+06 0 0 1.52194e+06 1 -0.122124 0 1.014 1.014 507311 0.999997 0.122124 1.57682e-07 
0.0584 0.0112044 2.0292e+06 0 0 1.5219e+06 1 -0.157173 0 1.01399 1.014 507298 0.999996 0.157173 2.01972e-07 
0.06205 0.0112047 2.02915e+06 0 0 1.52187e+06 1 -0.201359 0 1.01399 1.01399 507285 0.999994 0.201359 2.57593e-07 
0.0657 0.0112049 2.0291e+06 0 0 1.52183e+06 1 -0.256932 0 1.01398 1.01399 507271 0.999993 0.256932 3.27302e-07 
0.06935 0.0112052 2.02905e+06 0 0 1.52179e+06 1 -0.326679 0 1.01398 1.01398 507258 0.999991 0.326679 4.14507e-07 
0.073 0.0112055 2.029e+06 0 0 1.52176e+06 1 -0.414051 0 1.01397 1.01397 507244 0.999988 0.414051 5.23427e-07 
0.07665 0.0112057 2.02895e+06 0 0 1.52172e+06 1.00001 -0.523322 0 1.01396 1.01397 507230 0.999985 0.523322 6.59277e-07 
0.0803 0.011206 2.0289e+06 0 0 1.52168e+06 1.00001 -0.659781 0 1.01396 1.01396 507215 0.999981 0.659781 8.2851e-07 
0.08395 0.0112063 2.02885e+06 0 0 1.52165e+06 1.00001 -0.829971 0 1.01395 1.01396 507200 0.999976 0.829971 1.0391e-06 
0.0876 0.0112065 2.0288e+06 0 0 1.52162e+06 1.00001 -1.04199 0 1.01394 1.01395 507185 0.99997 1.04199 1.30092e-06 
0.09125 0.0112068 2.02875e+06 0 0 1.52158e+06 1.00001 -1.30584 0 1.01393 1.01395 507168 0.999962 1.30584 1.62614e-06 
0.0949 0.011207 2.0287e+06 0 0 1.52155e+06 1.00002 -1.6339 0 1.01392 1.01394 507151 0.999953 1.6339 2.02984e-06 
0.09855 0.0112073 2.02865e+06 0 0 1.52152e+06 1.00002 -2.04148 0 1.01391 1.01393 507133 0.999941 2.04148 2.53064e-06 
0.1022 0.0112075 2.0286e+06 0 0 1.52149e+06 1.00002 -2.54749 0 1.01389 1.01392 507113 0.999926 2.54749 3.15155e-06 
0.10585 0.0112077 2.02855e+06 0 0 1.52146e+06 1.00003 -3.17533 0 1.01388 1.01392 507091 0.999908 3.17533 3.92101e-06 
0.1095 0.0112079 2.0285e+06 0 0 1.52143e+06 1.00004 -3.95389 0 1.01386 1.01391 507067 0.999885 3.95389 4.87416e-06 
0.11315 0.0112081 2.02845e+06 0 0 1.52141e+06 1.00005 -4.9189 0 1.01383 1.0139 507040 0.999857 4.9189 6.05441e-06 
0.1168 0.0112082 2.0284e+06 0 0 1.52139e+06 1.00006 -6.11449 0 1.01381 1.01388 507010 0.999822 6.11449 7.51541e-06 
0.12045 0.0112084 2.02835e+06 0 0 1.52137e+06 1.00007 -7.5952 0 1.01378 1.01387 506975 0.999779 7.5952 9.32342e-06 
0.1241 0.0112085 2.0283e+06 0 0 1.52136e+06 1.00009 -9.42845 0 1.01374 1.01385 506936 0.999726 9.42845 1.15603e-05 
0.12775 0.0112085 2.02825e+06 0 0 1.52136e+06 1.00011 -11.6975 0 1.01369 1.01384 506890 0.999659 11.6975 1.43272e-05 
0.1314 0.0112085 2.0282e+06 0 0 1.52136e+06 1.00014 -14.5052 0 1.01364 1.01382 506836 0.999577 14.5052 1.77491e-05 
0.13505 0.0112085 2.02815e+06 0 0 1.52138e+06 1.00017 -17.9786 0 1.01357 1.01379 506772 0.999476 17.9786 2.19801e-05 
0.1387 0.0112083 2.0281e+06 0 0 1.5214e+06 1.00022 -22.2746 0 1.01349 1.01376 506696 0.99935 22.2746 2.72107e-05 
0.14235 0.0112081 2.02805e+06 0 0 1.52145e+06 1.00027 -27.5872 0 1.01339 1.01372 506604 0.999195 27.5872 3.36762e-05 
0.146 0.0112077 2.028e+06 0 0 1.52151e+06 1.00033 -34.1555 0 1.01326 1.01368 506495 0.999003 34.1555 4.16668e-05 
0.14965 0.0112072 2.02795e+06 0 0 1.52159e+06 1.00041 -42.2749 0 1.01311 1.01363 506362 0.998766 42.2749 5.15408e-05 
0.1533 0.0112065 2.0279e+06 0 0 1.5217e+06 1.00051 -52.3102 0 1.01293 1.01357 506200 0.998472 52.3102 6.37401e-05 
0.15695 0.0112056 2.02785e+06 0 0 1.52185e+06 1.00063 -64.7109 0 1.0127 1.01349 506004 0.998109 64.7109 7.88098e-05 
0.1606 0.0112044 2.0278e+06 0 0 1.52204e+06 1.00078 -80.0318 0 1.01241 1.0134 505764 0.99766 80.0318 9.74219e-05 
0.16425 0.0112029 2.02775e+06 0 0 1.52228e+06 1.00096 -98.9563 0 1.01207 1.01328 505470 0.997106 98.9563 0.000120404 
0.1679 0.0112009 2.0277e+06 0 0 1.52259e+06 1.00119 -122.326 0 1.01164 1.01314 505110 0.996421 122.326 0.000148777 
0.17155 0.0111983 2.02765e+06 0 0 1.52298e+06 1.00148 -151.177 0 1.01112 1.01297 504669 0.995574 151.177 0.000183793 
0.1752 0.0111952 2.0276e+06 0 0 1.52347e+06 1.00182 -186.781 0 1.01047 1.01275 504126 0.994528 186.781 0.000226996 
0.17885 0.0111912 2.02755e+06 0 0 1.52409e+06 1.00225 -230.7 0 1.00967 1.01249 503459 0.993237 230.7 0.000280278 
0.1825 0.0111862 2.0275e+06 0 0 1.52486e+06 1.00279 -284.846 0 1.00868 1.01216 502639 0.991643 284.846 0.00034596 
0.18615 0.01118 2.02745e+06 0 0 1.52582e+06 1.00344 -351.553 0 1.00747 1.01176 501629 0.989676 351.553 0.000426885 
0.1898 0.0111723 2.0274e+06 0 0 1.52701e+06 1.00425 -433.663 0 1.00597 1.01127 500387 0.987249 433.663 0.000526523 
0.19345 0.0111628 2.02735e+06 0 0 1.52849e+06 1.00525 -534.62 0 1.00412 1.01066 498858 0.984256 534.62 0.000649104 
0.1971 0.011151 2.0273e+06 0 0 1.53032e+06 1.00648 -658.572 0 1.00185 1.0099 496977 0.980569 658.572 0.000799766 
0.20075 0.0111365 2.02725e+06 0 0 1.53259e+06 1.00799 -810.481 0 0.999051 1.00896 494664 0.976029 810.481 0.000984729 
0.2044 0.0111186 2.0272e+06 0 0 1.53538e+06 1.00985 -996.226 0 0.995607 1.0078 491822 0.970447 996.226 0.00121148 
0.20805 0.0110966 2.02715e+06 0 0 1.53881e+06 1.01214 -1222.67 0 0.991375 1.00637 488335 0.96359 1222.67 0.001489 
0.2117 0.0110698 2.0271e+06 0 0 1.54304e+06 1.01494 -1497.72 0 0.986177 1.00458 484063 0.955184 1497.72 0.00182796 
0.21535 0.0110371 2.02705e+06 0 0 1.54821e+06 1.01837 -1830.2 0 0.979802 1.00236 478839 0.944898 1830.2 0.00224094 
0.219 0.0109974 2.027e+06 0 0 1.55453e+06 1.02255 -2229.7 0 0.971994 0.999608 472468 0.932349 2229.7 0.00274257 
0.22265 0.0109496 2.02695e+06 0 0 1.56223e+06 1.02764 -2706.05 0 0.962449 0.996178 464723 0.917089 2706.05 0.00334966 
0.2263 0.0108922 2.0269e+06 0 0 1.57155e+06 1.0338 -3268.55 0 0.950807 0.991902 455349 0.898611 3268.55 0.00408107 
0.22995 0.0108239 2.02685e+06 0 0 1.58279e+06 1.04121 -3924.62 0 0.936645 0.986566 444061 0.876357 3924.62 0.00495734 
0.2336 0.0107433 2.0268e+06 0 0 1.59624e+06 1.05009 -4677.91 0 0.919473 0.979897 430558 0.84973 4677.91 0.00599992 
0.23725 0.0106494 2.02675e+06 0 0 1.61221e+06 1.06062 -5525.66 0 0.898736 0.971549 414536 0.818131 5525.66 0.0072296 
0.2409 0.0105412 2.0267e+06 0 0 1.63099e+06 1.073 -6455.43 0 0.873816 0.961084 395714 0.781002 6455.43 0.00866398 
0.24455 0.0104186 2.02665e+06 0 0 1.65278e+06 1.08737 -7441.39 0 0.844049 0.947943 373868 0.737903 7441.39 0.0103134 
0.2482 0.0102821 2.0266e+06 0 0 1.67772e+06 1.1038 -8440.92 0 0.808758 0.931422 348882 0.688605 8440.92 0.0121749 
0.25185 0.0101332 2.02655e+06 0 0 1.70575e+06 1.12227 -9392.47 0 0.767307 0.910636 320801 0.633197 9392.47 0.0142233 
0.2555 0.00997456 2.0265e+06 0 0 1.7366e+06 1.1426 -10216.3 0 0.719183 0.88449 289895 0.572209 10216.3 0.0164005 
0.25915 0.00981008 2.02645e+06 0 0 1.76974e+06 1.16443 -10819.9 0 0.664129 0.851674 256705 0.50671 10819.9 0.0186013 
0.2628 0.00964451 2.0264e+06 0 0 1.80433e+06 1.18722 -11109.6 0 0.602303 0.810698 222070 0.438354 11109.6 0.0206616 
0.26645 0.00948328 2.02635e+06 0 0 1.83925e+06 1.21022 -11008.2 0 0.534481 0.760048 187103 0.369341 11008.2 0.0223537 
0.2701 0.00933187 2.0263e+06 0 0 1.87319e+06 1.23259 -10477.1 0 0.462233 0.698512 153110 0.302245 10477.1 0.0234017 
0.27375 0.00919522 2.02625e+06 0 0 1.90482e+06 1.25343 -9536.04 0 0.388023 0.625762 121430 0.239714 9536.04 0.0235298 
0.2774 0.00907702 2.0262e+06 0 0 1.93296e+06 1.27198 -8272.42 0 0.315069 0.543107 93239.6 0.184068 8272.42 0.0225513 
0.28105 0.0089792 2.02615e+06 0 0 1.9568e+06 1.2877 -6829.2 0 0.246914 0.454097 69348.1 0.136906 6829.2 0.0204705 
0.2847 0.00890179 2.0261e+06 0 0 1.97603e+06 1.30038 -5371.13 0 0.186714 0.364365 50069.7 0.0988495 5371.13 0.0175364 
0.28835 0.00884307 2.02605e+06 0 0 1.99083e+06 1.31015 -4040.81 0 0.136522 0.28036 35222.5 0.0695392 4040.81 0.0141861 
0.292 0.0088002 2.026e+06 0 0 2.00175e+06 1.31737 -2926.41 0 0.0969194 0.207418 24252.6 0.0478828 2926.41 0.0108895 
0.29565 0.00876988 2.02595e+06 0 0 2.00953e+06 1.32252 -2055.5 0 0.0671578 0.148341 16423.2 0.0324257 2055.5 0.00799543 
0.2993 0.008749 2.0259e+06 0 0 2.01491e+06 1.3261 -1410.62 0 0.0456717 0.103244 10984.8 0.0216887 1410.62 0.00566729 
0.30295 0.0087349 2.02585e+06 0 0 2.01857e+06 1.32854 -951.853 0 0.0306341 0.0703925 7282.7 0.0143795 951.853 0.00391236 
0.3066 0.00872554 2.0258e+06 0 0 2.021e+06 1.33017 -634.725 0 0.0203475 0.0472854 4798.86 0.00947549 634.725 0.00265011 
0.31025 0.0087194 2.02575e+06 0 0 2.0226e+06 1.33126 -419.832 0 0.013424 0.0314346 3149.05 0.00621804 419.832 0.00177155 
0.3139 0.00871543 2.0257e+06 0 0 2.02364e+06 1.33198 -276.179 0 0.00881586 0.0207493 2060.69 0.00406909 276.179 0.00117365 
0.31755 0.00871289 2.02565e+06 0 0 2.0243e+06 1.33245 -181.02 0 0.00577191 0.0136308 1346 0.00265791 181.02 0.000772864 
0.3212 0.00871131 2.0256e+06 0 0 2.02472e+06 1.33276 -118.363 0 0.00377133 0.00892612 878.11 0.00173402 118.363 0.000506907 
0.32485 0.00871035 2.02555e+06 0 0 2.02498e+06 1.33296 -77.2718 0 0.00246089 0.00583302 572.41 0.00113038 77.2718 0.000331595 
0.3285 0.0087098 2.0255e+06 0 0 2.02513e+06 1.33309 -50.3938 0 0.00160439 0.00380651 372.941 0.000736491 50.3938 0.000216538 
0.33215 0.00870952 2.02545e+06 0 0 2.02521e+06 1.33317 -32.843 0 0.0010454 0.00248183 242.9 0.000479696 32.843 0.000141245 
0.3358 0.0087094 2.0254e+06 0 0 2.02524e+06 1.33323 -21.3956 0 0.000680926 0.00161722 158.171 0.000312374 21.3956 9.20655e-05 
0.33945 0.00870941 2.02535e+06 0 0 2.02525e+06 1.33327 -13.935 0 0.000443442 0.00105348 102.988 0.000203398 13.935 5.9984e-05 
0.3431 0.00870948 2.0253e+06 0 0 2.02523e+06 1.33329 -9.07578 0 0.000288788 0.000686194 67.0629 0.00013245 9.07578 3.90763e-05 
0.34675 0.00870961 2.02525e+06 0 0 2.02521e+06 1.3333 -5.91347 0 0.000188153 0.000447128 43.6903 8.62911e-05 5.91347 2.54645e-05 
0.3504 0.00870977 2.0252e+06 0 0 2.02517e+06 1.33331 -3.85915 0 0.000122783 0.000291807 28.5099 5.63102e-05 3.85915 1.66198e-05 
0.35405 0.00870994 2.02515e+06 0 0 2.02513e+06 1.33332 -2.5314 0 8.05352e-05 0.000191413 18.6997 3.6935e-05 2.5314 1.09023e-05 
0.3577 0.00871014 2.0251e+06 0 0 2.02509e+06 1.33333 -1.68673 0 5.36598e-05 0.000127542 12.4594 2.461e-05 1.68673 7.26471e-06 
0.36135 0.00871034 2.02505e+06 0 0 2.02504e+06 1.33333 -1.17677 0 3.74344e-05 8.89799e-05 8.69204 1.7169e-05 1.17677 5.06836e-06 
0.365 0.00871055 2.025e+06 0 0 2.02499e+06 1.33333 -0.925566 0 2.94421e-05 6.99845e-05 6.83635 1.35039e-05 0.925566 3.98643e-06 


0 0.0112 2.03e+06 0 0 1.5225e+06 1 0 0 1.01407 1.01407 507500 1 0 2.13781e-11 
0.00365 0.0112003 2.02995e+06 0 0 1.52246e+06 1 -0.000359197 0 1.01407 1.01407 507487 1 0.000359199 5.27746e-10 
0.0073 0.0112006 2.0299e+06 0 0 1.52243e+06 1 -0.000887493 0 1.01406 1.01406 507475 1 0.000887495 1.26308e-09 
0.01095 0.0112008 2.02985e+06 0 0 1.52239e+06 1 -0.00164015 0 1.01406 1.01406 507462 1 0.00164015 2.29912e-09 
0.0146 0.0112011 2.0298e+06 0 0 1.52235e+06 1 -0.00268757 0 1.01406 1.01406 507450 1 0.00268757 3.72665e-09 
0.01825 0.0112014 2.02975e+06 0 0 1.52231e+06 1 -0.00411906 0 1.01405 1.01405 507437 1 0.00411906 5.66004e-09 
0.0219 0.0112017 2.0297e+06 0 0 1.52228e+06 1 -0.0060475 0 1.01405 1.01405 507425 1 0.00604751 8.24296e-09 
0.02555 0.0112019 2.02965e+06 0 0 1.52224e+06 1 -0.0086151 0 1.01404 1.01404 507412 1 0.00861511 1.16554e-08 
0.0292 0.0112022 2.0296e+06 0 0 1.5222e+06 1 -0.0120005 0 1.01404 1.01404 507400 1 0.0120005 1.61223e-08 
0.03285 0.0112025 2.02955e+06 0 0 1.52216e+06 1 -0.0164278 0 1.01403 1.01403 507387 1 0.0164278 2.19243e-08 
0.0365 0.0112028 2.0295e+06 0 0 1.52213e+06 1 -0.0221771 0 1.01403 1.01403 507375 0.999999 0.0221771 2.94114e-08 
0.04015 0.011203 2.02945e+06 0 0 1.52209e+06 1 -0.0295984 0 1.01402 1.01402 507362 0.999999 0.0295984 3.90187e-08 
0.0438 0.0112033 2.0294e+06 0 0 1.52205e+06 1 -0.0391281 0 1.01402 1.01402 507349 0.999999 0.0391281 5.12876e-08 
0.04745 0.0112036 2.02935e+06 0 0 1.52201e+06 1 -0.0513095 0 1.01401 1.01401 507337 0.999999 0.0513095 6.68902e-08 
0.0511 0.0112039 2.0293e+06 0 0 1.52198e+06 1 -0.0668186 0 1.01401 1.01401 507324 0.999998 0.0668186 8.66606e-08 
0.05475 0.0112041 2.02925e+06 0 0 1.52194e+06 1 -0.0864956 0 1.014 1.014 507311 0.999998 0.0864956 1.11633e-07 
0.0584 0.0112044 2.0292e+06 0 0 1.5219e+06 1 -0.111383 0 1.01399 1.014 507298 0.999997 0.111383 1.4309e-07 
0.06205 0.0112047 2.02915e+06 0 0 1.52186e+06 1 -0.142776 0 1.01399 1.01399 507285 0.999996 0.142776 1.82619e-07 
0.0657 0.011205 2.0291e+06 0 0 1.52183e+06 1 -0.182279 0 1.01398 1.01399 507272 0.999995 0.182279 2.32187e-07 
0.06935 0.0112052 2.02905e+06 0 0 1.52179e+06 1 -0.23188 0 1.01398 1.01398 507259 0.999993 0.23188 2.94227e-07 
0.073 0.0112055 2.029e+06 0 0 1.52175e+06 1 -0.294043 0 1.01397 1.01398 507246 0.999992 0.294043 3.71751e-07 
0.07665 0.0112058 2.02895e+06 0 0 1.52172e+06 1 -0.371819 0 1.01397 1.01397 507232 0.999989 0.371819 4.68485e-07 
0.0803 0.011206 2.0289e+06 0 0 1.52168e+06 1 -0.468984 0 1.01396 1.01396 507218 0.999987 0.468984 5.89036e-07 
0.08395 0.0112063 2.02885e+06 0 0 1.52165e+06 1.00001 -0.590209 0 1.01395 1.01396 507204 0.999983 0.590209 7.39103e-07 
0.0876 0.0112066 2.0288e+06 0 0 1.52161e+06 1.00001 -0.741276 0 1.01394 1.01395 507189 0.999979 0.741276 9.2573e-07 
0.09125 0.0112068 2.02875e+06 0 0 1.52158e+06 1.00001 -0.929335 0 1.01394 1.01395 507174 0.999973 0.929335 1.15763e-06 
0.0949 0.0112071 2.0287e+06 0 0 1.52154e+06 1.00001 -1.16323 0 1.01393 1.01394 507158 0.999966 1.16323 1.44556e-06 
0.09855 0.0112073 2.02865e+06 0 0 1.52151e+06 1.00001 -1.45389 0 1.01392 1.01393 507141 0.999958 1.45389 1.80284e-06 
0.1022 0.0112076 2.0286e+06 0 0 1.52148e+06 1.00002 -1.81483 0 1.01391 1.01393 507123 0.999947 1.81483 2.2459e-06 
0.10585 0.0112078 2.02855e+06 0 0 1.52145e+06 1.00002 -2.26277 0 1.01389 1.01392 507104 0.999934 2.26277 2.79508e-06 
0.1095 0.011208 2.0285e+06 0 0 1.52142e+06 1.00003 -2.81836 0 1.01388 1.01391 507083 0.999918 2.81836 3.47548e-06 
0.11315 0.0112082 2.02845e+06 0 0 1.52139e+06 1.00003 -3.50712 0 1.01386 1.0139 507061 0.999898 3.50712 4.31815e-06 
0.1168 0.0112084 2.0284e+06 0 0 1.52136e+06 1.00004 -4.3606 0 1.01384 1.01389 507036 0.999873 4.3606 5.36143e-06 
0.12045 0.0112086 2.02835e+06 0 0 1.52134e+06 1.00005 -5.41779 0 1.01382 1.01388 507008 0.999842 5.41779 6.65271e-06 
0.1241 0.0112087 2.0283e+06 0 0 1.52132e+06 1.00007 -6.72686 0 1.01379 1.01387 506976 0.999804 6.72686 8.25051e-06 
0.12775 0.0112089 2.02825e+06 0 0 1.52131e+06 1.00008 -8.34735 0 1.01375 1.01386 506939 0.999757 8.34735 1.02272e-05 
0.1314 0.0112089 2.0282e+06 0 0 1.5213e+06 1.0001 -10.3528 0 1.01371 1.01384 506897 0.999698 10.3528 1.2672e-05 
0.13505 0.011209 2.02815e+06 0 0 1.5213e+06 1.00012 -12.834 0 1.01366 1.01382 506848 0.999626 12.834 1.56953e-05 
0.1387 0.011209 2.0281e+06 0 0 1.52131e+06 1.00015 -15.9033 0 1.0136 1.0138 506790 0.999536 15.9033 1.94335e-05 
0.14235 0.0112089 2.02805e+06 0 0 1.52133e+06 1.00019 -19.6994 0 1.01353 1.01377 506721 0.999425 19.6994 2.40547e-05 
0.146 0.0112087 2.028e+06 0 0 1.52136e+06 1.00024 -24.3933 0 1.01344 1.01374 506639 0.999288 24.3933 2.97669e-05 
0.14965 0.0112084 2.02795e+06 0 0 1.52141e+06 1.00029 -30.1966 0 1.01333 1.0137 506541 0.999118 30.1966 3.68266e-05 
0.1533 0.011208 2.0279e+06 0 0 1.52148e+06 1.00036 -37.3703 0 1.01319 1.01365 506422 0.998909 37.3703 4.55503e-05 
0.15695 0.0112074 2.02785e+06 0 0 1.52157e+06 1.00045 -46.2367 0 1.01303 1.0136 506278 0.998649 46.2367 5.63289e-05 
0.1606 0.0112066 2.0278e+06 0 0 1.5217e+06 1.00056 -57.1932 0 1.01283 1.01353 506103 0.998328 57.1932 6.96444e-05 
0.16425 0.0112056 2.02775e+06 0 0 1.52186e+06 1.00069 -70.7305 0 1.01258 1.01344 505889 0.997932 70.7305 8.60911e-05 
0.1679 0.0112042 2.0277e+06 0 0 1.52207e+06 1.00085 -87.4531 0 1.01227 1.01334 505628 0.997442 87.4531 0.000106401 
0.17155 0.0112025 2.02765e+06 0 0 1.52234e+06 1.00105 -108.106 0 1.01189 1.01322 505309 0.996837 108.106 0.000131478 
0.1752 0.0112003 2.0276e+06 0 0 1.52268e+06 1.0013 -133.606 0 1.01143 1.01306 504917 0.996089 133.606 0.000162431 
0.17885 0.0111975 2.02755e+06 0 0 1.52311e+06 1.00161 -165.081 0 1.01085 1.01287 504437 0.995165 165.081 0.000200628 
0.1825 0.0111941 2.0275e+06 0 0 1.52365e+06 1.00199 -203.916 0 1.01015 1.01264 503846 0.994024 203.916 0.000247746 
0.18615 0.0111897 2.02745e+06 0 0 1.52433e+06 1.00246 -251.809 0 1.00928 1.01235 503119 0.992615 251.809 0.000305846 
0.1898 0.0111842 2.0274e+06 0 0 1.52517e+06 1.00304 -310.837 0 1.0082 1.012 502225 0.990875 310.837 0.000377452 
0.19345 0.0111775 2.02735e+06 0 0 1.52622e+06 1.00376 -383.532 0 1.00688 1.01156 501125 0.988729 383.532 0.000465651 
0.1971 0.011169 2.0273e+06 0 0 1.52753e+06 1.00464 -472.974 0 1.00524 1.01102 499771 0.986083 472.974 0.000574211 
0.20075 0.0111586 2.02725e+06 0 0 1.52914e+06 1.00573 -582.884 0 1.00323 1.01036 498105 0.98282 582.884 0.000707718 
0.2044 0.0111458 2.0272e+06 0 0 1.53114e+06 1.00707 -717.733 0 1.00075 1.00953 496056 0.978801 717.733 0.000871734 
0.20805 0.0111299 2.02715e+06 0 0 1.53361e+06 1.00871 -882.85 0 0.997704 1.00851 493538 0.973856 882.85 0.00107298 
0.2117 0.0111105 2.0271e+06 0 0 1.53665e+06 1.01074 -1084.51 0 0.993953 1.00724 490445 0.967777 1084.51 0.00131953 
0.21535 0.0110866 2.02705e+06 0 0 1.5404e+06 1.01323 -1330.02 0 0.989345 1.00567 486652 0.960317 1330.02 0.00162105 
0.219 0.0110575 2.027e+06 0 0 1.54499e+06 1.01627 -1627.66 0 0.983689 1.00371 482009 0.951177 1627.66 0.00198895 
0.22265 0.011022 2.02695e+06 0 0 1.55061e+06 1.02 -1986.63 0 0.976755 1.00129 476336 0.940006 1986.63 0.00243667 
0.2263 0.0109791 2.0269e+06 0 0 1.55747e+06 1.02454 -2416.67 0 0.968269 0.998272 469427 0.926394 2416.67 0.00297972 
0.22995 0.0109275 2.02685e+06 0 0 1.56581e+06 1.03004 -2927.54 0 0.957905 0.994515 461042 0.909869 2927.54 0.00363578 
0.2336 0.0108658 2.0268e+06 0 0 1.57589e+06 1.0367 -3527.93 0 0.945276 0.98983 450913 0.889902 3527.93 0.00442448 
0.23725 0.0107925 2.02675e+06 0 0 1.588e+06 1.0447 -4223.99 0 0.929934 0.98398 438748 0.865914 4223.99 0.00536687 
0.2409 0.0107066 2.0267e+06 0 0 1.60246e+06 1.05423 -5017.08 0 0.91136 0.976664 424241 0.837305 5017.08 0.00648434 
0.24455 0.0106068 2.02665e+06 0 0 1.61955e+06 1.06551 -5900.86 0 0.888972 0.967501 407095 0.803484 5900.86 0.00779677 
0.2482 0.0104927 2.0266e+06 0 0 1.63955e+06 1.07869 -6857.82 0 0.862131 0.956005 387046 0.763932 6857.82 0.00931934 
0.25185 0.0103642 2.02655e+06 0 0 1.66264e+06 1.0939 -7855.56 0 0.830163 0.941562 363910 0.718285 7855.56 0.0110577 
0.2555 0.0102223 2.0265e+06 0 0 1.68887e+06 1.11119 -8843.77 0 0.792399 0.923397 337630 0.666429 8843.77 0.0130011 
0.25915 0.010069 2.02645e+06 0 0 1.71811e+06 1.13046 -9753.08 0 0.748242 0.900542 308336 0.608623 9753.08 0.0151121 
0.2628 0.00990744 2.0264e+06 0 0 1.74999e+06 1.15146 -10497.5 0 0.697267 0.87181 276406 0.545609 10497.5 0.0173149 
0.26645 0.00974188 2.02635e+06 0 0 1.78385e+06 1.17377 -10982.2 0 0.639366 0.835809 242502 0.478697 10982.2 0.0194811 
0.2701 0.00957742 2.0263e+06 0 0 1.81872e+06 1.19674 -11118 0 0.574927 0.791012 207583 0.409777 11118 0.0214202 
0.27375 0.00941959 2.02625e+06 0 0 1.85339e+06 1.21959 -10840.8 0 0.505036 0.735976 172855 0.341232 10840.8 0.0228811 
0.2774 0.00927373 2.0262e+06 0 0 1.88654e+06 1.24143 -10134 0 0.431631 0.669771 139661 0.275711 10134 0.0235796 
0.28105 0.00914435 2.02615e+06 0 0 1.91685e+06 1.26141 -9045.5 0 0.357519 0.592651 109299 0.215777 9045.5 0.0232643 
0.2847 0.00903444 2.0261e+06 0 0 1.94329e+06 1.27883 -7688.18 0 0.286124 0.506807 82814.5 0.163495 7688.18 0.021816 
0.28835 0.00894516 2.02605e+06 0 0 1.96523e+06 1.29331 -6219.22 0 0.220924 0.416731 60821.8 0.120079 6219.22 0.0193391 
0.292 0.00887576 2.026e+06 0 0 1.98258e+06 1.30476 -4799.35 0 0.164693 0.328606 43422.1 0.0857298 4799.35 0.0161742 
0.29565 0.00882396 2.02595e+06 0 0 1.99569e+06 1.31342 -3551.23 0 0.118892 0.248652 30259.4 0.0597437 3551.23 0.0127933 
0.2993 0.00878668 2.0259e+06 0 0 2.00522e+06 1.31972 -2537.22 0 0.0835069 0.181265 20680.8 0.0408328 2537.22 0.00963121 
0.30295 0.00876062 2.02585e+06 0 0 2.01192e+06 1.32417 -1763.62 0 0.0573811 0.128082 13926.5 0.0274976 1763.62 0.00696155 
0.3066 0.00874282 2.0258e+06 0 0 2.01652e+06 1.32723 -1201.07 0 0.03878 0.0883219 9277.47 0.0183186 1201.07 0.00487604 
0.31025 0.0087309 2.02575e+06 0 0 2.01962e+06 1.3293 -806.072 0 0.0258956 0.0598128 6133.59 0.0121112 806.072 0.00333718 
0.3139 0.00872302 2.0257e+06 0 0 2.02167e+06 1.33068 -535.511 0 0.0171469 0.0399877 4033.96 0.00796556 535.511 0.00224686 
0.31755 0.00871788 2.02565e+06 0 0 2.02301e+06 1.33159 -353.316 0 0.0112887 0.0264965 2643.73 0.00522051 353.316 0.00149578 
0.3212 0.00871458 2.0256e+06 0 0 2.02387e+06 1.3322 -232.033 0 0.00740313 0.0174512 1728.55 0.00341341 232.033 0.000988196 
0.32485 0.00871248 2.02555e+06 0 0 2.02442e+06 1.33259 -151.916 0 0.00484246 0.0114475 1128.43 0.00222838 151.916 0.000649538 
0.3285 0.00871119 2.0255e+06 0 0 2.02476e+06 1.33285 -99.261 0 0.00316212 0.00748916 735.903 0.00145328 99.261 0.000425502 
0.33215 0.00871042 2.02545e+06 0 0 2.02497e+06 1.33302 -64.771 0 0.00206256 0.00489094 479.602 0.000947151 64.771 0.000278124 
0.3358 0.00870999 2.0254e+06 0 0 2.02509e+06 1.33313 -42.2293 0 0.00134438 0.0031905 312.434 0.000617032 42.2293 0.000181531 
0.33945 0.00870979 2.02535e+06 0 0 2.02515e+06 1.3332 -27.5186 0 0.000875904 0.0020798 203.487 0.000401881 27.5186 0.000118379 
0.3431 0.00870973 2.0253e+06 0 0 2.02517e+06 1.33325 -17.9289 0 0.000570597 0.00135533 132.529 0.000261747 17.9289 7.7162e-05 
0.34675 0.00870977 2.02525e+06 0 0 2.02516e+06 1.33328 -11.6845 0 0.000371833 0.00088341 86.3507 0.000170548 11.6845 5.03027e-05 
0.3504 0.00870987 2.0252e+06 0 0 2.02514e+06 1.3333 -7.62653 0 0.00024268 0.000576654 56.3524 0.000111302 7.62653 3.28391e-05 
0.35405 0.00871001 2.02515e+06 0 0 2.02511e+06 1.33331 -5.00312 0 0.000159193 0.000378312 36.964 7.30099e-05 5.00312 2.15455e-05 
0.3577 0.00871018 2.0251e+06 0 0 2.02507e+06 1.33332 -3.33395 0 0.000106076 0.000252101 24.6298 4.8649e-05 3.33395 1.43584e-05 
0.36135 0.00871037 2.02505e+06 0 0 2.02503e+06 1.33332 -2.32609 0 7.40048e-05 0.00017589 17.1831 3.3941e-05 2.32609 1.00181e-05 
0.365 0.00871057 2.025e+06 0 0 2.02499e+06 1.33332 -1.82961 0 5.82067e-05 0.000138346 13.5149 2.66962e-05 1.82961 7.87996e-06 


0 0.0112 2.03e+06 0 0 1.5225e+06 1 0 0 1.01407 1.01407 507500 1 0 1.3032e-11 
0.00365 0.0112003 2.02995e+06 0 0 1.52246e+06 1 -0.000252486 0 1.01407 1.01407 507487 1 0.000252486 3.67128e-10 
0.0073 0.0112006 2.0299e+06 0 0 1.52243e+06 1 -0.000624048 0 1.01406 1.01406 507475 1 0.00062405 8.82204e-10 
0.01095 0.0112008 2.02985e+06 0 0 1.52239e+06 1 -0.00115378 0 1.01406 1.01406 507462 1 0.00115378 1.60902e-09 
0.0146 0.0112011 2.0298e+06 0 0 1.52235e+06 1 -0.00189149 0 1.01406 1.01406 507450 1 0.0018915 2.61183e-09 
0.01825 0.0112014 2.02975e+06 0 0 1.52231e+06 1 -0.00290048 0 1.01405 1.01405 507437 1 0.00290048 3.97171e-09 
0.0219 0.0112017 2.0297e+06 0 0 1.52228e+06 1 -0.00426075 0 1.01405 1.01405 507425 1 0.00426076 5.7906e-09 
0.02555 0.0112019 2.02965e+06 0 0 1.52224e+06 1 -0.00607324 0 1.01404 1.01404 507412 1 0.00607324 8.19627e-09 
0.0292 0.0112022 2.0296e+06 0 0 1.5222e+06 1 -0.00846482 0 1.01404 1.01404 507400 1 0.00846482 1.13486e-08 
0.03285 0.0112025 2.02955e+06 0 0 1.52216e+06 1 -0.0115946 0 1.01403 1.01403 507387 1 0.0115946 1.54472e-08 
0.0365 0.0112028 2.0295e+06 0 0 1.52213e+06 1 -0.015662 0 1.01403 1.01403 507375 1 0.015662 2.0741e-08 
0.04015 0.011203 2.02945e+06 0 0 1.52209e+06 1 -0.0209157 0 1.01402 1.01402 507362 0.999999 0.0209157 2.75399e-08 
0.0438 0.0112033 2.0294e+06 0 0 1.52205e+06 1 -0.0276665 0 1.01402 1.01402 507350 0.999999 0.0276665 3.62294e-08 
0.04745 0.0112036 2.02935e+06 0 0 1.52201e+06 1 -0.0363013 0 1.01401 1.01401 507337 0.999999 0.0363013 4.72886e-08 
0.0511 0.0112039 2.0293e+06 0 0 1.52198e+06 1 -0.0473017 0 1.01401 1.01401 507324 0.999999 0.0473017 6.1312e-08 
0.05475 0.0112041 2.02925e+06 0 0 1.52194e+06 1 -0.0612663 0 1.014 1.014 507312 0.999998 0.0612663 7.90374e-08 
0.0584 0.0112044 2.0292e+06 0 0 1.5219e+06 1 -0.0789389 0 1.014 1.014 507299 0.999998 0.0789389 1.01379e-07 
0.06205 0.0112047 2.02915e+06 0 0 1.52186e+06 1 -0.101242 0 1.01399 1.01399 507286 0.999997 0.101242 1.2947e-07 
0.0657 0.011205 2.0291e+06 0 0 1.52183e+06 1 -0.129321 0 1.01398 1.01399 507273 0.999996 0.129321 1.64715e-07 
0.06935 0.0112052 2.02905e+06 0 0 1.52179e+06 1 -0.164595 0 1.01398 1.01398 507260 0.999995 0.164595 2.08849e-07 
0.073 0.0112055 2.029e+06 0 0 1.52175e+06 1 -0.208821 0 1.01397 1.01398 507247 0.999994 0.208821 2.64024e-07 
0.07665 0.0112058 2.02895e+06 0 0 1.52172e+06 1 -0.264177 0 1.01397 1.01397 507234 0.999992 0.264177 3.329e-07 
0.0803 0.011206 2.0289e+06 0 0 1.52168e+06 1 -0.333359 0 1.01396 1.01397 507220 0.99999 0.333359 4.18767e-07 
0.08395 0.0112063 2.02885e+06 0 0 1.52164e+06 1 -0.419704 0 1.01395 1.01396 507206 0.999988 0.419704 5.25697e-07 
0.0876 0.0112066 2.0288e+06 0 0 1.52161e+06 1.00001 -0.527339 0 1.01395 1.01395 507192 0.999985 0.527339 6.58721e-07 
0.09125 0.0112068 2.02875e+06 0 0 1.52157e+06 1.00001 -0.661371 0 1.01394 1.01395 507178 0.999981 0.661371 8.24062e-07 
0.0949 0.0112071 2.0287e+06 0 0 1.52154e+06 1.00001 -0.828117 0 1.01393 1.01394 507163 0.999976 0.828117 1.02941e-06 
0.09855 0.0112074 2.02865e+06 0 0 1.5215e+06 1.00001 -1.03539 0 1.01392 1.01394 507147 0.99997 1.03539 1.28428e-06 
0.1022 0.0112076 2.0286e+06 0 0 1.52147e+06 1.00001 -1.29284 0 1.01391 1.01393 507131 0.999963 1.29284 1.60042e-06 
0.10585 0.0112079 2.02855e+06 0 0 1.52144e+06 1.00002 -1.61241 0 1.0139 1.01392 507114 0.999953 1.61241 1.99235e-06 
0.1095 0.0112081 2.0285e+06 0 0 1.5214e+06 1.00002 -2.00886 0 1.01389 1.01392 507095 0.999942 2.00886 2.47803e-06 
0.11315 0.0112083 2.02845e+06 0 0 1.52137e+06 1.00002 -2.50042 0 1.01388 1.01391 507076 0.999927 2.50042 3.07963e-06 
0.1168 0.0112085 2.0284e+06 0 0 1.52135e+06 1.00003 -3.10965 0 1.01386 1.0139 507054 0.99991 3.10965 3.82457e-06 
0.12045 0.0112087 2.02835e+06 0 0 1.52132e+06 1.00004 -3.86442 0 1.01384 1.01389 507030 0.999888 3.86442 4.74672e-06 
0.1241 0.0112089 2.0283e+06 0 0 1.5213e+06 1.00005 -4.79914 0 1.01382 1.01388 507004 0.99986 4.79914 5.88793e-06 
0.12775 0.0112091 2.02825e+06 0 0 1.52128e+06 1.00006 -5.95637 0 1.0138 1.01387 506975 0.999827 5.95637 7.2999e-06 
0.1314 0.0112092 2.0282e+06 0 0 1.52126e+06 1.00007 -7.38869 0 1.01377 1.01386 506941 0.999785 7.38869 9.04652e-06 
0.13505 0.0112093 2.02815e+06 0 0 1.52125e+06 1.00009 -9.16105 0 1.01373 1.01384 506902 0.999733 9.16105 1.12067e-05 
0.1387 0.0112094 2.0281e+06 0 0 1.52124e+06 1.00011 -11.3537 0 1.01368 1.01382 506857 0.999669 11.3537 1.38779e-05 
0.14235 0.0112094 2.02805e+06 0 0 1.52125e+06 1.00014 -14.0658 0 1.01363 1.0138 506804 0.99959 14.0658 1.71805e-05 
0.146 0.0112094 2.028e+06 0 0 1.52126e+06 1.00017 -17.4199 0 1.01356 1.01378 506742 0.999492 17.4199 2.12633e-05 
0.14965 0.0112092 2.02795e+06 0 0 1.52128e+06 1.00021 -21.5671 0 1.01349 1.01375 506668 0.99937 21.5671 2.63098e-05 
0.1533 0.011209 2.0279e+06 0 0 1.52132e+06 1.00026 -26.6943 0 1.01339 1.01372 506580 0.999221 26.6943 3.25468e-05 
0.15695 0.0112087 2.02785e+06 0 0 1.52138e+06 1.00032 -33.0322 0 1.01327 1.01367 506473 0.999035 33.0322 4.02541e-05 
0.1606 0.0112082 2.0278e+06 0 0 1.52146e+06 1.0004 -40.8655 0 1.01312 1.01362 506345 0.998806 40.8655 4.97772e-05 
0.16425 0.0112075 2.02775e+06 0 0 1.52156e+06 1.00049 -50.5457 0 1.01294 1.01356 506188 0.998523 50.5457 6.15421e-05 
0.1679 0.0112067 2.0277e+06 0 0 1.5217e+06 1.00061 -62.5064 0 1.01272 1.01349 505998 0.998172 62.5064 7.60745e-05 
0.17155 0.0112055 2.02765e+06 0 0 1.52188e+06 1.00075 -77.2823 0 1.01245 1.0134 505767 0.99774 77.2823 9.40224e-05 
0.1752 0.011204 2.0276e+06 0 0 1.52212e+06 1.00093 -95.5325 0 1.01212 1.01329 505483 0.997205 95.5325 0.000116184 
0.17885 0.0112021 2.02755e+06 0 0 1.52241e+06 1.00115 -118.069 0 1.0117 1.01315 505136 0.996544 118.069 0.000143544 
0.1825 0.0111997 2.0275e+06 0 0 1.52279e+06 1.00142 -145.89 0 1.0112 1.01298 504709 0.995727 145.89 0.00017731 
0.18615 0.0111966 2.02745e+06 0 0 1.52326e+06 1.00176 -180.224 0 1.01057 1.01278 504186 0.994719 180.224 0.000218972 
0.1898 0.0111928 2.0274e+06 0 0 1.52386e+06 1.00218 -222.578 0 1.0098 1.01252 503542 0.993474 222.578 0.000270357 
0.19345 0.011188 2.02735e+06 0 0 1.5246e+06 1.00269 -274.797 0 1.00885 1.01221 502751 0.991936 274.797 0.000333704 
0.1971 0.011182 2.0273e+06 0 0 1.52552e+06 1.00332 -339.137 0 1.00768 1.01182 501777 0.990039 339.137 0.000411759 
0.20075 0.0111746 2.02725e+06 0 0 1.52667e+06 1.0041 -418.344 0 1.00623 1.01135 500578 0.987699 418.344 0.000507874 
0.2044 0.0111654 2.0272e+06 0 0 1.5281e+06 1.00506 -515.75 0 1.00445 1.01076 499103 0.984812 515.75 0.000626137 
0.20805 0.0111541 2.02715e+06 0 0 1.52986e+06 1.00625 -635.373 0 1.00226 1.01003 497288 0.981256 635.373 0.000771517 
0.2117 0.01114 2.0271e+06 0 0 1.53204e+06 1.00771 -782.026 0 0.999559 1.00912 495057 0.976877 782.026 0.000950033 
0.21535 0.0111228 2.02705e+06 0 0 1.53473e+06 1.0095 -961.42 0 0.996238 1.00801 492315 0.97149 961.42 0.00116894 
0.219 0.0111016 2.027e+06 0 0 1.53805e+06 1.01171 -1180.25 0 0.992154 1.00662 488950 0.964873 1180.25 0.00143694 
0.22265 0.0110757 2.02695e+06 0 0 1.54212e+06 1.01441 -1446.22 0 0.987137 1.0049 484825 0.956758 1446.22 0.00176439 
0.2263 0.0110441 2.0269e+06 0 0 1.54712e+06 1.01773 -1768.03 0 0.980983 1.00277 479780 0.946825 1768.03 0.00216353 
0.22995 0.0110057 2.02685e+06 0 0 1.55323e+06 1.02177 -2155.15 0 0.973444 1.00011 473623 0.934699 2155.15 0.00264864 
0.2336 0.0109594 2.0268e+06 0 0 1.56066e+06 1.02669 -2617.42 0 0.964225 0.99681 466135 0.919944 2617.42 0.00323613 
0.23725 0.0109037 2.02675e+06 0 0 1.56969e+06 1.03265 -3164.3 0 0.952975 0.992695 457064 0.902064 3164.3 0.00394453 
0.2409 0.0108374 2.0267e+06 0 0 1.58057e+06 1.03983 -3803.66 0 0.939283 0.98756 446131 0.880508 3803.66 0.00479413 
0.24455 0.010759 2.02665e+06 0 0 1.59361e+06 1.04844 -4539.98 0 0.922672 0.981145 433036 0.854684 4539.98 0.0058063 
0.2482 0.0106675 2.0266e+06 0 0 1.60913e+06 1.05867 -5371.82 0 0.902596 0.973117 417475 0.82399 5371.82 0.0070021 
0.25185 0.0105618 2.02655e+06 0 0 1.62739e+06 1.07071 -6288.68 0 0.878449 0.963056 399158 0.787858 6288.68 0.00839991 
0.2555 0.0104417 2.0265e+06 0 0 1.64865e+06 1.08473 -7267.34 0 0.849572 0.950425 377852 0.745821 7267.34 0.0100117 
0.25915 0.0103075 2.02645e+06 0 0 1.67303e+06 1.1008 -8268.29 0 0.815288 0.934549 353415 0.697604 8268.29 0.0118374 
0.2628 0.0101606 2.0264e+06 0 0 1.70054e+06 1.11892 -9233.31 0 0.774948 0.914575 325862 0.643234 9233.31 0.0138564 
0.26645 0.0100034 2.02635e+06 0 0 1.73093e+06 1.13895 -10085.6 0 0.728011 0.889447 295419 0.583156 10085.6 0.0160172 
0.2701 0.00983963 2.0263e+06 0 0 1.76372e+06 1.16055 -10734.3 0 0.674163 0.857891 262577 0.518339 10734.3 0.0182237 
0.27375 0.00967386 2.02625e+06 0 0 1.79813e+06 1.18322 -11084.7 0 0.613479 0.818442 228124 0.450336 11084.7 0.0203228 
0.2774 0.00951146 2.0262e+06 0 0 1.83307e+06 1.20625 -11055.3 0 0.546611 0.769573 193128 0.381261 11055.3 0.0220976 
0.28105 0.00935796 2.02615e+06 0 0 1.86728e+06 1.22879 -10599.3 0 0.474982 0.709985 158871 0.313641 10599.3 0.0232779 
0.2847 0.00921843 2.0261e+06 0 0 1.8994e+06 1.24995 -9725.11 0 0.400902 0.639145 126701 0.250137 9725.11 0.0235829 
0.28835 0.00909682 2.02605e+06 0 0 1.92821e+06 1.26895 -8508.6 0 0.32748 0.558025 97836.5 0.193157 8508.6 0.0228026 
0.292 0.0089954 2.026e+06 0 0 1.95284e+06 1.28518 -7084.92 0 0.258248 0.469766 73163.5 0.144449 7084.92 0.0209021 
0.29565 0.00891452 2.02595e+06 0 0 1.97286e+06 1.2984 -5618.19 0 0.196484 0.3797 53085.9 0.104812 5618.19 0.0180886 
0.2993 0.00885273 2.0259e+06 0 0 1.9884e+06 1.30865 -4257.72 0 0.144473 0.294267 37502 0.074045 4257.72 0.0147757 
0.30295 0.00880733 2.02585e+06 0 0 1.99994e+06 1.31628 -3102.37 0 0.103055 0.219126 25909.8 0.0511584 3102.37 0.0114401 
0.3066 0.00877507 2.0258e+06 0 0 2.00821e+06 1.32176 -2189.53 0 0.0716823 0.157568 17590.8 0.0347335 2189.53 0.00845938 
0.31025 0.00875275 2.02575e+06 0 0 2.01396e+06 1.32557 -1507.94 0 0.0488898 0.110132 11787.8 0.023276 1507.94 0.00602901 
0.3139 0.00873764 2.0257e+06 0 0 2.01787e+06 1.32818 -1020.12 0 0.0328614 0.0753256 7825.51 0.0154525 1020.12 0.00417884 
0.31755 0.00872757 2.02565e+06 0 0 2.02049e+06 1.32994 -681.451 0 0.021859 0.0507127 5161.27 0.0101918 681.451 0.00283869 
0.3212 0.00872096 2.0256e+06 0 0 2.02221e+06 1.3311 -451.283 0 0.0144358 0.0337655 3388.98 0.0066923 451.283 0.00190135 
0.32485 0.00871667 2.02555e+06 0 0 2.02333e+06 1.33187 -297.11 0 0.00948688 0.0223114 2218.63 0.0043813 297.11 0.00126132 
0.3285 0.00871393 2.0255e+06 0 0 2.02405e+06 1.33238 -194.845 0 0.00621413 0.0146676 1449.58 0.00286266 194.845 0.00083134 
0.33215 0.00871221 2.02545e+06 0 0 2.0245e+06 1.33271 -127.45 0 0.00406158 0.00960969 945.873 0.00186798 127.45 0.00054559 
0.3358 0.00871116 2.0254e+06 0 0 2.02478e+06 1.33293 -83.2265 0 0.00265091 0.00628189 616.68 0.00121789 83.2265 0.00035705 
0.33945 0.00871055 2.02535e+06 0 0 2.02495e+06 1.33307 -54.2905 0 0.00172866 0.00410065 401.853 0.000793646 54.2905 0.000233242 
0.3431 0.00871022 2.0253e+06 0 0 2.02504e+06 1.33316 -35.3953 0 0.00112677 0.00267466 261.813 0.000517084 35.3953 0.000152205 
0.34675 0.00871009 2.02525e+06 0 0 2.02508e+06 1.33322 -23.0779 0 0.000734544 0.00174439 170.626 0.000336997 23.0779 9.92981e-05 
0.3504 0.00871008 2.0252e+06 0 0 2.02509e+06 1.33326 -15.0675 0 0.000479527 0.00113911 111.367 0.000219963 15.0675 6.48563e-05 
0.35405 0.00871014 2.02515e+06 0 0 2.02508e+06 1.33329 -9.88645 0 0.000314612 0.000747504 73.0584 0.000144302 9.88645 4.25656e-05 
0.3577 0.00871027 2.0251e+06 0 0 2.02505e+06 1.3333 -6.58897 0 0.000209662 0.000498212 48.6838 9.61608e-05 6.58897 2.83726e-05 
0.36135 0.00871043 2.02505e+06 0 0 2.02502e+06 1.33331 -4.59757 0 0.000146284 0.000347641 33.9664 6.70924e-05 4.59757 1.9799e-05 
0.365 0.00871062 2.025e+06 0 0 2.02497e+06 1.33332 -3.61649 0 0.000115062 0.000273455 26.7165 5.27733e-05 3.61649 1.55745e-05 


0 0.0112 2.03e+06 0 0 1.5225e+06 1 0 0 1.01407 1.01407 507500 1 0 7.94436e-12 
0.00365 0.0112003 2.02995e+06 0 0 1.52246e+06 1 -0.000177555 0 1.01407 1.01407 507487 1 0.000177557 2.55731e-10 
0.0073 0.0112006 2.0299e+06 0 0 1.52242e+06 1 -0.000438995 0 1.01406 1.01406 507475 1 0.000438998 6.16728e-10 
0.01095 0.0112008 2.02985e+06 0 0 1.52239e+06 1 -0.000811957 0 1.01406 1.01406 507462 1 0.000811959 1.12683e-09 
0.0146 0.0112011 2.0298e+06 0 0 1.52235e+06 1 -0.00133171 0 1.01406 1.01406 507450 1 0.00133171 1.83155e-09 
0.01825 0.0112014 2.02975e+06 0 0 1.52231e+06 1 -0.00204308 0 1.01405 1.01405 507437 1 0.00204308 2.78833e-09 
0.0219 0.0112017 2.0297e+06 0 0 1.52228e+06 1 -0.0030028 0 1.01405 1.01405 507425 1 0.00300281 4.06949e-09 
0.02555 0.0112019 2.02965e+06 0 0 1.52224e+06 1 -0.0042825 0 1.01404 1.01404 507412 1 0.0042825 5.76576e-09 
0.0292 0.0112022 2.0296e+06 0 0 1.5222e+06 1 -0.00597225 0 1.01404 1.01404 507400 1 0.00597226 7.99072e-09 
0.03285 0.0112025 2.02955e+06 0 0 1.52216e+06 1 -0.00818516 0 1.01403 1.01403 507387 1 0.00818516 1.08863e-08 
0.0365 0.0112028 2.0295e+06 0 0 1.52213e+06 1 -0.0110629 0 1.01403 1.01403 507375 1 0.0110629 1.46296e-08 
0.04015 0.011203 2.02945e+06 0 0 1.52209e+06 1 -0.0147825 0 1.01402 1.01402 507362 1 0.0147825 1.94413e-08 
0.0438 0.0112033 2.0294e+06 0 0 1.52205e+06 1 -0.019565 0 1.01402 1.01402 507350 0.999999 0.019565 2.5596e-08 
0.04745 0.0112036 2.02935e+06 0 0 1.52201e+06 1 -0.0256861 0 1.01401 1.01401 507337 0.999999 0.0256861 3.34349e-08 
0.0511 0.0112039 2.0293e+06 0 0 1.52198e+06 1 -0.0334887 0 1.01401 1.01401 507324 0.999999 0.0334887 4.33818e-08 
0.05475 0.0112041 2.02925e+06 0 0 1.52194e+06 1 -0.0433996 0 1.014 1.014 507312 0.999999 0.0433996 5.59629e-08 
0.0584 0.0112044 2.0292e+06 0 0 1.5219e+06 1 -0.0559487 0 1.014 1.014 507299 0.999998 0.0559487 7.18303e-08 
0.06205 0.0112047 2.02915e+06 0 0 1.52186e+06 1 -0.0717942 0 1.01399 1.01399 507286 0.999998 0.0717942 9.17925e-08 
0.0657 0.011205 2.0291e+06 0 0 1.52183e+06 1 -0.0917526 0 1.01399 1.01399 507274 0.999997 0.0917526 1.16851e-07 
0.06935 0.0112052 2.02905e+06 0 0 1.52179e+06 1 -0.116836 0 1.01398 1.01398 507261 0.999997 0.116836 1.48246e-07 
0.073 0.0112055 2.029e+06 0 0 1.52175e+06 1 -0.1483 0 1.01397 1.01398 507248 0.999996 0.1483 1.87512e-07 
0.07665 0.0112058 2.02895e+06 0 0 1.52172e+06 1 -0.187698 0 1.01397 1.01397 507235 0.999995 0.187698 2.3655e-07 
0.0803 0.011206 2.0289e+06 0 0 1.52168e+06 1 -0.236955 0 1.01396 1.01397 507222 0.999993 0.236955 2.97709e-07 
0.08395 0.0112063 2.02885e+06 0 0 1.52164e+06 1 -0.298452 0 1.01396 1.01396 507208 0.999991 0.298452 3.73897e-07 
0.0876 0.0112066 2.0288e+06 0 0 1.52161e+06 1 -0.375139 0 1.01395 1.01396 507194 0.999989 0.375139 4.68708e-07 
0.09125 0.0112069 2.02875e+06 0 0 1.52157e+06 1 -0.470661 0 1.01394 1.01395 507181 0.999986 0.470661 5.86587e-07 
0.0949 0.0112071 2.0287e+06 0 0 1.52153e+06 1.00001 -0.589531 0 1.01394 1.01394 507166 0.999983 0.589531 7.33031e-07 
0.09855 0.0112074 2.02865e+06 0 0 1.5215e+06 1.00001 -0.737327 0 1.01393 1.01394 507152 0.999979 0.737327 9.14833e-07 
0.1022 0.0112076 2.0286e+06 0 0 1.52146e+06 1.00001 -0.92095 0 1.01392 1.01393 507136 0.999973 0.92095 1.14039e-06 
0.10585 0.0112079 2.02855e+06 0 0 1.52143e+06 1.00001 -1.14893 0 1.01391 1.01393 507121 0.999967 1.14893 1.42008e-06 
0.1095 0.0112081 2.0285e+06 0 0 1.5214e+06 1.00001 -1.43181 0 1.0139 1.01392 507104 0.999958 1.43181 1.76674e-06 
0.11315 0.0112084 2.02845e+06 0 0 1.52136e+06 1.00002 -1.78262 0 1.01389 1.01391 507086 0.999948 1.78262 2.19622e-06 
0.1168 0.0112086 2.0284e+06 0 0 1.52133e+06 1.00002 -2.21748 0 1.01388 1.01391 507067 0.999936 2.21748 2.7281e-06 
0.12045 0.0112088 2.02835e+06 0 0 1.5213e+06 1.00003 -2.7563 0 1.01386 1.0139 507047 0.99992 2.7563 3.38661e-06 
0.1241 0.0112091 2.0283e+06 0 0 1.52128e+06 1.00003 -3.42369 0 1.01385 1.01389 507024 0.9999 3.42369 4.20165e-06 
0.12775 0.0112093 2.02825e+06 0 0 1.52125e+06 1.00004 -4.25006 0 1.01383 1.01388 507000 0.999876 4.25006 5.21018e-06 
0.1314 0.0112094 2.0282e+06 0 0 1.52123e+06 1.00005 -5.27299 0 1.0138 1.01387 506972 0.999846 5.27299 6.45789e-06 
0.13505 0.0112096 2.02815e+06 0 0 1.52121e+06 1.00006 -6.53891 0 1.01378 1.01386 506941 0.999809 6.53891 8.00119e-06 
0.1387 0.0112097 2.0281e+06 0 0 1.52119e+06 1.00008 -8.10521 0 1.01374 1.01384 506905 0.999764 8.10521 9.90979e-06 
0.14235 0.0112098 2.02805e+06 0 0 1.52119e+06 1.0001 -10.0428 0 1.0137 1.01383 506864 0.999707 10.0428 1.22698e-05 
0.146 0.0112098 2.028e+06 0 0 1.52118e+06 1.00012 -12.4391 0 1.01365 1.01381 506816 0.999637 12.4391 1.51876e-05 
0.14965 0.0112098 2.02795e+06 0 0 1.52119e+06 1.00015 -15.4026 0 1.0136 1.01379 506760 0.99955 15.4026 1.87945e-05 
0.1533 0.0112098 2.0279e+06 0 0 1.52121e+06 1.00019 -19.0666 0 1.01353 1.01376 506693 0.999443 19.0666 2.32529e-05 
0.15695 0.0112096 2.02785e+06 0 0 1.52124e+06 1.00023 -23.5964 0 1.01344 1.01373 506613 0.999311 23.5964 2.87629e-05 
0.1606 0.0112093 2.0278e+06 0 0 1.52128e+06 1.00028 -29.1956 0 1.01333 1.01369 506518 0.999147 29.1956 3.5572e-05 
0.16425 0.0112089 2.02775e+06 0 0 1.52135e+06 1.00035 -36.1161 0 1.0132 1.01365 506402 0.998945 36.1161 4.39855e-05 
0.1679 0.0112084 2.0277e+06 0 0 1.52144e+06 1.00044 -44.6682 0 1.01304 1.01359 506263 0.998694 44.6682 5.43801e-05 
0.17155 0.0112076 2.02765e+06 0 0 1.52156e+06 1.00054 -55.2355 0 1.01285 1.01353 506094 0.998385 55.2355 6.72205e-05 
0.1752 0.0112066 2.0276e+06 0 0 1.52171e+06 1.00067 -68.2906 0 1.01261 1.01344 505887 0.998002 68.2906 8.30799e-05 
0.17885 0.0112054 2.02755e+06 0 0 1.52191e+06 1.00082 -84.4166 0 1.01231 1.01335 505635 0.99753 84.4166 0.000102665 
0.1825 0.0112037 2.0275e+06 0 0 1.52217e+06 1.00102 -104.332 0 1.01195 1.01322 505327 0.996946 104.332 0.000126845 
0.18615 0.0112016 2.02745e+06 0 0 1.5225e+06 1.00126 -128.921 0 1.0115 1.01308 504949 0.996225 128.921 0.000156693 
0.1898 0.0111989 2.0274e+06 0 0 1.52291e+06 1.00156 -159.271 0 1.01094 1.01289 504485 0.995334 159.271 0.000193526 
0.19345 0.0111956 2.02735e+06 0 0 1.52344e+06 1.00192 -196.72 0 1.01026 1.01267 503915 0.994233 196.72 0.000238965 
0.1971 0.0111914 2.0273e+06 0 0 1.52409e+06 1.00238 -242.906 0 1.00942 1.01239 503214 0.992875 242.906 0.000294996 
0.20075 0.0111861 2.02725e+06 0 0 1.5249e+06 1.00293 -299.834 0 1.00839 1.01205 502351 0.991197 299.834 0.000364059 
0.2044 0.0111796 2.0272e+06 0 0 1.52591e+06 1.00362 -369.952 0 1.00711 1.01163 501290 0.989128 369.952 0.000449133 
0.20805 0.0111715 2.02715e+06 0 0 1.52717e+06 1.00447 -456.237 0 1.00553 1.01111 499984 0.986575 456.237 0.00055386 
0.2117 0.0111615 2.0271e+06 0 0 1.52872e+06 1.00552 -562.29 0 1.00359 1.01046 498377 0.983429 562.29 0.000682672 
0.21535 0.0111491 2.02705e+06 0 0 1.53065e+06 1.00682 -692.445 0 1.0012 1.00967 496400 0.979552 692.445 0.000840951 
0.219 0.0111338 2.027e+06 0 0 1.53303e+06 1.00841 -851.874 0 0.99826 1.00868 493970 0.974782 851.874 0.0010352 
0.22265 0.011115 2.02695e+06 0 0 1.53596e+06 1.01036 -1046.68 0 0.994642 1.00746 490986 0.968916 1046.68 0.00127325 
0.2263 0.0110919 2.0269e+06 0 0 1.53957e+06 1.01276 -1283.99 0 0.990195 1.00595 487325 0.961715 1283.99 0.00156446 
0.22995 0.0110638 2.02685e+06 0 0 1.54401e+06 1.0157 -1571.92 0 0.984736 1.00407 482841 0.95289 1571.92 0.00191995 
0.2336 0.0110295 2.0268e+06 0 0 1.54944e+06 1.0193 -1919.51 0 0.978042 1.00173 477362 0.9421 1919.51 0.00235276 
0.23725 0.010988 2.02675e+06 0 0 1.55607e+06 1.02369 -2336.47 0 0.969847 0.998826 470684 0.928944 2336.47 0.00287806 
0.2409 0.010938 2.0267e+06 0 0 1.56412e+06 1.02901 -2832.58 0 0.959835 0.99521 462575 0.912962 2832.58 0.00351316 
0.24455 0.0108781 2.02665e+06 0 0 1.57388e+06 1.03546 -3416.84 0 0.947629 0.990701 452770 0.893633 3416.84 0.00427735 
0.2482 0.010807 2.0266e+06 0 0 1.58562e+06 1.0432 -4095.96 0 0.932793 0.985073 440981 0.870386 4095.96 0.00519152 
0.25185 0.0107233 2.02655e+06 0 0 1.59965e+06 1.05246 -4872.32 0 0.91482 0.978036 426904 0.842623 4872.32 0.0062771 
0.2555 0.010626 2.0265e+06 0 0 1.61626e+06 1.06342 -5741.17 0 0.893138 0.969225 410238 0.809748 5741.17 0.0075544 
0.25915 0.0105143 2.02645e+06 0 0 1.63574e+06 1.07626 -6687.19 0 0.867118 0.958174 390712 0.771224 6687.19 0.00903972 
0.2628 0.0103883 2.0264e+06 0 0 1.65828e+06 1.09112 -7680.83 0 0.836089 0.944293 368122 0.726653 7680.83 0.0107408 
0.26645 0.0102486 2.02635e+06 0 0 1.68396e+06 1.10804 -8675.06 0 0.799378 0.926838 342387 0.67587 8675.06 0.0126503 
0.2701 0.0100971 2.0263e+06 0 0 1.7127e+06 1.12698 -9603.75 0 0.756368 0.904875 313600 0.61906 9603.75 0.0147364 
0.27375 0.00993669 2.02625e+06 0 0 1.74416e+06 1.14771 -10383.4 0 0.706596 0.877257 282091 0.556874 10383.4 0.0169307 
0.2774 0.00977146 2.0262e+06 0 0 1.77773e+06 1.16983 -10920 0 0.649886 0.842626 248472 0.490519 10920 0.0191149 
0.28105 0.00960641 2.02615e+06 0 0 1.8125e+06 1.19274 -11121.9 0 0.586528 0.799466 213652 0.42179 11121.9 0.0211098 
0.2847 0.00944702 2.0261e+06 0 0 1.8473e+06 1.21567 -10919.2 0 0.517472 0.746297 178800 0.352994 10919.2 0.0226736 
0.28835 0.00929872 2.02605e+06 0 0 1.8808e+06 1.23775 -10285.6 0 0.444502 0.682057 145246 0.286757 10285.6 0.0235245 
0.292 0.0091662 2.026e+06 0 0 1.91169e+06 1.2581 -9257.05 0 0.370281 0.606739 114310 0.225687 9257.05 0.0233987 
0.29565 0.00905276 2.02595e+06 0 0 1.93885e+06 1.27601 -7936.05 0 0.298161 0.522154 87096.8 0.171962 7936.05 0.0221467 
0.2993 0.00895989 2.0259e+06 0 0 1.9616e+06 1.29101 -6474.58 0 0.23166 0.432404 64304.3 0.126964 6474.58 0.0198299 
0.30295 0.00888716 2.02585e+06 0 0 1.97973e+06 1.30298 -5036.01 0 0.173727 0.343472 46122.8 0.0910686 5036.01 0.0167523 
0.3066 0.00883251 2.0258e+06 0 0 1.99353e+06 1.3121 -3751.93 0 0.126079 0.261718 32266.3 0.0637107 3751.93 0.0133748 
0.31025 0.00879294 2.02575e+06 0 0 2.00363e+06 1.31877 -2695.53 0 0.088944 0.191955 22119.6 0.0436769 2695.53 0.0101499 
0.3139 0.00876515 2.0257e+06 0 0 2.01077e+06 1.32351 -1881.65 0 0.0613267 0.136307 14929.4 0.0294799 1881.65 0.00738361 
0.31755 0.00874611 2.02565e+06 0 0 2.01569e+06 1.32678 -1285.44 0 0.0415521 0.0943491 9961.81 0.0196713 1285.44 0.00519675 
0.3212 0.00873331 2.0256e+06 0 0 2.01901e+06 1.32899 -864.592 0 0.0277971 0.0640702 6593.55 0.0130204 864.592 0.00356914 
0.32485 0.00872484 2.02555e+06 0 0 2.02121e+06 1.33048 -575.258 0 0.0184293 0.0429168 4339.86 0.00857024 575.258 0.00240893 
0.3285 0.0087193 2.0255e+06 0 0 2.02265e+06 1.33146 -379.931 0 0.0121434 0.0284752 2845.72 0.0056198 379.931 0.00160637 
0.33215 0.00871572 2.02545e+06 0 0 2.02359e+06 1.33211 -249.685 0 0.00796837 0.0187715 1861.3 0.00367583 249.685 0.00106246 
0.3358 0.00871345 2.0254e+06 0 0 2.02418e+06 1.33253 -163.552 0 0.00521437 0.0123213 1215.41 0.00240034 163.552 0.000698901 
0.33945 0.00871204 2.02535e+06 0 0 2.02456e+06 1.33281 -106.906 0 0.00340614 0.00806471 792.823 0.0015658 106.906 0.000458107 
0.3431 0.0087112 2.0253e+06 0 0 2.02478e+06 1.33299 -69.7911 0 0.00222268 0.00526956 516.884 0.00102085 69.7911 0.00029961 
0.34675 0.00871072 2.02525e+06 0 0 2.02491e+06 1.33311 -45.5439 0 0.00145004 0.00344075 337.008 0.000665612 45.5439 0.000195749 
0.3504 0.00871049 2.0252e+06 0 0 2.02498e+06 1.33319 -29.7525 0 0.000947081 0.00224857 220.029 0.000434583 29.7525 0.000127975 
0.35405 0.00871041 2.02515e+06 0 0 2.02501e+06 1.33324 -19.5295 0 0.000621569 0.00147628 144.37 0.000285155 19.5295 8.40435e-05 
0.3577 0.00871045 2.0251e+06 0 0 2.025e+06 1.33327 -13.0192 0 0.000414311 0.00098427 96.2172 0.000190049 13.0192 5.60434e-05 
0.36135 0.00871055 2.02505e+06 0 0 2.02498e+06 1.33329 -9.08611 0 0.000289112 0.000686951 67.1369 0.000132613 9.08611 3.91188e-05 
0.365 0.00871072 2.025e+06 0 0 2.02495e+06 1.3333 -7.14807 0 0.000227423 0.000540423 52.8103 0.000104317 7.14807 3.07767e-05 


0 0.0112 2.03e+06 0 0 1.5225e+06 1 0 0 1.01407 1.01407 507500 1 0 4.8431e-12 
0.00365 0.0112003 2.02995e+06 0 0 1.52246e+06 1 -0.000124917 0 1.01407 1.01407 507487 1 0.000124919 1.78354e-10 
0.0073 0.0112006 2.0299e+06 0 0 1.52242e+06 1 -0.000308944 0 1.01406 1.01406 507475 1 0.000308945 4.31498e-10 
0.01095 0.0112008 2.02985e+06 0 0 1.52239e+06 1 -0.000571623 0 1.01406 1.01406 507462 1 0.000571625 7.89668e-10 
0.0146 0.0112011 2.0298e+06 0 0 1.52235e+06 1 -0.000937918 0 1.01406 1.01406 507450 1 0.000937922 1.28508e-09 
0.01825 0.0112014 2.02975e+06 0 0 1.52231e+06 1 -0.00143959 0 1.01405 1.01405 507437 1 0.00143959 1.95845e-09 
0.0219 0.0112017 2.0297e+06 0 0 1.52228e+06 1 -0.00211687 0 1.01405 1.01405 507425 1 0.00211687 2.86107e-09 
0.02555 0.0112019 2.02965e+06 0 0 1.52224e+06 1 -0.00302056 0 1.01404 1.01404 507412 1 0.00302056 4.05736e-09 
0.0292 0.0112022 2.0296e+06 0 0 1.5222e+06 1 -0.00421464 0 1.01404 1.01404 507400 1 0.00421465 5.62801e-09 
0.03285 0.0112025 2.02955e+06 0 0 1.52216e+06 1 -0.00577946 0 1.01403 1.01403 507387 1 0.00577946 7.67394e-09 
0.0365 0.0112028 2.0295e+06 0 0 1.52213e+06 1 -0.00781572 0 1.01403 1.01403 507375 1 0.00781572 1.03211e-08 
0.04015 0.011203 2.02945e+06 0 0 1.52209e+06 1 -0.0104494 0 1.01402 1.01402 507362 1 0.0104494 1.37267e-08 
0.0438 0.0112033 2.0294e+06 0 0 1.52205e+06 1 -0.0138378 0 1.01402 1.01402 507350 1 0.0138378 1.8086e-08 
0.04745 0.0112036 2.02935e+06 0 0 1.52201e+06 1 -0.0181771 0 1.01401 1.01401 507337 0.999999 0.0181771 2.36424e-08 
0.0511 0.0112039 2.0293e+06 0 0 1.52198e+06 1 -0.0237118 0 1.01401 1.01401 507325 0.999999 0.0237118 3.06979e-08 
0.05475 0.0112041 2.02925e+06 0 0 1.52194e+06 1 -0.0307457 0 1.014 1.014 507312 0.999999 0.0307457 3.96275e-08 
0.0584 0.0112044 2.0292e+06 0 0 1.5219e+06 1 -0.0396567 0 1.014 1.014 507299 0.999999 0.0396567 5.08965e-08 
0.06205 0.0112047 2.02915e+06 0 0 1.52186e+06 1 -0.0509142 0 1.01399 1.01399 507287 0.999999 0.0509142 6.50816e-08 
0.0657 0.011205 2.0291e+06 0 0 1.52183e+06 1 -0.0651004 0 1.01399 1.01399 507274 0.999998 0.0651004 8.28974e-08 
0.06935 0.0112052 2.02905e+06 0 0 1.52179e+06 1 -0.0829377 0 1.01398 1.01398 507261 0.999998 0.0829377 1.05229e-07 
0.073 0.0112055 2.029e+06 0 0 1.52175e+06 1 -0.105321 0 1.01398 1.01398 507248 0.999997 0.105321 1.33173e-07 
0.07665 0.0112058 2.02895e+06 0 0 1.52171e+06 1 -0.133361 0 1.01397 1.01397 507236 0.999996 0.133361 1.68084e-07 
0.0803 0.0112061 2.0289e+06 0 0 1.52168e+06 1 -0.168429 0 1.01396 1.01397 507223 0.999995 0.168429 2.11642e-07 
0.08395 0.0112063 2.02885e+06 0 0 1.52164e+06 1 -0.212228 0 1.01396 1.01396 507209 0.999994 0.212228 2.65923e-07 
0.0876 0.0112066 2.0288e+06 0 0 1.5216e+06 1 -0.266862 0 1.01395 1.01396 507196 0.999992 0.266862 3.33494e-07 
0.09125 0.0112069 2.02875e+06 0 0 1.52157e+06 1 -0.334936 0 1.01395 1.01395 507183 0.99999 0.334936 4.17531e-07 
0.0949 0.0112071 2.0287e+06 0 0 1.52153e+06 1 -0.419672 0 1.01394 1.01395 507169 0.999988 0.419672 5.2196e-07 
0.09855 0.0112074 2.02865e+06 0 0 1.5215e+06 1.00001 -0.525056 0 1.01393 1.01394 507155 0.999985 0.525056 6.51635e-07 
0.1022 0.0112077 2.0286e+06 0 0 1.52146e+06 1.00001 -0.656016 0 1.01393 1.01393 507140 0.999981 0.656016 8.12557e-07 
0.10585 0.0112079 2.02855e+06 0 0 1.52142e+06 1.00001 -0.818646 0 1.01392 1.01393 507125 0.999976 0.818646 1.01214e-06 
0.1095 0.0112082 2.0285e+06 0 0 1.52139e+06 1.00001 -1.02048 0 1.01391 1.01392 507110 0.99997 1.02048 1.25956e-06 
0.11315 0.0112084 2.02845e+06 0 0 1.52136e+06 1.00001 -1.27083 0 1.0139 1.01392 507094 0.999963 1.27083 1.56614e-06 
0.1168 0.0112087 2.0284e+06 0 0 1.52132e+06 1.00002 -1.58121 0 1.01389 1.01391 507077 0.999954 1.58121 1.94588e-06 
0.12045 0.0112089 2.02835e+06 0 0 1.52129e+06 1.00002 -1.96586 0 1.01388 1.0139 507058 0.999943 1.96586 2.41609e-06 
0.1241 0.0112092 2.0283e+06 0 0 1.52126e+06 1.00002 -2.44235 0 1.01386 1.01389 507039 0.999929 2.44235 2.99815e-06 
0.12775 0.0112094 2.02825e+06 0 0 1.52123e+06 1.00003 -3.03242 0 1.01385 1.01389 507018 0.999912 3.03242 3.71848e-06 
0.1314 0.0112096 2.0282e+06 0 0 1.52121e+06 1.00004 -3.76294 0 1.01383 1.01388 506994 0.99989 3.76294 4.60973e-06 
0.13505 0.0112098 2.02815e+06 0 0 1.52118e+06 1.00005 -4.66709 0 1.01381 1.01387 506969 0.999864 4.66709 5.71224e-06 
0.1387 0.0112099 2.0281e+06 0 0 1.52116e+06 1.00006 -5.78588 0 1.01378 1.01386 506939 0.999831 5.78588 7.07586e-06 
0.14235 0.0112101 2.02805e+06 0 0 1.52114e+06 1.00007 -7.17 0 1.01375 1.01384 506906 0.999791 7.17 8.76214e-06 
0.146 0.0112102 2.028e+06 0 0 1.52113e+06 1.00009 -8.88205 0 1.01372 1.01383 506869 0.999741 8.88205 1.08472e-05 
0.14965 0.0112103 2.02795e+06 0 0 1.52113e+06 1.00011 -10.9994 0 1.01368 1.01381 506825 0.999679 10.9994 1.34249e-05 
0.1533 0.0112103 2.0279e+06 0 0 1.52113e+06 1.00013 -13.6176 0 1.01362 1.01379 506773 0.999602 13.6176 1.66114e-05 
0.15695 0.0112102 2.02785e+06 0 0 1.52114e+06 1.00016 -16.8547 0 1.01356 1.01377 506713 0.999508 16.8547 2.055e-05 
0.1606 0.0112101 2.0278e+06 0 0 1.52116e+06 1.0002 -20.8565 0 1.01348 1.01374 506641 0.999391 20.8565 2.54178e-05 
0.16425 0.0112099 2.02775e+06 0 0 1.52119e+06 1.00025 -25.8031 0 1.01339 1.01371 506555 0.999246 25.8031 3.14332e-05 
0.1679 0.0112096 2.0277e+06 0 0 1.52125e+06 1.00031 -31.9168 0 1.01327 1.01367 506452 0.999067 31.9168 3.88662e-05 
0.17155 0.0112092 2.02765e+06 0 0 1.52132e+06 1.00038 -39.4721 0 1.01313 1.01362 506327 0.998846 39.4721 4.80497e-05 
0.1752 0.0112085 2.0276e+06 0 0 1.52142e+06 1.00048 -48.8078 0 1.01296 1.01356 506176 0.998573 48.8078 5.93946e-05 
0.17885 0.0112077 2.02755e+06 0 0 1.52156e+06 1.00059 -60.342 0 1.01275 1.01349 505993 0.998235 60.342 7.34078e-05 
0.1825 0.0112066 2.0275e+06 0 0 1.52173e+06 1.00073 -74.5902 0 1.01248 1.0134 505769 0.997817 74.5902 9.07141e-05 
0.18615 0.0112052 2.02745e+06 0 0 1.52196e+06 1.0009 -92.188 0 1.01216 1.01329 505495 0.997302 92.188 0.000112084 
0.1898 0.0112033 2.0274e+06 0 0 1.52224e+06 1.00111 -113.918 0 1.01176 1.01316 505159 0.996664 113.918 0.000138465 
0.19345 0.011201 2.02735e+06 0 0 1.5226e+06 1.00137 -140.744 0 1.01127 1.013 504748 0.995877 140.744 0.000171026 
0.1971 0.0111981 2.0273e+06 0 0 1.52306e+06 1.0017 -173.851 0 1.01067 1.0128 504242 0.994905 173.851 0.000211201 
0.20075 0.0111944 2.02725e+06 0 0 1.52363e+06 1.0021 -214.692 0 1.00993 1.01255 503622 0.993704 214.692 0.000260754 
0.2044 0.0111898 2.0272e+06 0 0 1.52434e+06 1.00259 -265.05 0 1.00901 1.01225 502858 0.992222 265.05 0.000321848 
0.20805 0.011184 2.02715e+06 0 0 1.52523e+06 1.0032 -327.103 0 1.00788 1.01188 501918 0.990392 327.103 0.000397132 
0.2117 0.0111769 2.0271e+06 0 0 1.52634e+06 1.00396 -403.506 0 1.00649 1.01142 500762 0.988135 403.506 0.000489846 
0.21535 0.011168 2.02705e+06 0 0 1.52771e+06 1.00488 -497.48 0 1.00477 1.01085 499339 0.985352 497.48 0.00060394 
0.219 0.0111571 2.027e+06 0 0 1.52941e+06 1.00603 -612.918 0 1.00265 1.01015 497589 0.981921 612.918 0.000744219 
0.22265 0.0111435 2.02695e+06 0 0 1.53151e+06 1.00743 -754.485 0 1.00005 1.00928 495436 0.977697 754.485 0.000916504 
0.2263 0.0111269 2.0269e+06 0 0 1.53411e+06 1.00917 -927.729 0 0.996846 1.0082 492790 0.9725 927.729 0.00112782 
0.22995 0.0111064 2.02685e+06 0 0 1.53731e+06 1.0113 -1139.17 0 0.992905 1.00687 489542 0.966115 1139.17 0.00138661 
0.2336 0.0110814 2.0268e+06 0 0 1.54124e+06 1.01391 -1396.34 0 0.988064 1.00521 485561 0.958281 1396.34 0.00170293 
0.23725 0.0110509 2.02675e+06 0 0 1.54606e+06 1.0171 -1707.76 0 0.982124 1.00315 480689 0.948688 1707.76 0.00208867 
0.2409 0.0110137 2.0267e+06 0 0 1.55196e+06 1.02101 -2082.8 0 0.974845 1.0006 474741 0.936973 2082.8 0.00255774 
0.24455 0.0109689 2.02665e+06 0 0 1.55915e+06 1.02576 -2531.27 0 0.965941 0.997419 467502 0.922709 2531.27 0.0031262 
0.2482 0.0109149 2.0266e+06 0 0 1.56787e+06 1.03153 -3062.78 0 0.955071 0.993458 458726 0.90541 3062.78 0.0038122 
0.25185 0.0108506 2.02655e+06 0 0 1.57841e+06 1.03849 -3685.58 0 0.941835 0.988517 448138 0.884534 3685.58 0.00463577 
0.2555 0.0107744 2.0265e+06 0 0 1.59106e+06 1.04683 -4404.9 0 0.925768 0.982346 435442 0.859495 4404.9 0.00561818 
0.25915 0.0106852 2.02645e+06 0 0 1.60612e+06 1.05677 -5220.53 0 0.906336 0.974625 420331 0.82969 5220.53 0.00678066 
0.2628 0.010582 2.0264e+06 0 0 1.62389e+06 1.06849 -6123.81 0 0.882941 0.964951 402514 0.794541 6123.81 0.0081423 
0.26645 0.0104644 2.02635e+06 0 0 1.64461e+06 1.08215 -7093.99 0 0.854934 0.952811 381742 0.753556 7093.99 0.00971652 
0.2701 0.0103326 2.0263e+06 0 0 1.66844e+06 1.09786 -8094.61 0 0.821637 0.937554 357856 0.706422 8094.61 0.0115058 
0.27375 0.0101877 2.02625e+06 0 0 1.69541e+06 1.11563 -9070.81 0 0.782391 0.91836 330837 0.653102 9070.81 0.0134939 
0.2774 0.0100321 2.0262e+06 0 0 1.72533e+06 1.13535 -9948.84 0 0.736631 0.894213 300872 0.593962 9948.84 0.0156354 
0.28105 0.00986913 2.02615e+06 0 0 1.75775e+06 1.15671 -10639.7 0 0.683992 0.863873 268401 0.529875 10639.7 0.0178431 
0.2847 0.00970332 2.0261e+06 0 0 1.79194e+06 1.17924 -11048.3 0 0.624468 0.825905 234161 0.46229 11048.3 0.0199745 
0.28835 0.00953992 2.02605e+06 0 0 1.82687e+06 1.20226 -11089.6 0 0.558597 0.778777 199176 0.393229 11089.6 0.0218237 
0.292 0.00938448 2.026e+06 0 0 1.8613e+06 1.22494 -10708.8 0 0.487657 0.721119 164696 0.325165 10708.8 0.0231278 
0.29565 0.00924219 2.02595e+06 0 0 1.89388e+06 1.24641 -9903.79 0 0.413801 0.652217 132073 0.260762 9903.79 0.0236029 
0.2993 0.00911724 2.0259e+06 0 0 1.92334e+06 1.26583 -8738.53 0 0.340019 0.572725 102562 0.202501 8738.53 0.0230197 
0.30295 0.00901223 2.02585e+06 0 0 1.94873e+06 1.28258 -7339.45 0 0.26981 0.48538 77119.1 0.15227 7339.45 0.0213059 
0.3066 0.00892784 2.0258e+06 0 0 1.96956e+06 1.29632 -5868.63 0 0.206552 0.395179 56238.9 0.111045 5868.63 0.0186258 
0.31025 0.00886289 2.02575e+06 0 0 1.98585e+06 1.30707 -4481.01 0 0.152746 0.308492 39902.6 0.0787907 4481.01 0.015365 
0.3139 0.00881487 2.0257e+06 0 0 1.99803e+06 1.31512 -3285.78 0 0.109495 0.231252 27665.9 0.0546298 3285.78 0.012002 
0.31755 0.00878056 2.02565e+06 0 0 2.00682e+06 1.32094 -2330.61 0 0.0764666 0.167226 18834 0.0371911 2330.61 0.00894041 
0.3212 0.00875672 2.0256e+06 0 0 2.01295e+06 1.32501 -1611.15 0 0.0523117 0.117404 12646.1 0.0249727 1611.15 0.00640854 
0.32485 0.00874053 2.02555e+06 0 0 2.01714e+06 1.3278 -1092.89 0 0.0352396 0.0805667 8407.2 0.0166023 1092.89 0.00446082 
0.3285 0.00872971 2.0255e+06 0 0 2.01995e+06 1.32968 -731.441 0 0.0234778 0.0543708 5550.36 0.010961 731.441 0.00303944 
0.33215 0.00872259 2.02545e+06 0 0 2.0218e+06 1.33093 -485.017 0 0.0155218 0.0362615 3646.92 0.0072022 485.017 0.0020401 
0.3358 0.00871796 2.0254e+06 0 0 2.02301e+06 1.33176 -319.606 0 0.0102083 0.0239885 2388.63 0.00471736 319.606 0.00135533 
0.33945 0.00871499 2.02535e+06 0 0 2.02379e+06 1.33231 -209.737 0 0.0066905 0.0157833 1561.25 0.00308342 209.737 0.000894233 
0.3431 0.00871312 2.0253e+06 0 0 2.02428e+06 1.33266 -137.279 0 0.00437547 0.0103486 1019.2 0.00201294 137.279 0.000587387 
0.34675 0.00871198 2.02525e+06 0 0 2.02458e+06 1.3329 -89.7383 0 0.00285861 0.00677242 665.094 0.0013136 89.7383 0.000384864 
0.3504 0.00871131 2.0252e+06 0 0 2.02477e+06 1.33305 -58.6896 0 0.00186885 0.00443244 434.482 0.000858152 58.6896 0.000252084 
0.35405 0.00871095 2.02515e+06 0 0 2.02486e+06 1.33315 -38.5529 0 0.00122729 0.00291294 285.191 0.000563299 38.5529 0.000165752 
0.3577 0.0087108 2.0251e+06 0 0 2.02491e+06 1.33321 -25.7144 0 0.000818394 0.00194338 190.119 0.000375526 25.7144 0.000110619 
0.36135 0.0087108 2.02505e+06 0 0 2.02492e+06 1.33325 -17.9528 0 0.000571242 0.00135691 132.684 0.000262085 17.9528 7.7254e-05 
0.365 0.00871092 2.025e+06 0 0 2.0249e+06 1.33326 -14.1268 0 0.000449422 0.00106773 104.383 0.000206188 14.1268 6.07972e-05 


0 0.0112 2.03e+06 0 0 1.5225e+06 1 0 0 1.01407 1.01407 507500 1 0 2.95257e-12 
0.00365 0.0112003 2.02995e+06 0 0 1.52246e+06 1 -8.79205e-05 0 1.01407 1.01407 507487 1 8.79237e-05 1.24529e-10 
0.0073 0.0112006 2.0299e+06 0 0 1.52242e+06 1 -0.000217504 0 1.01406 1.01406 507475 1 0.000217507 3.02136e-10 
0.01095 0.0112008 2.02985e+06 0 0 1.52239e+06 1 -0.000402573 0 1.01406 1.01406 507462 1 0.000402573 5.53732e-10 
0.0146 0.0112011 2.0298e+06 0 0 1.52235e+06 1 -0.000660798 0 1.01406 1.01406 507450 1 0.000660799 9.02126e-10 
0.01825 0.0112014 2.02975e+06 0 0 1.52231e+06 1 -0.00101468 0 1.01405 1.01405 507437 1 0.00101468 1.37617e-09 
0.0219 0.0112017 2.0297e+06 0 0 1.52227e+06 1 -0.00149274 0 1.01405 1.01405 507425 1 0.00149274 2.01225e-09 
0.02555 0.0112019 2.02965e+06 0 0 1.52224e+06 1 -0.00213102 0 1.01404 1.01404 507412 1 0.00213103 2.85609e-09 
0.0292 0.0112022 2.0296e+06 0 0 1.5222e+06 1 -0.00297496 0 1.01404 1.01404 507400 1 0.00297497 3.96502e-09 
0.03285 0.0112025 2.02955e+06 0 0 1.52216e+06 1 -0.00408164 0 1.01403 1.01403 507387 1 0.00408165 5.41078e-09 
0.0365 0.0112028 2.0295e+06 0 0 1.52213e+06 1 -0.00552266 0 1.01403 1.01403 507375 1 0.00552266 7.28299e-09 
0.04015 0.011203 2.02945e+06 0 0 1.52209e+06 1 -0.0073876 0 1.01402 1.01402 507362 1 0.0073876 9.69344e-09 
0.0438 0.0112033 2.0294e+06 0 0 1.52205e+06 1 -0.00978842 0 1.01402 1.01402 507350 1 0.00978842 1.27813e-08 
0.04745 0.0112036 2.02935e+06 0 0 1.52201e+06 1 -0.0128648 0 1.01401 1.01401 507337 1 0.0128648 1.67199e-08 
0.0511 0.0112039 2.0293e+06 0 0 1.52198e+06 1 -0.0167908 0 1.01401 1.01401 507325 1 0.0167908 2.17245e-08 
0.05475 0.0112041 2.02925e+06 0 0 1.52194e+06 1 -0.021783 0 1.014 1.014 507312 0.999999 0.021783 2.80624e-08 
0.0584 0.0112044 2.0292e+06 0 0 1.5219e+06 1 -0.0281107 0 1.014 1.014 507300 0.999999 0.0281107 3.60654e-08 
0.06205 0.0112047 2.02915e+06 0 0 1.52186e+06 1 -0.0361086 0 1.01399 1.01399 507287 0.999999 0.0361086 4.6145e-08 
0.0657 0.011205 2.0291e+06 0 0 1.52183e+06 1 -0.0461919 0 1.01399 1.01399 507274 0.999999 0.0461919 5.8811e-08 
0.06935 0.0112052 2.02905e+06 0 0 1.52179e+06 1 -0.0588759 0 1.01398 1.01398 507262 0.999998 0.0588759 7.46952e-08 
0.073 0.0112055 2.029e+06 0 0 1.52175e+06 1 -0.0747994 0 1.01398 1.01398 507249 0.999998 0.0747994 9.45798e-08 
0.07665 0.0112058 2.02895e+06 0 0 1.52171e+06 1 -0.0947542 0 1.01397 1.01397 507236 0.999997 0.0947542 1.19433e-07 
0.0803 0.0112061 2.0289e+06 0 0 1.52168e+06 1 -0.119721 0 1.01397 1.01397 507223 0.999997 0.119721 1.50454e-07 
0.08395 0.0112063 2.02885e+06 0 0 1.52164e+06 1 -0.150913 0 1.01396 1.01396 507210 0.999996 0.150913 1.89125e-07 
0.0876 0.0112066 2.0288e+06 0 0 1.5216e+06 1 -0.189835 0 1.01395 1.01396 507197 0.999995 0.189835 2.37279e-07 
0.09125 0.0112069 2.02875e+06 0 0 1.52157e+06 1 -0.238346 0 1.01395 1.01395 507184 0.999993 0.238346 2.97186e-07 
0.0949 0.0112071 2.0287e+06 0 0 1.52153e+06 1 -0.298747 0 1.01394 1.01395 507171 0.999991 0.298747 3.7165e-07 
0.09855 0.0112074 2.02865e+06 0 0 1.52149e+06 1 -0.373886 0 1.01394 1.01394 507157 0.999989 0.373886 4.6414e-07 
0.1022 0.0112077 2.0286e+06 0 0 1.52146e+06 1 -0.467283 0 1.01393 1.01394 507143 0.999986 0.467283 5.78942e-07 
0.10585 0.011208 2.02855e+06 0 0 1.52142e+06 1.00001 -0.583291 0 1.01392 1.01393 507129 0.999983 0.583291 7.21356e-07 
0.1095 0.0112082 2.0285e+06 0 0 1.52139e+06 1.00001 -0.727293 0 1.01392 1.01392 507114 0.999979 0.727293 8.97933e-07 
0.11315 0.0112085 2.02845e+06 0 0 1.52135e+06 1.00001 -0.905944 0 1.01391 1.01392 507099 0.999974 0.905944 1.11677e-06 
0.1168 0.0112087 2.0284e+06 0 0 1.52132e+06 1.00001 -1.12747 0 1.0139 1.01391 507083 0.999967 1.12747 1.38788e-06 
0.12045 0.011209 2.02835e+06 0 0 1.52128e+06 1.00001 -1.40204 0 1.01389 1.01391 507067 0.999959 1.40204 1.72361e-06 
0.1241 0.0112092 2.0283e+06 0 0 1.52125e+06 1.00002 -1.74222 0 1.01388 1.0139 507049 0.999949 1.74222 2.13927e-06 
0.12775 0.0112095 2.02825e+06 0 0 1.52122e+06 1.00002 -2.16355 0 1.01386 1.01389 507031 0.999937 2.16355 2.65373e-06 
0.1314 0.0112097 2.0282e+06 0 0 1.52119e+06 1.00003 -2.68522 0 1.01385 1.01388 507010 0.999922 2.68522 3.29033e-06 
0.13505 0.0112099 2.02815e+06 0 0 1.52116e+06 1.00003 -3.33095 0 1.01383 1.01387 506988 0.999903 3.33095 4.0779e-06 
0.1387 0.0112101 2.0281e+06 0 0 1.52114e+06 1.00004 -4.13006 0 1.01381 1.01387 506964 0.99988 4.13006 5.05208e-06 
0.14235 0.0112103 2.02805e+06 0 0 1.52111e+06 1.00005 -5.11878 0 1.01379 1.01385 506937 0.999851 5.11878 6.25689e-06 
0.146 0.0112104 2.028e+06 0 0 1.52109e+06 1.00006 -6.34185 0 1.01376 1.01384 506906 0.999815 6.34185 7.74673e-06 
0.14965 0.0112106 2.02795e+06 0 0 1.52108e+06 1.00008 -7.85459 0 1.01373 1.01383 506871 0.999771 7.85459 9.58877e-06 
0.1533 0.0112107 2.0279e+06 0 0 1.52107e+06 1.00009 -9.72532 0 1.01369 1.01381 506831 0.999716 9.72532 1.1866e-05 
0.15695 0.0112107 2.02785e+06 0 0 1.52107e+06 1.00012 -12.0385 0 1.01365 1.0138 506784 0.999649 12.0385 1.46811e-05 
0.1606 0.0112107 2.0278e+06 0 0 1.52107e+06 1.00015 -14.8983 0 1.01359 1.01377 506729 0.999565 14.8983 1.81605e-05 
0.16425 0.0112106 2.02775e+06 0 0 1.52109e+06 1.00018 -18.4335 0 1.01352 1.01375 506664 0.999461 18.4335 2.24607e-05 
0.1679 0.0112105 2.0277e+06 0 0 1.52111e+06 1.00022 -22.8034 0 1.01344 1.01372 506587 0.999334 22.8034 2.77749e-05 
0.17155 0.0112103 2.02765e+06 0 0 1.52116e+06 1.00027 -28.2043 0 1.01334 1.01368 506495 0.999176 28.2043 3.43414e-05 
0.1752 0.0112099 2.0276e+06 0 0 1.52122e+06 1.00034 -34.8787 0 1.01321 1.01364 506383 0.99898 34.8787 4.24547e-05 
0.17885 0.0112094 2.02755e+06 0 0 1.5213e+06 1.00042 -43.1262 0 1.01306 1.01359 506248 0.998739 43.1262 5.2478e-05 
0.1825 0.0112086 2.0275e+06 0 0 1.52142e+06 1.00052 -53.3162 0 1.01287 1.01352 506084 0.99844 53.3162 6.48593e-05 
0.18615 0.0112077 2.02745e+06 0 0 1.52156e+06 1.00064 -65.9046 0 1.01264 1.01344 505885 0.998072 65.9046 8.01514e-05 
0.1898 0.0112065 2.0274e+06 0 0 1.52176e+06 1.00079 -81.4535 0 1.01235 1.01335 505642 0.997616 81.4535 9.90355e-05 
0.19345 0.0112049 2.02735e+06 0 0 1.52201e+06 1.00098 -100.656 0 1.012 1.01323 505344 0.997053 100.656 0.000122351 
0.1971 0.0112029 2.0273e+06 0 0 1.52232e+06 1.00121 -124.364 0 1.01157 1.01309 504979 0.996357 124.364 0.000151132 
0.20075 0.0112003 2.02725e+06 0 0 1.52272e+06 1.0015 -153.628 0 1.01103 1.01291 504531 0.995498 153.628 0.000186649 
0.2044 0.0111971 2.0272e+06 0 0 1.52322e+06 1.00185 -189.738 0 1.01037 1.01269 503981 0.994437 189.738 0.000230466 
0.20805 0.011193 2.02715e+06 0 0 1.52385e+06 1.00229 -234.274 0 1.00956 1.01243 503304 0.993127 234.274 0.000284502 
0.2117 0.011188 2.0271e+06 0 0 1.52463e+06 1.00283 -289.174 0 1.00856 1.0121 502472 0.99151 289.174 0.000351109 
0.21535 0.0111817 2.02705e+06 0 0 1.5256e+06 1.0035 -356.803 0 1.00733 1.01169 501449 0.989514 356.803 0.000433167 
0.219 0.0111739 2.027e+06 0 0 1.52681e+06 1.00432 -440.038 0 1.00581 1.01119 500189 0.987053 440.038 0.000534194 
0.22265 0.0111642 2.02695e+06 0 0 1.52831e+06 1.00533 -542.363 0 1.00394 1.01057 498639 0.984018 542.363 0.000658473 
0.2263 0.0111523 2.0269e+06 0 0 1.53017e+06 1.00657 -667.979 0 1.00164 1.0098 496732 0.980279 667.979 0.000811209 
0.22995 0.0111375 2.02685e+06 0 0 1.53246e+06 1.00811 -821.902 0 0.998798 1.00885 494388 0.975677 821.902 0.0009987 
0.2336 0.0111194 2.0268e+06 0 0 1.53529e+06 1.00999 -1010.07 0 0.995307 1.00768 491508 0.970017 1010.07 0.00122853 
0.23725 0.0110971 2.02675e+06 0 0 1.53878e+06 1.01231 -1239.42 0 0.991016 1.00622 487974 0.963068 1239.42 0.00150977 
0.2409 0.0110699 2.0267e+06 0 0 1.54305e+06 1.01515 -1517.91 0 0.985747 1.00441 483645 0.954548 1517.91 0.00185322 
0.24455 0.0110368 2.02665e+06 0 0 1.5483e+06 1.01862 -1854.43 0 0.979285 1.00216 478353 0.944126 1854.43 0.00227159 
0.2482 0.0109966 2.0266e+06 0 0 1.5547e+06 1.02286 -2258.59 0 0.971372 0.99936 471900 0.931412 2258.59 0.00277966 
0.25185 0.0109482 2.02655e+06 0 0 1.56249e+06 1.02801 -2740.23 0 0.9617 0.995879 464058 0.915957 2740.23 0.00339437 
0.2555 0.0108901 2.0265e+06 0 0 1.57193e+06 1.03425 -3308.56 0 0.949905 0.99154 454569 0.897249 3308.56 0.0041347 
0.25915 0.010821 2.02645e+06 0 0 1.5833e+06 1.04176 -3970.82 0 0.935559 0.986125 443147 0.874726 3970.82 0.00502129 
0.2628 0.0107396 2.0264e+06 0 0 1.59691e+06 1.05074 -4730.33 0 0.91817 0.979356 429491 0.847791 4730.33 0.0060756 
0.26645 0.0106447 2.02635e+06 0 0 1.61305e+06 1.06138 -5583.8 0 0.897176 0.970883 413297 0.815845 5583.8 0.00731828 
0.2701 0.0105356 2.0263e+06 0 0 1.63201e+06 1.07389 -6518.01 0 0.871956 0.960259 394286 0.778337 6518.01 0.0087666 
0.27375 0.010412 2.02625e+06 0 0 1.65401e+06 1.08839 -7506.15 0 0.841846 0.946918 372241 0.734837 7506.15 0.0104302 
0.2774 0.0102746 2.0262e+06 0 0 1.67915e+06 1.10496 -8504.41 0 0.806168 0.930145 347053 0.685132 8504.41 0.012305 
0.28105 0.0101249 2.02615e+06 0 0 1.70737e+06 1.12355 -9449.96 0 0.764291 0.90904 318783 0.629337 9449.96 0.014364 
0.2847 0.0099658 2.0261e+06 0 0 1.73839e+06 1.14399 -10262 0 0.715716 0.882496 287714 0.568015 10262 0.0165463 
0.28835 0.00980107 2.02605e+06 0 0 1.77164e+06 1.16591 -10847.7 0 0.660207 0.849188 254408 0.502273 10847.7 0.0187433 
0.292 0.00963558 2.026e+06 0 0 1.80628e+06 1.18873 -11113.6 0 0.597958 0.80762 219722 0.433804 11113.6 0.0207866 
0.29565 0.0094748 2.02595e+06 0 0 1.84116e+06 1.21172 -10984.6 0 0.529791 0.756284 184786 0.364838 10984.6 0.0224448 
0.2993 0.00932419 2.0259e+06 0 0 1.87499e+06 1.23401 -10425.2 0 0.457335 0.694007 150912 0.297965 10425.2 0.0234397 
0.30295 0.00918863 2.02585e+06 0 0 1.90641e+06 1.25473 -9459.74 0 0.383108 0.620546 119435 0.235823 9459.74 0.0234988 
0.3066 0.00907171 2.0258e+06 0 0 1.93429e+06 1.2731 -8179.71 0 0.310369 0.537343 91514.3 0.180698 8179.71 0.0224448 
0.31025 0.00897524 2.02575e+06 0 0 1.95782e+06 1.28862 -6730.78 0 0.242658 0.448103 67927.5 0.134128 6730.78 0.0202975 
0.3139 0.00889911 2.0257e+06 0 0 1.97674e+06 1.30111 -5277.54 0 0.183076 0.358562 48955.1 0.096668 5277.54 0.0173216 
0.31755 0.00884152 2.02565e+06 0 0 1.99126e+06 1.3107 -3959.68 0 0.133586 0.275154 34385.6 0.0679004 3959.68 0.0139614 
0.3212 0.00879956 2.0256e+06 0 0 2.00195e+06 1.31777 -2861.29 0 0.0946702 0.203078 23647.8 0.0466978 2861.29 0.010683 
0.32485 0.00876995 2.02555e+06 0 0 2.00955e+06 1.3228 -2006.31 0 0.0655096 0.144951 15999.1 0.0315946 2006.31 0.00782359 
0.3285 0.00874959 2.0255e+06 0 0 2.01481e+06 1.32629 -1375.12 0 0.0445056 0.100731 10694.2 0.0211191 1375.12 0.00553458 
0.33215 0.00873585 2.02545e+06 0 0 2.01836e+06 1.32867 -927.088 0 0.0298307 0.0686038 7086.98 0.0139959 927.088 0.00381533 
0.3358 0.00872674 2.0254e+06 0 0 2.02073e+06 1.33026 -617.855 0 0.0198047 0.0460494 4668.66 0.00922023 617.855 0.00258188 
0.33945 0.00872077 2.02535e+06 0 0 2.02229e+06 1.33132 -408.547 0 0.0130627 0.0305995 3063.31 0.00604994 408.547 0.00172493 
0.3431 0.00871691 2.0253e+06 0 0 2.02329e+06 1.33201 -268.759 0 0.00857909 0.0201964 2004.89 0.00395968 268.759 0.00114255 
0.34675 0.00871446 2.02525e+06 0 0 2.02394e+06 1.33247 -176.273 0 0.0056207 0.0132754 1310.53 0.00258838 176.273 0.000752778 
0.3504 0.00871293 2.0252e+06 0 0 2.02434e+06 1.33277 -115.539 0 0.00368139 0.00871381 857.079 0.00169283 115.539 0.000494873 
0.35405 0.00871202 2.02515e+06 0 0 2.02459e+06 1.33296 -76.0096 0 0.00242055 0.00573759 563.002 0.00111202 76.0096 0.000326177 
0.3577 0.00871152 2.0251e+06 0 0 2.02472e+06 1.33309 -50.7495 0 0.0016154 0.00383269 375.513 0.000741719 50.7495 0.00021803 
0.36135 0.00871131 2.02505e+06 0 0 2.02479e+06 1.33316 -35.4574 0 0.00112815 0.00267828 262.167 0.000517849 35.4574 0.000152425 
0.365 0.00871133 2.025e+06 0 0 2.02479e+06 1.3332 -27.9136 0 0.000887821 0.00210845 206.295 0.000407497 27.9136 0.000120024 


0 0.0112 2.03e+06 0 0 1.5225e+06 1 0 0 1.01407 1.01407 507500 1 0 1.80032e-12 
0.00365 0.0112003 2.02995e+06 0 0 1.52246e+06 1 -6.19054e-05 0 1.01407 1.01407 507487 1 6.19075e-05 8.70397e-11 
0.0073 0.0112006 2.0299e+06 0 0 1.52242e+06 1 -0.000153187 0 1.01406 1.01406 507475 1 0.000153189 2.11712e-10 
0.01095 0.0112008 2.02985e+06 0 0 1.52239e+06 1 -0.000283618 0 1.01406 1.01406 507462 1 0.000283616 3.88518e-10 
0.0146 0.0112011 2.0298e+06 0 0 1.52235e+06 1 -0.000465703 0 1.01406 1.01406 507450 1 0.000465705 6.33607e-10 
0.01825 0.0112014 2.02975e+06 0 0 1.52231e+06 1 -0.000715389 0 1.01405 1.01405 507437 1 0.000715393 9.67427e-10 
0.0219 0.0112017 2.0297e+06 0 0 1.52227e+06 1 -0.0010529 0 1.01405 1.01405 507425 1 0.00105291 1.41578e-09 
0.02555 0.0112019 2.02965e+06 0 0 1.52224e+06 1 -0.00150382 0 1.01404 1.01404 507412 1 0.00150382 2.01112e-09 
0.0292 0.0112022 2.0296e+06 0 0 1.5222e+06 1 -0.00210038 0 1.01404 1.01404 507400 1 0.00210039 2.79418e-09 
0.03285 0.0112025 2.02955e+06 0 0 1.52216e+06 1 -0.00288316 0 1.01403 1.01403 507387 1 0.00288316 3.81595e-09 
0.0365 0.0112028 2.0295e+06 0 0 1.52213e+06 1 -0.00390304 0 1.01403 1.01403 507375 1 0.00390304 5.14018e-09 
0.04015 0.011203 2.02945e+06 0 0 1.52209e+06 1 -0.00522374 0 1.01402 1.01402 507362 1 0.00522375 6.84642e-09 
0.0438 0.0112033 2.0294e+06 0 0 1.52205e+06 1 -0.00692494 0 1.01402 1.01402 507350 1 0.00692494 9.03379e-09 
0.04745 0.0112036 2.02935e+06 0 0 1.52201e+06 1 -0.00910607 0 1.01401 1.01401 507337 1 0.00910607 1.18257e-08 
0.0511 0.0112039 2.0293e+06 0 0 1.52198e+06 1 -0.0118911 0 1.01401 1.01401 507325 1 0.0118911 1.53755e-08 
0.05475 0.0112041 2.02925e+06 0 0 1.52194e+06 1 -0.0154343 0 1.014 1.014 507312 1 0.0154343 1.98739e-08 
0.0584 0.0112044 2.0292e+06 0 0 1.5219e+06 1 -0.0199277 0 1.014 1.014 507300 0.999999 0.0199277 2.55574e-08 
0.06205 0.0112047 2.02915e+06 0 0 1.52186e+06 1 -0.0256098 0 1.01399 1.01399 507287 0.999999 0.0256098 3.27195e-08 
0.0657 0.011205 2.0291e+06 0 0 1.52183e+06 1 -0.0327767 0 1.01399 1.01399 507275 0.999999 0.0327767 4.1724e-08 
0.06935 0.0112052 2.02905e+06 0 0 1.52179e+06 1 -0.0417961 0 1.01398 1.01398 507262 0.999999 0.0417961 5.30218e-08 
0.073 0.0112055 2.029e+06 0 0 1.52175e+06 1 -0.0531237 0 1.01398 1.01398 507249 0.999998 0.0531237 6.71711e-08 
0.07665 0.0112058 2.02895e+06 0 0 1.52171e+06 1 -0.0673246 0 1.01397 1.01397 507236 0.999998 0.0673246 8.48633e-08 
0.0803 0.0112061 2.0289e+06 0 0 1.52168e+06 1 -0.0850985 0 1.01397 1.01397 507224 0.999998 0.0850985 1.06954e-07 
0.08395 0.0112063 2.02885e+06 0 0 1.52164e+06 1 -0.107312 0 1.01396 1.01396 507211 0.999997 0.107312 1.34502e-07 
0.0876 0.0112066 2.0288e+06 0 0 1.5216e+06 1 -0.135039 0 1.01396 1.01396 507198 0.999996 0.135039 1.68818e-07 
0.09125 0.0112069 2.02875e+06 0 0 1.52156e+06 1 -0.169608 0 1.01395 1.01395 507185 0.999995 0.169608 2.11521e-07 
0.0949 0.0112072 2.0287e+06 0 0 1.52153e+06 1 -0.212661 0 1.01394 1.01395 507172 0.999994 0.212661 2.64616e-07 
0.09855 0.0112074 2.02865e+06 0 0 1.52149e+06 1 -0.266233 0 1.01394 1.01394 507159 0.999992 0.266233 3.30579e-07 
0.1022 0.0112077 2.0286e+06 0 0 1.52145e+06 1 -0.332838 0 1.01393 1.01394 507145 0.99999 0.332838 4.12475e-07 
0.10585 0.011208 2.02855e+06 0 0 1.52142e+06 1 -0.415586 0 1.01393 1.01393 507131 0.999988 0.415586 5.14089e-07 
0.1095 0.0112082 2.0285e+06 0 0 1.52138e+06 1.00001 -0.518323 0 1.01392 1.01393 507117 0.999985 0.518323 6.40103e-07 
0.11315 0.0112085 2.02845e+06 0 0 1.52135e+06 1.00001 -0.645804 0 1.01391 1.01392 507103 0.999981 0.645804 7.96303e-07 
0.1168 0.0112088 2.0284e+06 0 0 1.52131e+06 1.00001 -0.803906 0 1.0139 1.01391 507088 0.999977 0.803906 9.8984e-07 
0.12045 0.011209 2.02835e+06 0 0 1.52128e+06 1.00001 -0.999895 0 1.0139 1.01391 507073 0.999971 0.999895 1.22955e-06 
0.1241 0.0112093 2.0283e+06 0 0 1.52124e+06 1.00001 -1.24275 0 1.01389 1.0139 507057 0.999964 1.24275 1.52636e-06 
0.12775 0.0112095 2.02825e+06 0 0 1.52121e+06 1.00001 -1.54358 0 1.01388 1.0139 507040 0.999955 1.54358 1.89377e-06 
0.1314 0.0112098 2.0282e+06 0 0 1.52118e+06 1.00002 -1.91609 0 1.01386 1.01389 507022 0.999944 1.91609 2.34845e-06 
0.13505 0.01121 2.02815e+06 0 0 1.52115e+06 1.00002 -2.37725 0 1.01385 1.01388 507002 0.999931 2.37725 2.91103e-06 
0.1387 0.0112102 2.0281e+06 0 0 1.52112e+06 1.00003 -2.948 0 1.01384 1.01387 506981 0.999914 2.948 3.60696e-06 
0.14235 0.0112104 2.02805e+06 0 0 1.52109e+06 1.00004 -3.65424 0 1.01382 1.01386 506958 0.999893 3.65424 4.46772e-06 
0.146 0.0112106 2.028e+06 0 0 1.52107e+06 1.00004 -4.52795 0 1.0138 1.01385 506933 0.999868 4.52795 5.5322e-06 
0.14965 0.0112108 2.02795e+06 0 0 1.52105e+06 1.00005 -5.60867 0 1.01377 1.01384 506904 0.999836 5.60867 6.84843e-06 
0.1533 0.0112109 2.0279e+06 0 0 1.52103e+06 1.00007 -6.94526 0 1.01374 1.01383 506872 0.999797 6.94526 8.47578e-06 
0.15695 0.011211 2.02785e+06 0 0 1.52101e+06 1.00008 -8.59804 0 1.01371 1.01382 506835 0.999749 8.59804 1.04876e-05 
0.1606 0.0112111 2.0278e+06 0 0 1.52101e+06 1.0001 -10.6416 0 1.01367 1.0138 506792 0.999689 10.6416 1.29744e-05 
0.16425 0.0112112 2.02775e+06 0 0 1.52101e+06 1.00013 -13.168 0 1.01362 1.01378 506742 0.999615 13.168 1.60481e-05 
0.1679 0.0112111 2.0277e+06 0 0 1.52102e+06 1.00016 -16.2911 0 1.01356 1.01376 506684 0.999524 16.2911 1.98469e-05 
0.17155 0.011211 2.02765e+06 0 0 1.52104e+06 1.0002 -20.1514 0 1.01348 1.01373 506614 0.999411 20.1514 2.45414e-05 
0.1752 0.0112108 2.0276e+06 0 0 1.52107e+06 1.00024 -24.9224 0 1.01339 1.0137 506531 0.999271 24.9224 3.03424e-05 
0.17885 0.0112106 2.02755e+06 0 0 1.52112e+06 1.0003 -30.8186 0 1.01328 1.01366 506431 0.999099 30.8186 3.751e-05 
0.1825 0.0112101 2.0275e+06 0 0 1.52119e+06 1.00037 -38.1044 0 1.01314 1.01361 506310 0.998886 38.1044 4.63652e-05 
0.18615 0.0112095 2.02745e+06 0 0 1.52129e+06 1.00046 -47.1065 0 1.01298 1.01355 506164 0.998622 47.1065 5.73043e-05 
0.1898 0.0112087 2.0274e+06 0 0 1.52141e+06 1.00057 -58.228 0 1.01277 1.01348 505986 0.998296 58.228 7.08159e-05 
0.19345 0.0112077 2.02735e+06 0 0 1.52158e+06 1.0007 -71.9658 0 1.01252 1.0134 505770 0.997894 71.9658 8.75028e-05 
0.1971 0.0112063 2.0273e+06 0 0 1.52179e+06 1.00087 -88.9329 0 1.01221 1.01329 505505 0.997396 88.9329 0.000108107 
0.20075 0.0112045 2.02725e+06 0 0 1.52207e+06 1.00107 -109.884 0 1.01182 1.01317 505181 0.996782 109.884 0.000133545 
0.2044 0.0112023 2.0272e+06 0 0 1.52242e+06 1.00133 -135.749 0 1.01135 1.01301 504784 0.996023 135.749 0.000164941 
0.20805 0.0111995 2.02715e+06 0 0 1.52285e+06 1.00164 -167.67 0 1.01077 1.01282 504297 0.995085 167.67 0.000203681 
0.2117 0.011196 2.0271e+06 0 0 1.5234e+06 1.00202 -207.051 0 1.01005 1.01258 503697 0.993927 207.051 0.000251467 
0.21535 0.0111915 2.02705e+06 0 0 1.52409e+06 1.0025 -255.611 0 1.00917 1.01229 502961 0.992498 255.611 0.000310386 
0.219 0.011186 2.027e+06 0 0 1.52495e+06 1.00309 -315.455 0 1.00808 1.01193 502054 0.990734 315.455 0.000382997 
0.22265 0.0111791 2.02695e+06 0 0 1.52601e+06 1.00381 -389.149 0 1.00673 1.01149 500939 0.988557 389.149 0.000472427 
0.2263 0.0111706 2.0269e+06 0 0 1.52733e+06 1.00471 -479.808 0 1.00508 1.01094 499567 0.985873 479.808 0.000582495 
0.22995 0.01116 2.02685e+06 0 0 1.52897e+06 1.00581 -591.199 0 1.00304 1.01026 497878 0.982565 591.199 0.000717846 
0.2336 0.011147 2.0268e+06 0 0 1.531e+06 1.00717 -727.846 0 1.00052 1.00943 495801 0.978491 727.846 0.000884113 
0.23725 0.0111309 2.02675e+06 0 0 1.5335e+06 1.00884 -895.136 0 0.997433 1.00839 493249 0.973477 895.136 0.0010881 
0.2409 0.0111112 2.0267e+06 0 0 1.53659e+06 1.01089 -1099.41 0 0.993631 1.0071 490114 0.967315 1099.41 0.00133798 
0.24455 0.011087 2.02665e+06 0 0 1.54038e+06 1.01342 -1348.03 0 0.98896 1.00551 486271 0.959753 1348.03 0.00164352 
0.2482 0.0110575 2.0266e+06 0 0 1.54503e+06 1.0165 -1649.35 0 0.983226 1.00353 481566 0.950491 1649.35 0.00201627 
0.25185 0.0110216 2.02655e+06 0 0 1.55073e+06 1.02028 -2012.61 0 0.976198 1.00107 475820 0.939173 2012.61 0.00246979 
0.2555 0.0109781 2.0265e+06 0 0 1.55768e+06 1.02487 -2447.59 0 0.967599 0.998005 468823 0.925385 2447.59 0.00301976 
0.25915 0.0109259 2.02645e+06 0 0 1.56612e+06 1.03045 -2963.98 0 0.957097 0.994193 460334 0.908651 2963.98 0.00368396 
0.2628 0.0108634 2.0264e+06 0 0 1.57632e+06 1.03719 -3570.38 0 0.944304 0.989439 450083 0.888438 3570.38 0.00448216 
0.26645 0.0107894 2.02635e+06 0 0 1.58857e+06 1.04528 -4272.7 0 0.928764 0.983502 437776 0.864166 4272.7 0.00543545 
0.2701 0.0107025 2.0263e+06 0 0 1.60319e+06 1.05492 -5071.87 0 0.909957 0.976076 423108 0.835233 5071.87 0.0065652 
0.27375 0.0106018 2.02625e+06 0 0 1.62047e+06 1.06632 -5960.96 0 0.887296 0.966775 405782 0.801051 5960.96 0.00789107 
0.2774 0.0104867 2.0262e+06 0 0 1.64066e+06 1.07963 -6921.57 0 0.860138 0.955105 385540 0.76111 6921.57 0.0094278 
0.28105 0.0103573 2.02615e+06 0 0 1.66395e+06 1.09498 -7920.23 0 0.827808 0.940442 362203 0.715056 7920.23 0.0111802 
0.2847 0.0102145 2.0261e+06 0 0 1.69038e+06 1.1124 -8905.38 0 0.78964 0.921999 335724 0.662798 8905.38 0.013136 
0.28835 0.0100605 2.02605e+06 0 0 1.7198e+06 1.13179 -9806.45 0 0.745045 0.898794 306249 0.604623 9806.45 0.0152557 
0.292 0.00989855 2.026e+06 0 0 1.75183e+06 1.1529 -10536.6 0 0.693614 0.869628 274173 0.541308 10536.6 0.0174604 
0.29565 0.00973287 2.02595e+06 0 0 1.78577e+06 1.17527 -11000.9 0 0.635266 0.833094 240177 0.474202 11000.9 0.0196179 
0.2993 0.00956864 2.0259e+06 0 0 1.82066e+06 1.19826 -11111 0 0.57043 0.787665 205239 0.405231 11111 0.0215335 
0.30295 0.00941141 2.02585e+06 0 0 1.85527e+06 1.22107 -10805.4 0 0.500243 0.731914 170579 0.336804 10805.4 0.0229526 
0.3066 0.00926649 2.0258e+06 0 0 1.88826e+06 1.24281 -10071.5 0 0.426703 0.664968 137540 0.271577 10071.5 0.0235908 
0.31025 0.00913828 2.02575e+06 0 0 1.91834e+06 1.26264 -8961.38 0 0.352668 0.587186 107411 0.212092 8961.38 0.0232023 
0.3139 0.00902969 2.0257e+06 0 0 1.94449e+06 1.27988 -7591.9 0 0.281585 0.500908 81214.3 0.160368 7591.9 0.0216802 
0.31755 0.00894174 2.02565e+06 0 0 1.96612e+06 1.29415 -6121.76 0 0.21691 0.410768 59530.4 0.117553 6121.76 0.0191454 
0.3212 0.00887357 2.0256e+06 0 0 1.98317e+06 1.30541 -4710.32 0 0.161343 0.32301 42427.8 0.0837833 4710.32 0.0159516 
0.32485 0.00882282 2.02555e+06 0 0 1.99602e+06 1.3139 -3476.62 0 0.116248 0.243786 29525.2 0.0583055 3476.62 0.0125736 
0.3285 0.00878636 2.0255e+06 0 0 2.00534e+06 1.32006 -2478.92 0 0.0815205 0.177321 20157.2 0.0398069 2478.92 0.00943802 
0.33215 0.00876092 2.02545e+06 0 0 2.01189e+06 1.3244 -1720.5 0 0.0559484 0.125073 13563.3 0.0267857 1720.5 0.00680613 
0.3358 0.00874358 2.0254e+06 0 0 2.01637e+06 1.32739 -1170.45 0 0.0377792 0.0861336 9030.74 0.017835 1170.45 0.00475905 
0.33945 0.00873196 2.02535e+06 0 0 2.01938e+06 1.3294 -785.004 0 0.0252138 0.0582798 5968.76 0.0117881 785.004 0.00325337 
0.3431 0.0087243 2.0253e+06 0 0 2.02137e+06 1.33075 -521.396 0 0.0166929 0.0389472 3925.65 0.00775322 521.396 0.00218915 
0.34675 0.00871931 2.02525e+06 0 0 2.02268e+06 1.33164 -344.181 0 0.0109956 0.0258165 2574.47 0.00508474 344.181 0.00145772 
0.3504 0.00871612 2.0252e+06 0 0 2.02351e+06 1.33222 -226.568 0 0.00722765 0.017041 1687.36 0.00333273 226.568 0.000965104 
0.35405 0.00871412 2.02515e+06 0 0 2.02404e+06 1.3326 -149.484 0 0.00476355 0.0112625 1110.03 0.00219249 149.484 0.000639107 
0.3577 0.00871293 2.0251e+06 0 0 2.02436e+06 1.33285 -100.007 0 0.00318404 0.00754195 741.122 0.00146387 100.007 0.000428537 
0.36135 0.00871231 2.02505e+06 0 0 2.02453e+06 1.33299 -69.9731 0 0.00222593 0.00527882 517.796 0.00102278 69.9731 0.000300199 
0.365 0.00871215 2.025e+06 0 0 2.02459e+06 1.33306 -55.1353 0 0.00175274 0.00415941 407.63 0.000805196 55.1353 0.000236651 


0 0.0112 2.03e+06 0 0 1.5225e+06 1 0 0 1.01407 1.01407 507500 1 0 1.09796e-12 
0.00365 0.0112003 2.02995e+06 0 0 1.52246e+06 1 -4.36039e-05 0 1.01407 1.01407 507487 1 4.36077e-05 6.08955e-11 
0.0073 0.0112006 2.0299e+06 0 0 1.52242e+06 1 -0.000107926 0 1.01406 1.01406 507475 1 0.000107928 1.48452e-10 
0.01095 0.0112008 2.02985e+06 0 0 1.52239e+06 1 -0.000199874 0 1.01406 1.01406 507462 1 0.000199876 2.72751e-10 
0.0146 0.0112011 2.0298e+06 0 0 1.52235e+06 1 -0.000328309 0 1.01406 1.01406 507450 1 0.000328312 4.45225e-10 
0.01825 0.0112014 2.02975e+06 0 0 1.52231e+06 1 -0.000504527 0 1.01405 1.01405 507437 1 0.000504528 6.80364e-10 
0.0219 0.0112017 2.0297e+06 0 0 1.52227e+06 1 -0.00074286 0 1.01405 1.01405 507425 1 0.000742861 9.96467e-10 
0.02555 0.0112019 2.02965e+06 0 0 1.52224e+06 1 -0.00106146 0 1.01404 1.01404 507412 1 0.00106146 1.41657e-09 
0.0292 0.0112022 2.0296e+06 0 0 1.5222e+06 1 -0.00148323 0 1.01404 1.01404 507400 1 0.00148323 1.9696e-09 
0.03285 0.0112025 2.02955e+06 0 0 1.52216e+06 1 -0.00203697 0 1.01403 1.01403 507387 1 0.00203698 2.69182e-09 
0.0365 0.0112028 2.0295e+06 0 0 1.52213e+06 1 -0.00275887 0 1.01403 1.01403 507375 1 0.00275887 3.62854e-09 
0.04015 0.011203 2.02945e+06 0 0 1.52209e+06 1 -0.00369425 0 1.01402 1.01402 507362 1 0.00369425 4.83639e-09 
0.0438 0.0112033 2.0294e+06 0 0 1.52205e+06 1 -0.00489978 0 1.01402 1.01402 507350 1 0.00489978 6.38593e-09 
0.04745 0.0112036 2.02935e+06 0 0 1.52201e+06 1 -0.00644626 0 1.01401 1.01401 507337 1 0.00644626 8.36505e-09 
0.0511 0.0112039 2.0293e+06 0 0 1.52198e+06 1 -0.00842196 0 1.01401 1.01401 507325 1 0.00842196 1.08831e-08 
0.05475 0.0112041 2.02925e+06 0 0 1.52194e+06 1 -0.0109368 0 1.014 1.014 507312 1 0.0109368 1.40758e-08 
0.0584 0.0112044 2.0292e+06 0 0 1.5219e+06 1 -0.0141277 0 1.014 1.014 507300 1 0.0141277 1.81121e-08 
0.06205 0.0112047 2.02915e+06 0 0 1.52186e+06 1 -0.0181645 0 1.01399 1.01399 507287 0.999999 0.0181645 2.3201e-08 
0.0657 0.011205 2.0291e+06 0 0 1.52183e+06 1 -0.0232586 0 1.01399 1.01399 507275 0.999999 0.0232586 2.96023e-08 
0.06935 0.0112052 2.02905e+06 0 0 1.52179e+06 1 -0.029672 0 1.01398 1.01398 507262 0.999999 0.029672 3.76376e-08 
0.073 0.0112055 2.029e+06 0 0 1.52175e+06 1 -0.0377301 0 1.01398 1.01398 507249 0.999999 0.0377301 4.77054e-08 
0.07665 0.0112058 2.02895e+06 0 0 1.52171e+06 1 -0.0478359 0 1.01397 1.01397 507237 0.999999 0.0478359 6.02993e-08 
0.0803 0.0112061 2.0289e+06 0 0 1.52168e+06 1 -0.0604889 0 1.01397 1.01397 507224 0.999998 0.0604889 7.60302e-08 
0.08395 0.0112063 2.02885e+06 0 0 1.52164e+06 1 -0.0763081 0 1.01396 1.01396 507211 0.999998 0.0763081 9.56542e-08 
0.0876 0.0112066 2.0288e+06 0 0 1.5216e+06 1 -0.0960596 0 1.01396 1.01396 507199 0.999997 0.0960597 1.20107e-07 
0.09125 0.0112069 2.02875e+06 0 0 1.52156e+06 1 -0.120692 0 1.01395 1.01395 507186 0.999997 0.120692 1.50545e-07 
0.0949 0.0112072 2.0287e+06 0 0 1.52153e+06 1 -0.151379 0 1.01395 1.01395 507173 0.999996 0.151379 1.88401e-07 
0.09855 0.0112074 2.02865e+06 0 0 1.52149e+06 1 -0.189572 0 1.01394 1.01394 507160 0.999995 0.189572 2.35444e-07 
0.1022 0.0112077 2.0286e+06 0 0 1.52145e+06 1 -0.237069 0 1.01393 1.01394 507146 0.999993 0.237069 2.93862e-07 
0.10585 0.011208 2.02855e+06 0 0 1.52142e+06 1 -0.296091 0 1.01393 1.01393 507133 0.999991 0.296091 3.66361e-07 
0.1095 0.0112082 2.0285e+06 0 0 1.52138e+06 1 -0.369384 0 1.01392 1.01393 507120 0.999989 0.369384 4.56287e-07 
0.11315 0.0112085 2.02845e+06 0 0 1.52134e+06 1 -0.460347 0 1.01392 1.01392 507106 0.999987 0.460347 5.67773e-07 
0.1168 0.0112088 2.0284e+06 0 0 1.52131e+06 1.00001 -0.573179 0 1.01391 1.01392 507092 0.999983 0.573179 7.05929e-07 
0.12045 0.011209 2.02835e+06 0 0 1.52127e+06 1.00001 -0.713072 0 1.0139 1.01391 507077 0.999979 0.713072 8.77073e-07 
0.1241 0.0112093 2.0283e+06 0 0 1.52124e+06 1.00001 -0.886443 0 1.01389 1.0139 507062 0.999974 0.886443 1.08901e-06 
0.12775 0.0112096 2.02825e+06 0 0 1.5212e+06 1.00001 -1.10122 0 1.01388 1.0139 507046 0.999968 1.10122 1.35139e-06 
0.1314 0.0112098 2.0282e+06 0 0 1.52117e+06 1.00001 -1.36722 0 1.01387 1.01389 507030 0.99996 1.36722 1.67613e-06 
0.13505 0.0112101 2.02815e+06 0 0 1.52114e+06 1.00002 -1.69655 0 1.01386 1.01388 507012 0.999951 1.69655 2.07796e-06 
0.1387 0.0112103 2.0281e+06 0 0 1.52111e+06 1.00002 -2.10418 0 1.01385 1.01388 506994 0.999939 2.10418 2.57509e-06 
0.14235 0.0112105 2.02805e+06 0 0 1.52108e+06 1.00003 -2.60862 0 1.01384 1.01387 506974 0.999924 2.60862 3.19003e-06 
0.146 0.0112107 2.028e+06 0 0 1.52105e+06 1.00003 -3.23275 0 1.01382 1.01386 506952 0.999906 3.23275 3.95055e-06 
0.14965 0.0112109 2.02795e+06 0 0 1.52102e+06 1.00004 -4.0048 0 1.0138 1.01385 506928 0.999883 4.0048 4.89101e-06 
0.1533 0.0112111 2.0279e+06 0 0 1.521e+06 1.00005 -4.95971 0 1.01378 1.01384 506902 0.999855 4.95971 6.05385e-06 
0.15695 0.0112113 2.02785e+06 0 0 1.52098e+06 1.00006 -6.1406 0 1.01375 1.01383 506872 0.999821 6.1406 7.4915e-06 
0.1606 0.0112114 2.0278e+06 0 0 1.52096e+06 1.00007 -7.6008 0 1.01372 1.01382 506837 0.999778 7.6008 9.26872e-06 
0.16425 0.0112115 2.02775e+06 0 0 1.52095e+06 1.00009 -9.40614 0 1.01369 1.0138 506798 0.999725 9.40614 1.14655e-05 
0.1679 0.0112116 2.0277e+06 0 0 1.52095e+06 1.00011 -11.638 0 1.01364 1.01378 506753 0.99966 11.638 1.41808e-05 
0.17155 0.0112116 2.02765e+06 0 0 1.52095e+06 1.00014 -14.3969 0 1.01359 1.01376 506699 0.999579 14.3969 1.75366e-05 
0.1752 0.0112115 2.0276e+06 0 0 1.52096e+06 1.00017 -17.8069 0 1.01352 1.01374 506636 0.999479 17.8069 2.16836e-05 
0.17885 0.0112114 2.02755e+06 0 0 1.52099e+06 1.00021 -22.0215 0 1.01344 1.01371 506561 0.999356 22.0215 2.68082e-05 
0.1825 0.0112112 2.0275e+06 0 0 1.52103e+06 1.00027 -27.2299 0 1.01334 1.01367 506471 0.999204 27.2299 3.31402e-05 
0.18615 0.0112108 2.02745e+06 0 0 1.52109e+06 1.00033 -33.6661 0 1.01322 1.01363 506363 0.999015 33.6661 4.09633e-05 
0.1898 0.0112103 2.0274e+06 0 0 1.52117e+06 1.00041 -41.6185 0 1.01307 1.01358 506233 0.998782 41.6185 5.06278e-05 
0.19345 0.0112097 2.02735e+06 0 0 1.52128e+06 1.0005 -51.4436 0 1.01289 1.01352 506074 0.998495 51.4436 6.25657e-05 
0.1971 0.0112088 2.0273e+06 0 0 1.52142e+06 1.00062 -63.5807 0 1.01266 1.01344 505882 0.998139 63.5807 7.73101e-05 
0.20075 0.0112076 2.02725e+06 0 0 1.5216e+06 1.00077 -78.5718 0 1.01239 1.01335 505647 0.9977 78.5718 9.55179e-05 
0.2044 0.0112061 2.0272e+06 0 0 1.52184e+06 1.00095 -97.085 0 1.01205 1.01324 505359 0.997157 97.085 0.000117999 
0.20805 0.0112041 2.02715e+06 0 0 1.52214e+06 1.00117 -119.943 0 1.01163 1.0131 505007 0.996486 119.943 0.00014575 
0.2117 0.0112017 2.0271e+06 0 0 1.52253e+06 1.00145 -148.158 0 1.01112 1.01293 504574 0.995658 148.158 0.000179997 
0.21535 0.0111986 2.02705e+06 0 0 1.52301e+06 1.00179 -182.974 0 1.01048 1.01272 504044 0.994635 182.974 0.00022225 
0.219 0.0111947 2.027e+06 0 0 1.52361e+06 1.00221 -225.918 0 1.0097 1.01246 503391 0.993372 225.918 0.000274359 
0.22265 0.0111898 2.02695e+06 0 0 1.52436e+06 1.00273 -278.86 0 1.00874 1.01214 502588 0.991812 278.86 0.000338597 
0.2263 0.0111838 2.0269e+06 0 0 1.5253e+06 1.00337 -344.084 0 1.00755 1.01175 501601 0.989888 344.084 0.000417743 
0.22995 0.0111762 2.02685e+06 0 0 1.52646e+06 1.00416 -424.372 0 1.00608 1.01127 500386 0.987515 424.372 0.000515197 
0.2336 0.0111669 2.0268e+06 0 0 1.52791e+06 1.00514 -523.096 0 1.00428 1.01067 498891 0.984588 523.096 0.000635098 
0.23725 0.0111554 2.02675e+06 0 0 1.5297e+06 1.00634 -644.321 0 1.00205 1.00993 497051 0.980982 644.321 0.00078248 
0.2409 0.0111412 2.0267e+06 0 0 1.53191e+06 1.00782 -792.917 0 0.999316 1.00902 494790 0.976543 792.917 0.000963436 
0.24455 0.0111237 2.02665e+06 0 0 1.53464e+06 1.00964 -974.654 0 0.995948 1.00788 492011 0.971082 974.654 0.00118531 
0.2482 0.0111022 2.0266e+06 0 0 1.538e+06 1.01187 -1196.29 0 0.991808 1.00648 488601 0.964375 1196.29 0.00145691 
0.25185 0.0110759 2.02655e+06 0 0 1.54213e+06 1.01462 -1465.6 0 0.986723 1.00473 484422 0.95615 1465.6 0.00178871 
0.2555 0.0110439 2.0265e+06 0 0 1.54719e+06 1.01797 -1791.34 0 0.980485 1.00257 479310 0.946085 1791.34 0.00219308 
0.25915 0.011005 2.02645e+06 0 0 1.55337e+06 1.02207 -2183.01 0 0.972845 0.999874 473075 0.933801 2183.01 0.00268443 
0.2628 0.0109581 2.0264e+06 0 0 1.56091e+06 1.02705 -2650.46 0 0.963503 0.996523 465493 0.918857 2650.46 0.00327932 
0.26645 0.0109018 2.02635e+06 0 0 1.57004e+06 1.03308 -3203.08 0 0.952105 0.992347 456310 0.900753 3203.08 0.00399641 
0.2701 0.0108347 2.0263e+06 0 0 1.58105e+06 1.04035 -3848.59 0 0.938235 0.987136 445247 0.878936 3848.59 0.00485608 
0.27375 0.0107555 2.02625e+06 0 0 1.59425e+06 1.04906 -4591.16 0 0.921413 0.980626 432002 0.852812 4591.16 0.00587973 
0.2774 0.010663 2.0262e+06 0 0 1.60993e+06 1.05941 -5428.85 0 0.901088 0.972478 416272 0.821779 5428.85 0.00708832 
0.28105 0.0105564 2.02615e+06 0 0 1.62838e+06 1.07158 -6350.46 0 0.876649 0.962264 397770 0.785273 6350.46 0.00849996 
0.2847 0.0104353 2.0261e+06 0 0 1.64983e+06 1.08572 -7331.8 0 0.847437 0.949442 376265 0.742837 7331.8 0.010126 
0.28835 0.0103002 2.02605e+06 0 0 1.67442e+06 1.10193 -8332.19 0 0.812773 0.933323 351627 0.694213 8332.19 0.0119652 
0.292 0.0101525 2.026e+06 0 0 1.70212e+06 1.12018 -9292.17 0 0.772014 0.913044 323882 0.63945 9292.17 0.0139954 
0.29565 0.00999476 2.02595e+06 0 0 1.73268e+06 1.14032 -10133.8 0 0.724629 0.887534 293270 0.579027 10133.8 0.0161626 
0.2993 0.00983066 2.0259e+06 0 0 1.7656e+06 1.16202 -10765.7 0 0.670326 0.855504 260302 0.513948 10765.7 0.0183672 
0.30295 0.00966491 2.02585e+06 0 0 1.80007e+06 1.18473 -11093.3 0 0.60921 0.815482 225785 0.445807 11093.3 0.020452 
0.3066 0.00950289 2.0258e+06 0 0 1.835e+06 1.20775 -11036.8 0 0.54198 0.765943 190804 0.376749 11036.8 0.022196 
0.31025 0.00935013 2.02575e+06 0 0 1.8691e+06 1.23023 -10552.4 0 0.470115 0.70562 156651 0.309319 10552.4 0.0233267 
0.3139 0.00921165 2.0257e+06 0 0 1.90103e+06 1.25127 -9652.86 0 0.395982 0.634056 124670 0.246176 9652.86 0.0235649 
0.31755 0.00909129 2.02565e+06 0 0 1.92958e+06 1.2701 -8418.31 0 0.322733 0.552349 96064.7 0.189697 8418.31 0.0227094 
0.3212 0.00899122 2.0256e+06 0 0 1.95391e+06 1.28614 -6986.99 0 0.253906 0.463795 71691.9 0.141572 6986.99 0.0207398 
0.32485 0.00891164 2.02555e+06 0 0 1.97363e+06 1.29916 -5523.37 0 0.192735 0.373844 51921.7 0.102534 5523.37 0.0178794 
0.3285 0.008851 2.0255e+06 0 0 1.98888e+06 1.30923 -4174.31 0 0.141418 0.288943 36621.6 0.0723212 4174.31 0.0145511 
0.33215 0.00880656 2.02545e+06 0 0 2.00018e+06 1.3167 -3034.62 0 0.100695 0.214635 25269.8 0.0499047 3034.62 0.0112295 
0.3358 0.00877504 2.0254e+06 0 0 2.00826e+06 1.32205 -2137.94 0 0.0699427 0.154027 17140.4 0.0338509 2137.94 0.00828164 
0.33945 0.00875327 2.02535e+06 0 0 2.01387e+06 1.32578 -1470.61 0 0.0476561 0.107494 11479.2 0.0226711 1470.61 0.00589067 
0.3431 0.00873855 2.0253e+06 0 0 2.01768e+06 1.32832 -994.233 0 0.032016 0.0734552 7619.17 0.015048 994.233 0.00407789 
0.34675 0.00872876 2.02525e+06 0 0 2.02022e+06 1.33002 -664.33 0 0.0213027 0.0494533 5027.86 0.00993034 664.33 0.00276947 
0.3504 0.00872236 2.0252e+06 0 0 2.02189e+06 1.33115 -440.936 0 0.0140987 0.0329915 3309.21 0.00653607 440.936 0.00185835 
0.35405 0.00871825 2.02515e+06 0 0 2.02297e+06 1.3319 -292.557 0 0.00933475 0.021961 2183.16 0.0043121 292.557 0.0012418 
0.3577 0.00871571 2.0251e+06 0 0 2.02364e+06 1.33237 -196.494 0 0.00625863 0.0147768 1460.51 0.00288481 196.494 0.000837704 
0.36135 0.00871429 2.02505e+06 0 0 2.02403e+06 1.33266 -137.871 0 0.00438411 0.0103753 1021.86 0.00201844 137.871 0.000589161 
0.365 0.00871377 2.025e+06 0 0 2.02419e+06 1.3328 -108.826 0 0.00345597 0.00818944 805.165 0.00159045 108.826 0.000465463 


0 0.0112 2.03e+06 0 0 1.5225e+06 1 0 0 1.01407 1.01407 507500 1 0 6.6976e-13 
0.00365 0.0112003 2.02995e+06 0 0 1.52246e+06 1 -3.07255e-05 0 1.01407 1.01407 507487 1 3.07276e-05 4.26427e-11 
0.0073 0.0112006 2.0299e+06 0 0 1.52242e+06 1 -7.60627e-05 0 1.01406 1.01406 507475 1 7.60651e-05 1.04162e-10 
0.01095 0.0112008 2.02985e+06 0 0 1.52239e+06 1 -0.000140905 0 1.01406 1.01406 507462 1 0.000140907 1.91581e-10 
0.0146 0.0112011 2.0298e+06 0 0 1.52235e+06 1 -0.000231522 0 1.01406 1.01406 507450 1 0.000231522 3.12994e-10 
0.01825 0.0112014 2.02975e+06 0 0 1.52231e+06 1 -0.00035591 0 1.01405 1.01405 507437 1 0.000355913 4.78669e-10 
0.0219 0.0112017 2.0297e+06 0 0 1.52227e+06 1 -0.000524246 0 1.01405 1.01405 507425 1 0.000524247 7.01582e-10 
0.02555 0.0112019 2.02965e+06 0 0 1.52224e+06 1 -0.000749399 0 1.01404 1.01404 507412 1 0.000749401 9.98086e-10 
0.0292 0.0112022 2.0296e+06 0 0 1.5222e+06 1 -0.00104763 0 1.01404 1.01404 507400 1 0.00104763 1.38873e-09 
0.03285 0.0112025 2.02955e+06 0 0 1.52216e+06 1 -0.00143941 0 1.01403 1.01403 507387 1 0.00143941 1.89927e-09 
0.0365 0.0112028 2.0295e+06 0 0 1.52212e+06 1 -0.00195044 0 1.01403 1.01403 507375 1 0.00195045 2.56195e-09 
0.04015 0.011203 2.02945e+06 0 0 1.52209e+06 1 -0.00261297 0 1.01402 1.01402 507362 1 0.00261297 3.41704e-09 
0.0438 0.0112033 2.0294e+06 0 0 1.52205e+06 1 -0.00346731 0 1.01402 1.01402 507350 1 0.00346731 4.5148e-09 
0.04745 0.0112036 2.02935e+06 0 0 1.52201e+06 1 -0.00456387 0 1.01401 1.01401 507337 1 0.00456387 5.9178e-09 
0.0511 0.0112039 2.0293e+06 0 0 1.52198e+06 1 -0.00596549 0 1.01401 1.01401 507325 1 0.0059655 7.70394e-09 
0.05475 0.0112041 2.02925e+06 0 0 1.52194e+06 1 -0.00775052 0 1.014 1.014 507312 1 0.00775052 9.97005e-09 
0.0584 0.0112044 2.0292e+06 0 0 1.5219e+06 1 -0.0100164 0 1.014 1.014 507300 1 0.0100164 1.28364e-08 
0.06205 0.0112047 2.02915e+06 0 0 1.52186e+06 1 -0.0128844 0 1.01399 1.01399 507287 1 0.0128844 1.64523e-08 
0.0657 0.011205 2.0291e+06 0 0 1.52183e+06 1 -0.0165051 0 1.01399 1.01399 507275 1 0.0165051 2.10028e-08 
0.06935 0.0112052 2.02905e+06 0 0 1.52179e+06 1 -0.0210655 0 1.01398 1.01398 507262 0.999999 0.0210655 2.67176e-08 
0.073 0.0112055 2.029e+06 0 0 1.52175e+06 1 -0.0267976 0 1.01398 1.01398 507250 0.999999 0.0267976 3.3881e-08 
0.07665 0.0112058 2.02895e+06 0 0 1.52171e+06 1 -0.0339891 0 1.01397 1.01397 507237 0.999999 0.0339891 4.28453e-08 
0.0803 0.0112061 2.0289e+06 0 0 1.52168e+06 1 -0.0429964 0 1.01397 1.01397 507224 0.999999 0.0429964 5.40467e-08 
0.08395 0.0112063 2.02885e+06 0 0 1.52164e+06 1 -0.0542614 0 1.01396 1.01396 507212 0.999998 0.0542614 6.80252e-08 
0.0876 0.0112066 2.0288e+06 0 0 1.5216e+06 1 -0.068331 0 1.01396 1.01396 507199 0.999998 0.068331 8.54488e-08 
0.09125 0.0112069 2.02875e+06 0 0 1.52156e+06 1 -0.0858825 0 1.01395 1.01395 507186 0.999998 0.0858826 1.07144e-07 
0.0949 0.0112072 2.0287e+06 0 0 1.52153e+06 1 -0.107754 0 1.01395 1.01395 507173 0.999997 0.107754 1.34133e-07 
0.09855 0.0112074 2.02865e+06 0 0 1.52149e+06 1 -0.134983 0 1.01394 1.01394 507160 0.999996 0.134983 1.67681e-07 
0.1022 0.0112077 2.0286e+06 0 0 1.52145e+06 1 -0.168852 0 1.01394 1.01394 507147 0.999995 0.168852 2.0935e-07 
0.10585 0.011208 2.02855e+06 0 0 1.52142e+06 1 -0.210949 0 1.01393 1.01393 507134 0.999994 0.210949 2.61074e-07 
0.1095 0.0112083 2.0285e+06 0 0 1.52138e+06 1 -0.263235 0 1.01392 1.01393 507121 0.999992 0.263235 3.25244e-07 
0.11315 0.0112085 2.02845e+06 0 0 1.52134e+06 1 -0.328139 0 1.01392 1.01392 507108 0.99999 0.328139 4.04812e-07 
0.1168 0.0112088 2.0284e+06 0 0 1.52131e+06 1 -0.40866 0 1.01391 1.01392 507094 0.999988 0.40866 5.03431e-07 
0.12045 0.0112091 2.02835e+06 0 0 1.52127e+06 1 -0.508508 0 1.0139 1.01391 507080 0.999985 0.508508 6.25614e-07 
0.1241 0.0112093 2.0283e+06 0 0 1.52123e+06 1.00001 -0.63227 0 1.0139 1.01391 507066 0.999982 0.63227 7.76941e-07 
0.12775 0.0112096 2.02825e+06 0 0 1.5212e+06 1.00001 -0.785612 0 1.01389 1.0139 507051 0.999977 0.785612 9.64305e-07 
0.1314 0.0112098 2.0282e+06 0 0 1.52116e+06 1.00001 -0.975542 0 1.01388 1.01389 507036 0.999972 0.975542 1.19623e-06 
0.13505 0.0112101 2.02815e+06 0 0 1.52113e+06 1.00001 -1.21072 0 1.01387 1.01389 507020 0.999965 1.21072 1.48324e-06 
0.1387 0.0112103 2.0281e+06 0 0 1.5211e+06 1.00001 -1.50184 0 1.01386 1.01388 507003 0.999956 1.50184 1.83835e-06 
0.14235 0.0112106 2.02805e+06 0 0 1.52106e+06 1.00002 -1.86214 0 1.01385 1.01387 506985 0.999946 1.86214 2.27764e-06 
0.146 0.0112108 2.028e+06 0 0 1.52103e+06 1.00002 -2.30795 0 1.01384 1.01387 506966 0.999933 2.30795 2.82098e-06 
0.14965 0.011211 2.02795e+06 0 0 1.521e+06 1.00003 -2.85948 0 1.01382 1.01386 506945 0.999917 2.85948 3.49292e-06 
0.1533 0.0112113 2.0279e+06 0 0 1.52098e+06 1.00003 -3.54168 0 1.01381 1.01385 506923 0.999897 3.54168 4.3238e-06 
0.15695 0.0112115 2.02785e+06 0 0 1.52095e+06 1.00004 -4.38538 0 1.01379 1.01384 506898 0.999872 4.38538 5.3511e-06 
0.1606 0.0112116 2.0278e+06 0 0 1.52093e+06 1.00005 -5.42869 0 1.01376 1.01383 506870 0.999841 5.42869 6.62114e-06 
0.16425 0.0112118 2.02775e+06 0 0 1.52091e+06 1.00007 -6.7187 0 1.01373 1.01382 506838 0.999804 6.7187 8.19112e-06 
0.1679 0.0112119 2.0277e+06 0 0 1.5209e+06 1.00008 -8.31357 0 1.0137 1.0138 506802 0.999757 8.31357 1.01317e-05 
0.17155 0.011212 2.02765e+06 0 0 1.52089e+06 1.0001 -10.2852 0 1.01366 1.01379 506760 0.999699 10.2852 1.25303e-05 
0.1752 0.011212 2.0276e+06 0 0 1.52089e+06 1.00012 -12.7223 0 1.01361 1.01377 506711 0.999628 12.7223 1.54947e-05 
0.17885 0.011212 2.02755e+06 0 0 1.5209e+06 1.00015 -15.7345 0 1.01355 1.01374 506654 0.99954 15.7345 1.91581e-05 
0.1825 0.0112119 2.0275e+06 0 0 1.52091e+06 1.00019 -19.4574 0 1.01348 1.01372 506587 0.999431 19.4574 2.3685e-05 
0.18615 0.0112118 2.02745e+06 0 0 1.52094e+06 1.00023 -24.0583 0 1.01339 1.01369 506506 0.999296 24.0583 2.92786e-05 
0.1898 0.0112115 2.0274e+06 0 0 1.52099e+06 1.00029 -29.7437 0 1.01328 1.01365 506409 0.99913 29.7437 3.61897e-05 
0.19345 0.0112111 2.02735e+06 0 0 1.52106e+06 1.00036 -36.7686 0 1.01315 1.0136 506292 0.998924 36.7686 4.47278e-05 
0.1971 0.0112105 2.0273e+06 0 0 1.52115e+06 1.00044 -45.4481 0 1.01299 1.01355 506151 0.99867 45.4481 5.52749e-05 
0.20075 0.0112098 2.02725e+06 0 0 1.52127e+06 1.00055 -56.1705 0 1.01279 1.01348 505979 0.998356 56.1705 6.83024e-05 
0.2044 0.0112087 2.0272e+06 0 0 1.52143e+06 1.00068 -69.4152 0 1.01255 1.0134 505770 0.997968 69.4152 8.43912e-05 
0.20805 0.0112074 2.02715e+06 0 0 1.52164e+06 1.00084 -85.7729 0 1.01225 1.0133 505514 0.997488 85.7729 0.000104258 
0.2117 0.0112058 2.0271e+06 0 0 1.5219e+06 1.00103 -105.972 0 1.01188 1.01318 505202 0.996896 105.972 0.000128784 
0.21535 0.0112036 2.02705e+06 0 0 1.52223e+06 1.00128 -130.908 0 1.01142 1.01302 504818 0.996164 130.908 0.000159057 
0.219 0.0112009 2.027e+06 0 0 1.52265e+06 1.00158 -161.685 0 1.01086 1.01284 504348 0.99526 161.685 0.000196413 
0.22265 0.0111975 2.02695e+06 0 0 1.52318e+06 1.00195 -199.655 0 1.01017 1.01261 503770 0.994144 199.655 0.000242493 
0.2263 0.0111932 2.0269e+06 0 0 1.52384e+06 1.00241 -246.48 0 1.00932 1.01233 503059 0.992766 246.48 0.000299313 
0.22995 0.0111879 2.02685e+06 0 0 1.52466e+06 1.00298 -304.192 0 1.00827 1.01198 502185 0.991065 304.192 0.000369342 
0.2336 0.0111813 2.0268e+06 0 0 1.52569e+06 1.00368 -375.269 0 1.00697 1.01156 501109 0.988966 375.269 0.000455603 
0.23725 0.0111731 2.02675e+06 0 0 1.52696e+06 1.00454 -462.724 0 1.00537 1.01103 499785 0.986378 462.724 0.000561784 
0.2409 0.0111629 2.0267e+06 0 0 1.52854e+06 1.0056 -570.203 0 1.00341 1.01038 498156 0.983187 570.203 0.000692375 
0.24455 0.0111503 2.02665e+06 0 0 1.5305e+06 1.00691 -702.092 0 1.00098 1.00957 496153 0.979258 702.092 0.000852826 
0.2482 0.0111348 2.0266e+06 0 0 1.53291e+06 1.00853 -863.618 0 0.998 1.00857 493690 0.974421 863.618 0.00104972 
0.25185 0.0111157 2.02655e+06 0 0 1.53588e+06 1.01051 -1060.95 0 0.994332 1.00733 490666 0.968475 1060.95 0.00129099 
0.2555 0.0110924 2.0265e+06 0 0 1.53954e+06 1.01294 -1301.27 0 0.989824 1.00579 486956 0.961177 1301.27 0.00158609 
0.25915 0.0110639 2.02645e+06 0 0 1.54404e+06 1.01592 -1592.77 0 0.98429 1.00389 482414 0.952234 1592.77 0.00194627 
0.2628 0.0110292 2.0264e+06 0 0 1.54954e+06 1.01957 -1944.55 0 0.977505 1.00152 476863 0.941302 1944.55 0.00238471 
0.26645 0.0109871 2.02635e+06 0 0 1.55625e+06 1.02401 -2366.32 0 0.969201 0.998569 470101 0.927976 2366.32 0.00291671 
0.2701 0.0109365 2.0263e+06 0 0 1.56441e+06 1.0294 -2867.86 0 0.959056 0.9949 461890 0.911791 2867.86 0.00355972 
0.27375 0.0108759 2.02625e+06 0 0 1.57428e+06 1.03593 -3458.05 0 0.946691 0.990325 451967 0.892223 3458.05 0.00433317 
0.2774 0.010804 2.0262e+06 0 0 1.58616e+06 1.04377 -4143.4 0 0.931664 0.984613 440040 0.8687 4143.4 0.00525798 
0.28105 0.0107194 2.02615e+06 0 0 1.60034e+06 1.05313 -4925.92 0 0.913464 0.977472 425805 0.84062 4925.92 0.0063556 
0.2847 0.0106212 2.0261e+06 0 0 1.61714e+06 1.0642 -5800.27 0 0.891517 0.968528 408963 0.80739 5800.27 0.00764617 
0.28835 0.0105086 2.02605e+06 0 0 1.6368e+06 1.07717 -6750.32 0 0.865188 0.95731 389245 0.768481 6750.32 0.00914556 
0.292 0.0103816 2.026e+06 0 0 1.65954e+06 1.09216 -7745.46 0 0.833805 0.943218 366456 0.723506 7745.46 0.0108608 
0.29565 0.010241 2.02595e+06 0 0 1.68543e+06 1.10923 -8737.44 0 0.796697 0.925497 340521 0.672318 8737.44 0.0127831 
0.2993 0.0100888 2.0259e+06 0 0 1.71435e+06 1.12829 -9658.91 0 0.753255 0.903199 311549 0.615132 9658.91 0.0148787 
0.30295 0.00992788 2.02585e+06 0 0 1.74596e+06 1.14912 -10425.4 0 0.703029 0.875163 279887 0.55263 10425.4 0.0170764 
0.3066 0.00976247 2.0258e+06 0 0 1.77963e+06 1.17131 -10942.6 0 0.64587 0.840018 246165 0.486061 10942.6 0.0192542 
0.31025 0.00959758 2.02575e+06 0 0 1.81444e+06 1.19425 -11119.8 0 0.582103 0.796243 211312 0.417253 11119.8 0.0212284 
0.3139 0.00943873 2.0257e+06 0 0 1.84919e+06 1.21715 -10889 0 0.51273 0.742372 176512 0.348544 10889 0.0227538 
0.31755 0.0092913 2.02565e+06 0 0 1.88255e+06 1.23914 -10227.8 0 0.439592 0.677391 143097 0.28257 10227.8 0.0235475 
0.3212 0.00915992 2.0256e+06 0 0 1.91322e+06 1.25936 -9176.42 0 0.365409 0.601389 112382 0.221923 9176.42 0.0233502 
0.32485 0.00904779 2.02555e+06 0 0 1.9401e+06 1.27709 -7841.46 0 0.293559 0.51632 85448.1 0.16874 7841.46 0.0220235 
0.3285 0.00895626 2.0255e+06 0 0 1.96254e+06 1.29189 -6376.97 0 0.22755 0.426435 62962.7 0.12434 6376.97 0.0196451 
0.33215 0.00888478 2.02545e+06 0 0 1.98037e+06 1.30366 -4945.42 0 0.170264 0.337801 45082.2 0.0890315 4945.42 0.0165333 
0.3358 0.00883121 2.0254e+06 0 0 1.99391e+06 1.3126 -3675.12 0 0.123323 0.256728 31493.8 0.0621976 3675.12 0.0131538 
0.33945 0.00879251 2.02535e+06 0 0 2.00378e+06 1.31913 -2635.18 0 0.0868645 0.18788 21567.9 0.0425959 2635.18 0.00995292 
0.3431 0.0087654 2.0253e+06 0 0 2.01075e+06 1.32375 -1837.25 0 0.0598327 0.133204 14549.3 0.028735 1837.25 0.00722488 
0.34675 0.00874686 2.02525e+06 0 0 2.01554e+06 1.32694 -1254.92 0 0.0405352 0.092149 9711.19 0.0191802 1254.92 0.00508015 
0.3504 0.00873445 2.0252e+06 0 0 2.01876e+06 1.32909 -845.829 0 0.0271678 0.0626736 6442.31 0.0127243 845.829 0.00349359 
0.35405 0.00872633 2.02515e+06 0 0 2.02088e+06 1.33052 -567.226 0 0.018144 0.0422812 4273.36 0.00844057 567.226 0.00237442 
0.3577 0.00872118 2.0251e+06 0 0 2.02223e+06 1.33144 -383.863 0 0.0122365 0.0287107 2869.81 0.00566848 383.863 0.00162035 
0.36135 0.0087182 2.02505e+06 0 0 2.02304e+06 1.33201 -270.817 0 0.00860485 0.0202815 2013.47 0.00397714 270.817 0.00114836 
0.365 0.00871698 2.025e+06 0 0 2.02341e+06 1.33229 -214.498 0 0.00679782 0.0160628 1589.25 0.00313927 214.498 0.000911131 


0 0.0112 2.03e+06 0 0 1.5225e+06 1 0 0 1.01407 1.01407 507500 1 0 4.08587e-13 
0.00365 0.0112003 2.02995e+06 0 0 1.52246e+06 1 -2.16554e-05 0 1.01407 1.01407 507487 1 2.16589e-05 2.9886e-11 
0.0073 0.0112006 2.0299e+06 0 0 1.52242e+06 1 -5.36268e-05 0 1.01406 1.01406 507475 1 5.36273e-05 7.31299e-11 
0.01095 0.0112008 2.02985e+06 0 0 1.52239e+06 1 -9.93637e-05 0 1.01406 1.01406 507462 1 9.93638e-05 1.34635e-10 
0.0146 0.0112011 2.0298e+06 0 0 1.52235e+06 1 -0.00016331 0 1.01406 1.01406 507450 1 0.000163313 2.20131e-10 
0.01825 0.0112014 2.02975e+06 0 0 1.52231e+06 1 -0.000251139 0 1.01405 1.01405 507437 1 0.00025114 3.36893e-10 
0.0219 0.0112017 2.0297e+06 0 0 1.52227e+06 1 -0.000370055 0 1.01405 1.01405 507425 1 0.000370058 4.94126e-10 
0.02555 0.0112019 2.02965e+06 0 0 1.52224e+06 1 -0.000529202 0 1.01404 1.01404 507412 1 0.000529201 7.03433e-10 
0.0292 0.0112022 2.0296e+06 0 0 1.5222e+06 1 -0.000740109 0 1.01404 1.01404 507400 1 0.000740112 9.79408e-10 
0.03285 0.0112025 2.02955e+06 0 0 1.52216e+06 1 -0.00101733 0 1.01403 1.01403 507387 1 0.00101733 1.34036e-09 
0.0365 0.0112028 2.0295e+06 0 0 1.52212e+06 1 -0.00137913 0 1.01403 1.01403 507375 1 0.00137913 1.80921e-09 
0.04015 0.011203 2.02945e+06 0 0 1.52209e+06 1 -0.00184844 0 1.01402 1.01402 507362 1 0.00184844 2.41462e-09 
0.0438 0.0112033 2.0294e+06 0 0 1.52205e+06 1 -0.00245395 0 1.01402 1.01402 507350 1 0.00245395 3.19236e-09 
0.04745 0.0112036 2.02935e+06 0 0 1.52201e+06 1 -0.00323152 0 1.01401 1.01401 507337 1 0.00323152 4.18699e-09 
0.0511 0.0112039 2.0293e+06 0 0 1.52198e+06 1 -0.00422592 0 1.01401 1.01401 507325 1 0.00422592 5.454e-09 
0.05475 0.0112041 2.02925e+06 0 0 1.52194e+06 1 -0.00549294 0 1.014 1.014 507312 1 0.00549294 7.06242e-09 
0.0584 0.0112044 2.0292e+06 0 0 1.5219e+06 1 -0.00710205 0 1.014 1.014 507300 1 0.00710206 9.09796e-09 
0.06205 0.0112047 2.02915e+06 0 0 1.52186e+06 1 -0.00913966 0 1.01399 1.01399 507287 1 0.00913966 1.16671e-08 
0.0657 0.011205 2.0291e+06 0 0 1.52183e+06 1 -0.0117131 0 1.01399 1.01399 507275 1 0.0117132 1.49019e-08 
0.06935 0.0112052 2.02905e+06 0 0 1.52179e+06 1 -0.0149559 0 1.01398 1.01398 507262 1 0.0149559 1.89662e-08 
0.073 0.0112055 2.029e+06 0 0 1.52175e+06 1 -0.0190333 0 1.01398 1.01398 507250 0.999999 0.0190333 2.40629e-08 
0.07665 0.0112058 2.02895e+06 0 0 1.52171e+06 1 -0.0241508 0 1.01397 1.01397 507237 0.999999 0.0241508 3.04434e-08 
0.0803 0.0112061 2.0289e+06 0 0 1.52168e+06 1 -0.0305627 0 1.01397 1.01397 507225 0.999999 0.0305627 3.84193e-08 
0.08395 0.0112063 2.02885e+06 0 0 1.52164e+06 1 -0.0385844 0 1.01396 1.01396 507212 0.999999 0.0385844 4.83759e-08 
0.0876 0.0112066 2.0288e+06 0 0 1.5216e+06 1 -0.0486063 0 1.01396 1.01396 507199 0.999999 0.0486063 6.07904e-08 
0.09125 0.0112069 2.02875e+06 0 0 1.52156e+06 1 -0.061112 0 1.01395 1.01395 507187 0.999998 0.061112 7.62531e-08 
0.0949 0.0112072 2.0287e+06 0 0 1.52153e+06 1 -0.0767001 0 1.01395 1.01395 507174 0.999998 0.0767001 9.54941e-08 
0.09855 0.0112074 2.02865e+06 0 0 1.52149e+06 1 -0.0961113 0 1.01394 1.01394 507161 0.999997 0.0961113 1.19417e-07 
0.1022 0.0112077 2.0286e+06 0 0 1.52145e+06 1 -0.120262 0 1.01394 1.01394 507148 0.999997 0.120262 1.49138e-07 
0.10585 0.011208 2.02855e+06 0 0 1.52141e+06 1 -0.150286 0 1.01393 1.01393 507135 0.999996 0.150286 1.86039e-07 
0.1095 0.0112083 2.0285e+06 0 0 1.52138e+06 1 -0.187585 0 1.01392 1.01393 507122 0.999995 0.187585 2.31826e-07 
0.11315 0.0112085 2.02845e+06 0 0 1.52134e+06 1 -0.233893 0 1.01392 1.01392 507109 0.999993 0.233893 2.88612e-07 
0.1168 0.0112088 2.0284e+06 0 0 1.5213e+06 1 -0.291354 0 1.01391 1.01392 507096 0.999992 0.291354 3.59006e-07 
0.12045 0.0112091 2.02835e+06 0 0 1.52127e+06 1 -0.362618 0 1.01391 1.01391 507082 0.999989 0.362618 4.46232e-07 
0.1241 0.0112093 2.0283e+06 0 0 1.52123e+06 1 -0.450962 0 1.0139 1.01391 507068 0.999987 0.450962 5.54277e-07 
0.12775 0.0112096 2.02825e+06 0 0 1.5212e+06 1.00001 -0.560437 0 1.01389 1.0139 507054 0.999984 0.560437 6.88069e-07 
0.1314 0.0112099 2.0282e+06 0 0 1.52116e+06 1.00001 -0.696049 0 1.01389 1.0139 507040 0.99998 0.696049 8.53698e-07 
0.13505 0.0112101 2.02815e+06 0 0 1.52113e+06 1.00001 -0.863985 0 1.01388 1.01389 507025 0.999975 0.863985 1.05869e-06 
0.1387 0.0112104 2.0281e+06 0 0 1.52109e+06 1.00001 -1.07189 0 1.01387 1.01388 507009 0.999969 1.07189 1.31234e-06 
0.14235 0.0112106 2.02805e+06 0 0 1.52106e+06 1.00001 -1.32923 0 1.01386 1.01388 506993 0.999961 1.32923 1.62615e-06 
0.146 0.0112109 2.028e+06 0 0 1.52102e+06 1.00002 -1.64767 0 1.01385 1.01387 506976 0.999952 1.64767 2.01431e-06 
0.14965 0.0112111 2.02795e+06 0 0 1.52099e+06 1.00002 -2.04164 0 1.01384 1.01386 506957 0.99994 2.04164 2.49438e-06 
0.1533 0.0112114 2.0279e+06 0 0 1.52096e+06 1.00002 -2.529 0 1.01382 1.01386 506938 0.999926 2.529 3.08804e-06 
0.15695 0.0112116 2.02785e+06 0 0 1.52093e+06 1.00003 -3.13177 0 1.01381 1.01385 506916 0.999909 3.13177 3.82209e-06 
0.1606 0.0112118 2.0278e+06 0 0 1.52091e+06 1.00004 -3.8772 0 1.01379 1.01384 506893 0.999887 3.8772 4.72963e-06 
0.16425 0.011212 2.02775e+06 0 0 1.52088e+06 1.00005 -4.79893 0 1.01377 1.01383 506866 0.99986 4.79893 5.85158e-06 
0.1679 0.0112121 2.0277e+06 0 0 1.52086e+06 1.00006 -5.93856 0 1.01374 1.01382 506837 0.999827 5.93856 7.23847e-06 
0.17155 0.0112123 2.02765e+06 0 0 1.52085e+06 1.00007 -7.34746 0 1.01371 1.0138 506804 0.999785 7.34746 8.95273e-06 
0.1752 0.0112124 2.0276e+06 0 0 1.52083e+06 1.00009 -9.0891 0 1.01368 1.01379 506765 0.999734 9.0891 1.10715e-05 
0.17885 0.0112124 2.02755e+06 0 0 1.52083e+06 1.00011 -11.2419 0 1.01363 1.01377 506721 0.999671 11.2419 1.36901e-05 
0.1825 0.0112125 2.0275e+06 0 0 1.52083e+06 1.00014 -13.9027 0 1.01358 1.01375 506669 0.999594 13.9027 1.69262e-05 
0.18615 0.0112124 2.02745e+06 0 0 1.52084e+06 1.00017 -17.1913 0 1.01352 1.01373 506608 0.999497 17.1913 2.09251e-05 
0.1898 0.0112123 2.0274e+06 0 0 1.52086e+06 1.00021 -21.2553 0 1.01344 1.0137 506535 0.999378 21.2553 2.58663e-05 
0.19345 0.0112121 2.02735e+06 0 0 1.5209e+06 1.00026 -26.2774 0 1.01334 1.01366 506448 0.999231 26.2774 3.19716e-05 
0.1971 0.0112118 2.0273e+06 0 0 1.52096e+06 1.00032 -32.4829 0 1.01322 1.01362 506343 0.99905 32.4829 3.95144e-05 
0.20075 0.0112113 2.02725e+06 0 0 1.52103e+06 1.00039 -40.1501 0 1.01308 1.01357 506217 0.998825 40.1501 4.88324e-05 
0.2044 0.0112107 2.0272e+06 0 0 1.52114e+06 1.00048 -49.6224 0 1.01291 1.01351 506064 0.998548 49.6224 6.03423e-05 
0.20805 0.0112098 2.02715e+06 0 0 1.52127e+06 1.0006 -61.3234 0 1.01269 1.01344 505878 0.998205 61.3234 7.4558e-05 
0.2117 0.0112087 2.0271e+06 0 0 1.52145e+06 1.00074 -75.7758 0 1.01242 1.01335 505650 0.997781 75.7758 9.2113e-05 
0.21535 0.0112072 2.02705e+06 0 0 1.52168e+06 1.00091 -93.6237 0 1.0121 1.01324 505373 0.997258 93.6237 0.000113788 
0.219 0.0112054 2.027e+06 0 0 1.52197e+06 1.00113 -115.66 0 1.01169 1.01311 505033 0.996611 115.66 0.000140545 
0.22265 0.011203 2.02695e+06 0 0 1.52233e+06 1.0014 -142.863 0 1.0112 1.01294 504615 0.995812 142.863 0.000173568 
0.2263 0.0112 2.0269e+06 0 0 1.5228e+06 1.00172 -176.43 0 1.01059 1.01274 504103 0.994826 176.43 0.00021431 
0.22995 0.0111963 2.02685e+06 0 0 1.52338e+06 1.00213 -217.837 0 1.00983 1.01249 503474 0.993608 217.837 0.000264561 
0.2336 0.0111916 2.0268e+06 0 0 1.5241e+06 1.00263 -268.889 0 1.0089 1.01219 502700 0.992105 268.889 0.000326512 
0.23725 0.0111858 2.02675e+06 0 0 1.525e+06 1.00325 -331.791 0 1.00775 1.01181 501747 0.99025 331.791 0.000402848 
0.2409 0.0111785 2.0267e+06 0 0 1.52612e+06 1.00401 -409.232 0 1.00634 1.01134 500575 0.987961 409.232 0.000496851 
0.24455 0.0111695 2.02665e+06 0 0 1.52752e+06 1.00495 -504.475 0 1.0046 1.01077 499133 0.985139 504.475 0.000612524 
0.2482 0.0111584 2.0266e+06 0 0 1.52924e+06 1.00611 -621.456 0 1.00246 1.01005 497359 0.981661 621.456 0.000754733 
0.25185 0.0111447 2.02655e+06 0 0 1.53137e+06 1.00754 -764.897 0 0.999816 1.00917 495177 0.977379 764.897 0.000929375 
0.2555 0.0111278 2.0265e+06 0 0 1.534e+06 1.0093 -940.404 0 0.996567 1.00808 492496 0.972111 940.404 0.00114356 
0.25915 0.0111071 2.02645e+06 0 0 1.53725e+06 1.01145 -1154.56 0 0.992572 1.00673 489205 0.965639 1154.56 0.00140583 
0.2628 0.0110817 2.0264e+06 0 0 1.54123e+06 1.0141 -1414.96 0 0.987665 1.00505 485170 0.957699 1414.96 0.00172635 
0.26645 0.0110508 2.02635e+06 0 0 1.54611e+06 1.01734 -1730.2 0 0.981644 1.00296 480235 0.94798 1730.2 0.00211715 
0.2701 0.0110132 2.0263e+06 0 0 1.55209e+06 1.0213 -2109.68 0 0.974267 1.00037 474210 0.936111 2109.68 0.00259227 
0.27375 0.0109678 2.02625e+06 0 0 1.55937e+06 1.02611 -2563.22 0 0.965244 0.997142 466880 0.921664 2563.22 0.00316791 
0.2774 0.0109132 2.0262e+06 0 0 1.5682e+06 1.03195 -3100.38 0 0.954231 0.993123 457996 0.904148 3100.38 0.00386236 
0.28105 0.010848 2.02615e+06 0 0 1.57887e+06 1.03899 -3729.27 0 0.940824 0.98811 447282 0.883018 3729.27 0.00469575 
0.2847 0.0107711 2.0261e+06 0 0 1.59166e+06 1.04744 -4454.84 0 0.924552 0.981847 434440 0.857687 4454.84 0.00568939 
0.28835 0.0106809 2.02605e+06 0 0 1.60689e+06 1.05748 -5276.44 0 0.904877 0.974011 419164 0.827549 5276.44 0.00686444 
0.292 0.0105768 2.026e+06 0 0 1.62484e+06 1.06932 -6184.73 0 0.881199 0.964192 401164 0.792032 6184.73 0.00823974 
0.29565 0.0104582 2.02595e+06 0 0 1.64575e+06 1.08312 -7158.04 0 0.852865 0.951867 380196 0.750653 7158.04 0.00982816 
0.2993 0.0103255 2.0259e+06 0 0 1.66979e+06 1.09896 -8158.78 0 0.819196 0.936378 356108 0.703112 8158.78 0.0116312 
0.30295 0.0101798 2.02585e+06 0 0 1.69695e+06 1.11687 -9130.84 0 0.779539 0.916892 328895 0.649396 9130.84 0.013631 
0.3066 0.0100235 2.0258e+06 0 0 1.72704e+06 1.1367 -9999.32 0 0.733335 0.892377 298755 0.589901 9999.32 0.01578 
0.31025 0.00986021 2.02575e+06 0 0 1.7596e+06 1.15816 -10674.5 0 0.680241 0.861582 266150 0.525534 10674.5 0.0179875 
0.3139 0.00969437 2.0257e+06 0 0 1.79387e+06 1.18074 -11061.4 0 0.620279 0.823059 231834 0.457786 11061.4 0.0201072 
0.31755 0.00953129 2.02565e+06 0 0 1.8288e+06 1.20376 -11076.2 0 0.554031 0.775278 196849 0.388713 11076.2 0.0219287 
0.3212 0.00937653 2.0256e+06 0 0 1.86314e+06 1.2264 -10667.1 0 0.482829 0.716895 162458 0.320809 10667.1 0.0231866 
0.32485 0.00923523 2.02555e+06 0 0 1.89554e+06 1.24775 -9836.02 0 0.408885 0.647262 130009 0.256739 9836.02 0.0235979 
0.3285 0.00911151 2.0255e+06 0 0 1.92475e+06 1.26701 -8651.35 0 0.335236 0.567152 100747 0.198957 8651.35 0.0229403 
0.33215 0.00900784 2.02545e+06 0 0 1.94985e+06 1.28357 -7242.94 0 0.265396 0.479458 75600.3 0.149301 7242.94 0.0211556 
0.3358 0.00892477 2.0254e+06 0 0 1.97037e+06 1.29711 -5773.82 0 0.202708 0.389309 55030 0.10868 5773.82 0.0184246 
0.33945 0.00886103 2.02535e+06 0 0 1.98636e+06 1.30767 -4397.03 0 0.149597 0.303113 38986.5 0.076997 4397.03 0.0151443 
0.3431 0.00881403 2.0253e+06 0 0 1.99829e+06 1.31555 -3218.06 0 0.10707 0.226721 27005 0.0533353 3218.06 0.0117939 
0.34675 0.00878056 2.02525e+06 0 0 2.00687e+06 1.32123 -2281.1 0 0.0747256 0.163751 18384.2 0.03631 2281.1 0.00876921 
0.3504 0.00875742 2.0252e+06 0 0 2.01283e+06 1.32519 -1579.93 0 0.0511959 0.11508 12370.7 0.0244336 1579.93 0.00628944 
0.35405 0.00874189 2.02515e+06 0 0 2.01686e+06 1.32788 -1080.53 0 0.0347321 0.079509 8289.4 0.0163729 1080.53 0.00440655 
0.3577 0.00873185 2.0251e+06 0 0 2.01949e+06 1.32964 -741.729 0 0.0236813 0.0549066 5607.55 0.0110761 741.729 0.00307206 
0.36135 0.00872588 2.02505e+06 0 0 2.02109e+06 1.33073 -528.799 0 0.0167763 0.0392328 3955.35 0.00781286 528.799 0.00220892 
0.365 0.00872332 2.025e+06 0 0 2.02187e+06 1.33127 -421.592 0 0.0133083 0.0312735 3132.49 0.00618764 421.592 0.00176694 


0 0.0112 2.03e+06 0 0 1.5225e+06 1 0 0 1.01407 1.01407 507500 1 0 2.49544e-13 
0.00365 0.0112003 2.02995e+06 0 0 1.52246e+06 1 -1.52695e-05 0 1.01407 1.01407 507487 1 1.52722e-05 2.09617e-11 
0.0073 0.0112006 2.0299e+06 0 0 1.52242e+06 1 -3.7819e-05 0 1.01406 1.01406 507475 1 3.7819e-05 5.13726e-11 
0.01095 0.0112008 2.02985e+06 0 0 1.52239e+06 1 -7.00884e-05 0 1.01406 1.01406 507462 1 7.00907e-05 9.46606e-11 
0.0146 0.0112011 2.0298e+06 0 0 1.52235e+06 1 -0.000115228 0 1.01406 1.01406 507450 1 0.00011523 1.54883e-10 
0.01825 0.0112014 2.02975e+06 0 0 1.52231e+06 1 -0.000177254 0 1.01405 1.01405 507437 1 0.000177258 2.37196e-10 
0.0219 0.0112017 2.0297e+06 0 0 1.52227e+06 1 -0.000261277 0 1.01405 1.01405 507425 1 0.000261279 3.48125e-10 
0.02555 0.0112019 2.02965e+06 0 0 1.52224e+06 1 -0.000373783 0 1.01404 1.01404 507412 1 0.000373784 4.95906e-10 
0.0292 0.0112022 2.0296e+06 0 0 1.5222e+06 1 -0.000522962 0 1.01404 1.01404 507400 1 0.000522962 6.90903e-10 
0.03285 0.0112025 2.02955e+06 0 0 1.52216e+06 1 -0.000719142 0 1.01403 1.01403 507387 1 0.000719144 9.46127e-10 
0.0365 0.0112028 2.0295e+06 0 0 1.52212e+06 1 -0.000975318 0 1.01403 1.01403 507375 1 0.000975321 1.27788e-09 
0.04015 0.011203 2.02945e+06 0 0 1.52209e+06 1 -0.00130779 0 1.01402 1.01402 507362 1 0.00130779 1.70655e-09 
0.0438 0.0112033 2.0294e+06 0 0 1.52205e+06 1 -0.00173697 0 1.01402 1.01402 507350 1 0.00173697 2.25758e-09 
0.04745 0.0112036 2.02935e+06 0 0 1.52201e+06 1 -0.00228838 0 1.01401 1.01401 507337 1 0.00228838 2.96273e-09 
0.0511 0.0112039 2.0293e+06 0 0 1.52197e+06 1 -0.0029939 0 1.01401 1.01401 507325 1 0.0029939 3.86152e-09 
0.05475 0.0112041 2.02925e+06 0 0 1.52194e+06 1 -0.00389327 0 1.014 1.014 507312 1 0.00389327 5.00313e-09 
0.0584 0.0112044 2.0292e+06 0 0 1.5219e+06 1 -0.00503599 0 1.014 1.014 507300 1 0.00503599 6.44868e-09 
0.06205 0.0112047 2.02915e+06 0 0 1.52186e+06 1 -0.00648364 0 1.01399 1.01399 507287 1 0.00648364 8.27409e-09 
0.0657 0.011205 2.0291e+06 0 0 1.52183e+06 1 -0.0083128 0 1.01399 1.01399 507275 1 0.0083128 1.05736e-08 
0.06935 0.0112052 2.02905e+06 0 0 1.52179e+06 1 -0.0106186 0 1.01398 1.01398 507262 1 0.0106186 1.34639e-08 
0.073 0.0112055 2.029e+06 0 0 1.52175e+06 1 -0.013519 0 1.01398 1.01398 507250 1 0.013519 1.70901e-08 
0.07665 0.0112058 2.02895e+06 0 0 1.52171e+06 1 -0.0171605 0 1.01397 1.01397 507237 1 0.0171605 2.16314e-08 
0.0803 0.0112061 2.0289e+06 0 0 1.52168e+06 1 -0.0217248 0 1.01397 1.01397 507225 0.999999 0.0217248 2.73103e-08 
0.08395 0.0112063 2.02885e+06 0 0 1.52164e+06 1 -0.0274367 0 1.01396 1.01396 507212 0.999999 0.0274367 3.4402e-08 
0.0876 0.0112066 2.0288e+06 0 0 1.5216e+06 1 -0.0345752 0 1.01396 1.01396 507199 0.999999 0.0345752 4.3247e-08 
0.09125 0.0112069 2.02875e+06 0 0 1.52156e+06 1 -0.0434855 0 1.01395 1.01395 507187 0.999999 0.0434855 5.42671e-08 
0.0949 0.0112072 2.0287e+06 0 0 1.52153e+06 1 -0.0545949 0 1.01395 1.01395 507174 0.999998 0.0545949 6.79837e-08 
0.09855 0.0112074 2.02865e+06 0 0 1.52149e+06 1 -0.0684324 0 1.01394 1.01394 507161 0.999998 0.0684324 8.50421e-08 
0.1022 0.0112077 2.0286e+06 0 0 1.52145e+06 1 -0.0856527 0 1.01394 1.01394 507149 0.999998 0.0856527 1.0624e-07 
0.10585 0.011208 2.02855e+06 0 0 1.52141e+06 1 -0.107065 0 1.01393 1.01393 507136 0.999997 0.107065 1.32564e-07 
0.1095 0.0112083 2.0285e+06 0 0 1.52138e+06 1 -0.133672 0 1.01393 1.01393 507123 0.999996 0.133672 1.65235e-07 
0.11315 0.0112085 2.02845e+06 0 0 1.52134e+06 1 -0.166711 0 1.01392 1.01392 507110 0.999995 0.166711 2.0576e-07 
0.1168 0.0112088 2.0284e+06 0 0 1.5213e+06 1 -0.207714 0 1.01391 1.01392 507097 0.999994 0.207714 2.56004e-07 
0.12045 0.0112091 2.02835e+06 0 0 1.52127e+06 1 -0.258576 0 1.01391 1.01391 507084 0.999992 0.258576 3.18272e-07 
0.1241 0.0112094 2.0283e+06 0 0 1.52123e+06 1 -0.321637 0 1.0139 1.01391 507070 0.999991 0.321637 3.95412e-07 
0.12775 0.0112096 2.02825e+06 0 0 1.52119e+06 1 -0.399791 0 1.0139 1.0139 507057 0.999988 0.399791 4.90947e-07 
0.1314 0.0112099 2.0282e+06 0 0 1.52116e+06 1 -0.496615 0 1.01389 1.0139 507043 0.999986 0.496615 6.09227e-07 
0.13505 0.0112102 2.02815e+06 0 0 1.52112e+06 1.00001 -0.616533 0 1.01388 1.01389 507028 0.999982 0.616533 7.55631e-07 
0.1387 0.0112104 2.0281e+06 0 0 1.52109e+06 1.00001 -0.765009 0 1.01388 1.01388 507014 0.999978 0.765009 9.36805e-07 
0.14235 0.0112107 2.02805e+06 0 0 1.52105e+06 1.00001 -0.948798 0 1.01387 1.01388 506998 0.999972 0.948798 1.16097e-06 
0.146 0.0112109 2.028e+06 0 0 1.52102e+06 1.00001 -1.17625 0 1.01386 1.01387 506983 0.999966 1.17625 1.43826e-06 
0.14965 0.0112112 2.02795e+06 0 0 1.52098e+06 1.00001 -1.45767 0 1.01385 1.01387 506966 0.999957 1.45767 1.78124e-06 
0.1533 0.0112114 2.0279e+06 0 0 1.52095e+06 1.00002 -1.80582 0 1.01384 1.01386 506948 0.999947 1.80582 2.20539e-06 
0.15695 0.0112117 2.02785e+06 0 0 1.52092e+06 1.00002 -2.23645 0 1.01382 1.01385 506929 0.999935 2.23645 2.72988e-06 
0.1606 0.0112119 2.0278e+06 0 0 1.52089e+06 1.00003 -2.76903 0 1.01381 1.01384 506909 0.999919 2.76903 3.37837e-06 
0.16425 0.0112121 2.02775e+06 0 0 1.52086e+06 1.00003 -3.42761 0 1.01379 1.01384 506887 0.9999 3.42761 4.1801e-06 
0.1679 0.0112123 2.0277e+06 0 0 1.52084e+06 1.00004 -4.24191 0 1.01377 1.01383 506862 0.999876 4.24191 5.17121e-06 
0.17155 0.0112125 2.02765e+06 0 0 1.52082e+06 1.00005 -5.24867 0 1.01375 1.01381 506835 0.999847 5.24867 6.39634e-06 
0.1752 0.0112126 2.0276e+06 0 0 1.5208e+06 1.00006 -6.49325 0 1.01372 1.0138 506804 0.99981 6.49325 7.91063e-06 
0.17885 0.0112128 2.02755e+06 0 0 1.52078e+06 1.00008 -8.03173 0 1.01369 1.01379 506768 0.999765 8.03173 9.78224e-06 
0.1825 0.0112128 2.0275e+06 0 0 1.52077e+06 1.0001 -9.93337 0 1.01365 1.01377 506728 0.99971 9.93337 1.20953e-05 
0.18615 0.0112129 2.02745e+06 0 0 1.52077e+06 1.00012 -12.2837 0 1.0136 1.01375 506680 0.999641 12.2837 1.49539e-05 
0.1898 0.0112129 2.0274e+06 0 0 1.52077e+06 1.00015 -15.1886 0 1.01355 1.01373 506625 0.999556 15.1886 1.84863e-05 
0.19345 0.0112128 2.02735e+06 0 0 1.52079e+06 1.00018 -18.7784 0 1.01348 1.01371 506559 0.999451 18.7784 2.28512e-05 
0.1971 0.0112127 2.0273e+06 0 0 1.52082e+06 1.00023 -23.2145 0 1.01339 1.01368 506481 0.999321 23.2145 2.82444e-05 
0.20075 0.0112124 2.02725e+06 0 0 1.52086e+06 1.00028 -28.696 0 1.01329 1.01364 506387 0.99916 28.696 3.49078e-05 
0.2044 0.011212 2.0272e+06 0 0 1.52093e+06 1.00035 -35.4687 0 1.01316 1.0136 506274 0.998962 35.4687 4.31396e-05 
0.20805 0.0112115 2.02715e+06 0 0 1.52101e+06 1.00043 -43.8363 0 1.01301 1.01354 506137 0.998717 43.8363 5.33084e-05 
0.2117 0.0112108 2.0271e+06 0 0 1.52113e+06 1.00053 -54.1732 0 1.01281 1.01348 505971 0.998414 54.1732 6.58685e-05 
0.21535 0.0112098 2.02705e+06 0 0 1.52128e+06 1.00065 -66.9415 0 1.01258 1.0134 505769 0.99804 66.9415 8.13801e-05 
0.219 0.0112086 2.027e+06 0 0 1.52148e+06 1.00081 -82.711 0 1.01229 1.0133 505522 0.997577 82.711 0.000100534 
0.22265 0.011207 2.02695e+06 0 0 1.52173e+06 1.001 -102.184 0 1.01193 1.01318 505220 0.997006 102.184 0.000124182 
0.2263 0.0112049 2.0269e+06 0 0 1.52205e+06 1.00123 -126.224 0 1.01149 1.01304 504850 0.996301 126.224 0.000153371 
0.22995 0.0112023 2.02685e+06 0 0 1.52245e+06 1.00152 -155.896 0 1.01095 1.01286 504396 0.995429 155.896 0.00018939 
0.2336 0.011199 2.0268e+06 0 0 1.52296e+06 1.00188 -192.505 0 1.01028 1.01264 503839 0.994353 192.505 0.000233824 
0.23725 0.0111949 2.02675e+06 0 0 1.5236e+06 1.00233 -237.655 0 1.00946 1.01237 503153 0.993025 237.655 0.000288618 
0.2409 0.0111898 2.0267e+06 0 0 1.52439e+06 1.00287 -293.307 0 1.00845 1.01203 502310 0.991385 293.307 0.000356157 
0.24455 0.0111834 2.02665e+06 0 0 1.52538e+06 1.00355 -361.857 0 1.0072 1.01162 501272 0.989361 361.857 0.000439358 
0.2482 0.0111755 2.0266e+06 0 0 1.5266e+06 1.00438 -446.217 0 1.00566 1.01111 499995 0.986865 446.217 0.000541785 
0.25185 0.0111657 2.02655e+06 0 0 1.52813e+06 1.0054 -549.917 0 1.00376 1.01048 498424 0.983789 549.917 0.000667779 
0.2555 0.0111535 2.0265e+06 0 0 1.53001e+06 1.00667 -677.203 0 1.00142 1.00971 496492 0.979998 677.203 0.000822611 
0.25915 0.0111386 2.02645e+06 0 0 1.53233e+06 1.00822 -833.15 0 0.998546 1.00874 494116 0.975333 833.15 0.00101265 
0.2628 0.0111202 2.0264e+06 0 0 1.5352e+06 1.01013 -1023.76 0 0.995007 1.00755 491197 0.969596 1023.76 0.00124559 
0.26645 0.0110977 2.02635e+06 0 0 1.53873e+06 1.01248 -1256.03 0 0.990658 1.00607 487617 0.962553 1256.03 0.00153059 
0.2701 0.0110701 2.0263e+06 0 0 1.54307e+06 1.01536 -1537.98 0 0.985317 1.00423 483232 0.953919 1537.98 0.00187858 
0.27375 0.0110366 2.02625e+06 0 0 1.54838e+06 1.01888 -1878.57 0 0.978768 1.00195 477871 0.94336 1878.57 0.0023024 
0.2774 0.0109959 2.0262e+06 0 0 1.55486e+06 1.02317 -2287.43 0 0.970749 0.999112 471335 0.930482 2287.43 0.00281697 
0.28105 0.0109468 2.02615e+06 0 0 1.56275e+06 1.02839 -2774.38 0 0.960949 0.99558 463396 0.91483 2774.38 0.00343936 
0.2847 0.010888 2.0261e+06 0 0 1.57231e+06 1.0347 -3348.56 0 0.948999 0.991178 453791 0.89589 3348.56 0.00418869 
0.28835 0.0108182 2.02605e+06 0 0 1.58381e+06 1.0423 -4017.02 0 0.934469 0.985683 442235 0.873098 4017.02 0.00508568 
0.292 0.0107359 2.026e+06 0 0 1.59757e+06 1.05138 -4782.74 0 0.91686 0.978814 428425 0.845854 4782.74 0.00615177 
0.29565 0.0106401 2.02595e+06 0 0 1.61389e+06 1.06215 -5641.87 0 0.895608 0.970214 412058 0.813561 5641.87 0.00740751 
0.2993 0.01053 2.0259e+06 0 0 1.63304e+06 1.07478 -6580.45 0 0.870087 0.95943 392859 0.775673 6580.45 0.0088698 
0.30295 0.0104055 2.02585e+06 0 0 1.65523e+06 1.08941 -7570.65 0 0.839632 0.945887 370615 0.731771 7570.65 0.0105476 
0.3066 0.0102672 2.0258e+06 0 0 1.68057e+06 1.10611 -8567.45 0 0.803565 0.928858 345227 0.681661 8567.45 0.0124355 
0.31025 0.0101168 2.02575e+06 0 0 1.70898e+06 1.12484 -9506.8 0 0.761262 0.907433 316768 0.625483 9506.8 0.0145049 
0.3139 0.00995709 2.0257e+06 0 0 1.74016e+06 1.14539 -10306.9 0 0.712237 0.880488 285540 0.563834 10306.9 0.0166919 
0.31755 0.00979211 2.02565e+06 0 0 1.77353e+06 1.16738 -10874.4 0 0.656276 0.846685 252121 0.497858 10874.4 0.0188845 
0.3212 0.00962674 2.0256e+06 0 0 1.80821e+06 1.19024 -11116.6 0 0.593609 0.804522 217390 0.429285 11116.6 0.02091 
0.32485 0.00946643 2.02555e+06 0 0 1.84306e+06 1.21321 -10960.2 0 0.525106 0.752501 182491 0.360378 10960.2 0.0225333 
0.3285 0.00931665 2.0255e+06 0 0 1.87676e+06 1.23542 -10373.3 0 0.452456 0.689491 148743 0.29374 10373.3 0.0234747 
0.33215 0.00918222 2.02545e+06 0 0 1.90797e+06 1.256 -9384.55 0 0.378233 0.615339 117477 0.232002 9384.55 0.0234649 
0.3358 0.0090666 2.0254e+06 0 0 1.93557e+06 1.2742 -8089.87 0 0.305734 0.531633 89832 0.177411 8089.87 0.0223371 
0.33945 0.00897152 2.02535e+06 0 0 1.95879e+06 1.28952 -6637.62 0 0.238501 0.44224 66558.3 0.13145 6637.62 0.0201278 
0.3431 0.00889674 2.0253e+06 0 0 1.97739e+06 1.3018 -5192.51 0 0.17959 0.353027 47905.2 0.0946135 5192.51 0.0171182 
0.34675 0.00884041 2.02525e+06 0 0 1.99161e+06 1.31119 -3892.1 0 0.130898 0.270461 33638.8 0.0664388 3892.1 0.0137629 
0.3504 0.00879962 2.0252e+06 0 0 2.00202e+06 1.31807 -2818 0 0.09286 0.19972 23183 0.0457891 2818 0.0105299 
0.35405 0.00877122 2.02515e+06 0 0 2.00933e+06 1.32292 -1993.85 0 0.0646929 0.143474 15815.1 0.0312375 1993.85 0.00775817 
0.3577 0.00875234 2.0251e+06 0 0 2.01426e+06 1.32619 -1404.38 0 0.0449748 0.102016 10842.6 0.0214164 1404.38 0.00561457 
0.36135 0.00874089 2.02505e+06 0 0 2.01732e+06 1.32825 -1020.85 0 0.0322952 0.0744154 7725.02 0.0152589 1020.85 0.00414451 
0.365 0.00873582 2.025e+06 0 0 2.01884e+06 1.32928 -823.945 0 0.0258186 0.0600301 6156.98 0.0121619 823.945 0.00336564 


0 0.0112 2.03e+06 0 0 1.5225e+06 1 0 0 1.01407 1.01407 507500 1 0 1.52668e-13 
0.00365 0.0112003 2.02995e+06 0 0 1.52246e+06 1 -1.07694e-05 0 1.01407 1.01407 507487 1 1.07723e-05 1.4713e-11 
0.0073 0.0112006 2.0299e+06 0 0 1.52242e+06 1 -2.66769e-05 0 1.01406 1.01406 507475 1 2.66788e-05 3.61079e-11 
0.01095 0.0112008 2.02985e+06 0 0 1.52239e+06 1 -4.94546e-05 0 1.01406 1.01406 507462 1 4.94553e-05 6.65855e-11 
0.0146 0.0112011 2.0298e+06 0 0 1.52235e+06 1 -8.13213e-05 0 1.01406 1.01406 507450 1 8.13253e-05 1.09019e-10 
0.01825 0.0112014 2.02975e+06 0 0 1.52231e+06 1 -0.000125138 0 1.01405 1.01405 507437 1 0.000125138 1.67061e-10 
0.0219 0.0112017 2.0297e+06 0 0 1.52227e+06 1 -0.000184517 0 1.01405 1.01405 507425 1 0.000184519 2.45339e-10 
0.02555 0.0112019 2.02965e+06 0 0 1.52224e+06 1 -0.000264064 0 1.01404 1.01404 507412 1 0.000264066 3.49699e-10 
0.0292 0.0112022 2.0296e+06 0 0 1.5222e+06 1 -0.000369594 0 1.01404 1.01404 507400 1 0.000369595 4.875e-10 
0.03285 0.0112025 2.02955e+06 0 0 1.52216e+06 1 -0.000508444 0 1.01403 1.01403 507387 1 0.000508446 6.67988e-10 
0.0365 0.0112028 2.0295e+06 0 0 1.52212e+06 1 -0.000689851 0 1.01403 1.01403 507375 1 0.000689852 9.02753e-10 
0.04015 0.011203 2.02945e+06 0 0 1.52209e+06 1 -0.000925402 0 1.01402 1.01402 507362 1 0.000925403 1.2063e-09 
0.0438 0.0112033 2.0294e+06 0 0 1.52205e+06 1 -0.00122962 0 1.01402 1.01402 507350 1 0.00122962 1.59674e-09 
0.04745 0.0112036 2.02935e+06 0 0 1.52201e+06 1 -0.00162067 0 1.01401 1.01401 507337 1 0.00162067 2.09668e-09 
0.0511 0.0112039 2.0293e+06 0 0 1.52197e+06 1 -0.00212126 0 1.01401 1.01401 507325 1 0.00212126 2.73428e-09 
0.05475 0.0112041 2.02925e+06 0 0 1.52194e+06 1 -0.00275968 0 1.014 1.014 507312 1 0.00275968 3.54457e-09 
0.0584 0.0112044 2.0292e+06 0 0 1.5219e+06 1 -0.0035712 0 1.014 1.014 507300 1 0.0035712 4.57114e-09 
0.06205 0.0112047 2.02915e+06 0 0 1.52186e+06 1 -0.00459973 0 1.01399 1.01399 507287 1 0.00459973 5.8681e-09 
0.0657 0.011205 2.0291e+06 0 0 1.52183e+06 1 -0.00589984 0 1.01399 1.01399 507275 1 0.00589984 7.50265e-09 
0.06935 0.0112052 2.02905e+06 0 0 1.52179e+06 1 -0.00753936 0 1.01398 1.01398 507262 1 0.00753937 9.55814e-09 
0.073 0.0112055 2.029e+06 0 0 1.52175e+06 1 -0.0096025 0 1.01398 1.01398 507250 1 0.00960251 1.21379e-08 
0.07665 0.0112058 2.02895e+06 0 0 1.52171e+06 1 -0.0121937 0 1.01397 1.01397 507237 1 0.0121937 1.53701e-08 
0.0803 0.0112061 2.0289e+06 0 0 1.52168e+06 1 -0.0154427 0 1.01397 1.01397 507225 1 0.0154427 1.94134e-08 
0.08395 0.0112063 2.02885e+06 0 0 1.52164e+06 1 -0.0195099 0 1.01396 1.01396 507212 0.999999 0.0195099 2.44643e-08 
0.0876 0.0112066 2.0288e+06 0 0 1.5216e+06 1 -0.0245944 0 1.01396 1.01396 507200 0.999999 0.0245944 3.0766e-08 
0.09125 0.0112069 2.02875e+06 0 0 1.52156e+06 1 -0.0309427 0 1.01395 1.01395 507187 0.999999 0.0309427 3.86195e-08 
0.0949 0.0112072 2.0287e+06 0 0 1.52153e+06 1 -0.03886 0 1.01395 1.01395 507174 0.999999 0.03886 4.83975e-08 
0.09855 0.0112074 2.02865e+06 0 0 1.52149e+06 1 -0.048724 0 1.01394 1.01394 507162 0.999999 0.048724 6.05607e-08 
0.1022 0.0112077 2.0286e+06 0 0 1.52145e+06 1 -0.0610021 0 1.01394 1.01394 507149 0.999998 0.0610021 7.5679e-08 
0.10585 0.011208 2.02855e+06 0 0 1.52141e+06 1 -0.0762728 0 1.01393 1.01393 507136 0.999998 0.0762728 9.44574e-08 
0.1095 0.0112083 2.0285e+06 0 0 1.52138e+06 1 -0.0952515 0 1.01393 1.01393 507124 0.999997 0.0952515 1.17767e-07 
0.11315 0.0112085 2.02845e+06 0 0 1.52134e+06 1 -0.118823 0 1.01392 1.01392 507111 0.999997 0.118823 1.46687e-07 
0.1168 0.0112088 2.0284e+06 0 0 1.5213e+06 1 -0.148082 0 1.01392 1.01392 507098 0.999996 0.148082 1.82548e-07 
0.12045 0.0112091 2.02835e+06 0 0 1.52127e+06 1 -0.18438 0 1.01391 1.01391 507085 0.999995 0.18438 2.26997e-07 
0.1241 0.0112094 2.0283e+06 0 0 1.52123e+06 1 -0.229392 0 1.0139 1.01391 507072 0.999993 0.229392 2.82071e-07 
0.12775 0.0112096 2.02825e+06 0 0 1.52119e+06 1 -0.285184 0 1.0139 1.0139 507058 0.999992 0.285184 3.50284e-07 
0.1314 0.0112099 2.0282e+06 0 0 1.52116e+06 1 -0.354314 0 1.01389 1.0139 507045 0.99999 0.354314 4.34749e-07 
0.13505 0.0112102 2.02815e+06 0 0 1.52112e+06 1 -0.43994 0 1.01389 1.01389 507031 0.999987 0.43994 5.39307e-07 
0.1387 0.0112104 2.0281e+06 0 0 1.52108e+06 1.00001 -0.54597 0 1.01388 1.01389 507017 0.999984 0.54597 6.6871e-07 
0.14235 0.0112107 2.02805e+06 0 0 1.52105e+06 1.00001 -0.677229 0 1.01387 1.01388 507002 0.99998 0.677229 8.28828e-07 
0.146 0.011211 2.028e+06 0 0 1.52101e+06 1.00001 -0.839683 0 1.01386 1.01387 506988 0.999976 0.839683 1.02692e-06 
0.14965 0.0112112 2.02795e+06 0 0 1.52098e+06 1.00001 -1.04071 0 1.01386 1.01387 506972 0.99997 1.04071 1.27194e-06 
0.1533 0.0112115 2.0279e+06 0 0 1.52094e+06 1.00001 -1.28941 0 1.01385 1.01386 506956 0.999962 1.28941 1.57498e-06 
0.15695 0.0112117 2.02785e+06 0 0 1.52091e+06 1.00002 -1.59705 0 1.01384 1.01386 506939 0.999953 1.59705 1.94972e-06 
0.1606 0.011212 2.0278e+06 0 0 1.52088e+06 1.00002 -1.97754 0 1.01382 1.01385 506921 0.999942 1.97754 2.41308e-06 
0.16425 0.0112122 2.02775e+06 0 0 1.52085e+06 1.00002 -2.44808 0 1.01381 1.01384 506901 0.999929 2.44808 2.98598e-06 
0.1679 0.0112124 2.0277e+06 0 0 1.52082e+06 1.00003 -3.02991 0 1.0138 1.01383 506880 0.999912 3.02991 3.69422e-06 
0.17155 0.0112126 2.02765e+06 0 0 1.52079e+06 1.00004 -3.74929 0 1.01378 1.01382 506857 0.99989 3.74929 4.56974e-06 
0.1752 0.0112128 2.0276e+06 0 0 1.52077e+06 1.00005 -4.63865 0 1.01376 1.01381 506831 0.999864 4.63865 5.65195e-06 
0.17885 0.011213 2.02755e+06 0 0 1.52075e+06 1.00006 -5.73806 0 1.01373 1.0138 506802 0.999832 5.73806 6.98959e-06 
0.1825 0.0112131 2.0275e+06 0 0 1.52073e+06 1.00007 -7.09706 0 1.0137 1.01379 506770 0.999793 7.09706 8.64284e-06 
0.18615 0.0112132 2.02745e+06 0 0 1.52072e+06 1.00009 -8.77681 0 1.01367 1.01377 506732 0.999743 8.77681 1.06861e-05 
0.1898 0.0112133 2.0274e+06 0 0 1.52071e+06 1.00011 -10.8529 0 1.01363 1.01376 506689 0.999683 10.8529 1.32111e-05 
0.19345 0.0112133 2.02735e+06 0 0 1.52071e+06 1.00013 -13.4187 0 1.01357 1.01374 506639 0.999608 13.4187 1.63314e-05 
0.1971 0.0112133 2.0273e+06 0 0 1.52072e+06 1.00016 -16.5896 0 1.01351 1.01371 506579 0.999515 16.5896 2.01871e-05 
0.20075 0.0112132 2.02725e+06 0 0 1.52074e+06 1.0002 -20.508 0 1.01344 1.01369 506508 0.9994 20.508 2.49512e-05 
0.2044 0.011213 2.0272e+06 0 0 1.52078e+06 1.00025 -25.3498 0 1.01334 1.01365 506424 0.999258 25.3498 3.08375e-05 
0.20805 0.0112127 2.02715e+06 0 0 1.52083e+06 1.00031 -31.3324 0 1.01323 1.01361 506323 0.999083 31.3324 3.81097e-05 
0.2117 0.0112123 2.0271e+06 0 0 1.5209e+06 1.00038 -38.7239 0 1.01309 1.01357 506200 0.998866 38.7239 4.70932e-05 
0.21535 0.0112117 2.02705e+06 0 0 1.521e+06 1.00047 -47.8554 0 1.01292 1.01351 506052 0.998599 47.8554 5.819e-05 
0.219 0.0112108 2.027e+06 0 0 1.52113e+06 1.00058 -59.1353 0 1.01271 1.01344 505872 0.998268 59.1353 7.18955e-05 
0.22265 0.0112098 2.02695e+06 0 0 1.5213e+06 1.00071 -73.0676 0 1.01246 1.01335 505653 0.99786 73.0676 8.88206e-05 
0.2263 0.0112084 2.0269e+06 0 0 1.52151e+06 1.00088 -90.2732 0 1.01214 1.01325 505385 0.997355 90.2732 0.000109719 
0.22995 0.0112066 2.02685e+06 0 0 1.52179e+06 1.00109 -111.517 0 1.01175 1.01312 505057 0.996732 111.517 0.000135517 
0.2336 0.0112043 2.0268e+06 0 0 1.52215e+06 1.00135 -137.742 0 1.01127 1.01296 504654 0.995962 137.742 0.000167357 
0.23725 0.0112015 2.02675e+06 0 0 1.52259e+06 1.00166 -170.105 0 1.01068 1.01277 504160 0.995011 170.105 0.000206643 
0.2409 0.0111979 2.0267e+06 0 0 1.52315e+06 1.00205 -210.028 0 1.00996 1.01253 503552 0.993837 210.028 0.000255099 
0.24455 0.0111934 2.02665e+06 0 0 1.52384e+06 1.00254 -259.254 0 1.00906 1.01223 502806 0.992388 259.254 0.000314843 
0.2482 0.0111878 2.0266e+06 0 0 1.52471e+06 1.00313 -319.914 0 1.00796 1.01187 501887 0.990599 319.914 0.000388466 
0.25185 0.0111808 2.02655e+06 0 0 1.52579e+06 1.00387 -394.607 0 1.00659 1.01142 500757 0.988392 394.607 0.000479139 
0.2555 0.0111721 2.0265e+06 0 0 1.52713e+06 1.00478 -486.486 0 1.00491 1.01086 499366 0.985671 486.486 0.000590729 
0.25915 0.0111614 2.02645e+06 0 0 1.5288e+06 1.00589 -599.365 0 1.00285 1.01017 497654 0.982317 599.365 0.000727941 
0.2628 0.0111482 2.0264e+06 0 0 1.53085e+06 1.00727 -737.819 0 1.0003 1.00932 495549 0.978187 737.819 0.00089648 
0.26645 0.0111319 2.02635e+06 0 0 1.53339e+06 1.00897 -907.294 0 0.997164 1.00827 492963 0.973105 907.294 0.00110323 
0.2701 0.0111119 2.0263e+06 0 0 1.53651e+06 1.01105 -1114.2 0 0.99331 1.00697 489787 0.96686 1114.2 0.00135648 
0.27375 0.0110874 2.02625e+06 0 0 1.54036e+06 1.0136 -1365.95 0 0.988574 1.00535 485893 0.959196 1365.95 0.00166608 
0.2774 0.0110575 2.0262e+06 0 0 1.54507e+06 1.01673 -1670.98 0 0.982763 1.00334 481127 0.949811 1670.98 0.00204373 
0.28105 0.0110211 2.02615e+06 0 0 1.55084e+06 1.02055 -2038.56 0 0.975641 1.00084 475307 0.938346 2038.56 0.00250311 
0.2847 0.0109771 2.0261e+06 0 0 1.55788e+06 1.02521 -2478.49 0 0.966927 0.997739 468222 0.92438 2478.49 0.00306003 
0.28835 0.0109242 2.02605e+06 0 0 1.56642e+06 1.03085 -3000.43 0 0.956287 0.993871 459628 0.907436 3000.43 0.00373245 
0.292 0.010861 2.026e+06 0 0 1.57675e+06 1.03767 -3612.87 0 0.943327 0.989047 449254 0.886977 3612.87 0.00454021 
0.29565 0.0107862 2.02595e+06 0 0 1.58915e+06 1.04586 -4321.45 0 0.927589 0.983022 436804 0.862419 4321.45 0.00550446 
0.2993 0.0106984 2.0259e+06 0 0 1.60392e+06 1.05561 -5126.71 0 0.908547 0.975486 421975 0.833161 5126.71 0.00664655 
0.30295 0.0105968 2.02585e+06 0 0 1.62138e+06 1.06713 -6021.07 0 0.885611 0.966045 404470 0.798618 6021.07 0.00798592 
0.3066 0.0104807 2.0258e+06 0 0 1.64176e+06 1.08057 -6985.3 0 0.858134 0.9542 384035 0.758288 6985.3 0.0095368 
0.31025 0.0103503 2.02575e+06 0 0 1.66525e+06 1.09606 -7984.82 0 0.825441 0.939315 360497 0.71183 7984.82 0.0113032 
0.3139 0.0102068 2.0257e+06 0 0 1.69188e+06 1.11361 -8966.87 0 0.786869 0.920593 333822 0.659175 8966.87 0.0132713 
0.31755 0.0100521 2.02565e+06 0 0 1.72148e+06 1.13312 -9859.74 0 0.741837 0.897037 304170 0.600638 9859.74 0.0153995 
0.3212 0.00988975 2.0256e+06 0 0 1.75365e+06 1.15432 -10575.8 0 0.689953 0.867435 271954 0.537033 10575.8 0.0176057 
0.32485 0.00972398 2.02555e+06 0 0 1.78768e+06 1.17675 -11020.1 0 0.631165 0.830371 237874 0.469748 11020.1 0.0197541 
0.3285 0.00956005 2.0255e+06 0 0 1.82257e+06 1.19975 -11105.7 0 0.565943 0.784317 202928 0.400748 11105.7 0.0216458 
0.33215 0.00940349 2.02545e+06 0 0 1.8571e+06 1.22251 -10773.8 0 0.49548 0.727874 168349 0.332467 10773.8 0.0230233 
0.3358 0.00925959 2.0254e+06 0 0 1.88991e+06 1.24414 -10016.1 0 0.421838 0.660237 135485 0.267571 10016.1 0.023603 
0.33945 0.0091327 2.02535e+06 0 0 1.91973e+06 1.2638 -8889.57 0 0.347937 0.581903 105616 0.208588 8889.57 0.0231464 
0.3431 0.00902565 2.0253e+06 0 0 1.94555e+06 1.28083 -7515.95 0 0.27727 0.495415 79746.6 0.157501 7515.95 0.0215624 
0.34675 0.00893938 2.02525e+06 0 0 1.96681e+06 1.29486 -6057.05 0 0.213312 0.405657 58438.1 0.115419 6057.05 0.0189946 
0.3504 0.00887303 2.0252e+06 0 0 1.98345e+06 1.30585 -4673.94 0 0.158791 0.319154 41749.4 0.0824598 4673.94 0.0158218 
0.35405 0.00882441 2.02515e+06 0 0 1.99583e+06 1.31403 -3488.1 0 0.115167 0.242432 29322.2 0.0579162 3488.1 0.0125458 
0.3577 0.00879082 2.0251e+06 0 0 2.00453e+06 1.31979 -2565.57 0 0.0826461 0.180452 20572.6 0.0406352 2565.57 0.00963479 
0.36135 0.00876986 2.02505e+06 0 0 2.01013e+06 1.32351 -1929.51 0 0.0607483 0.136261 14923.7 0.0294782 1929.51 0.00743462 
0.365 0.00876039 2.025e+06 0 0 2.01297e+06 1.32541 -1591.7 0 0.0492413 0.112222 12033.4 0.0237696 1591.7 0.00619862 


0 0.0112 2.03e+06 0 0 1.5225e+06 1 0 0 1.01407 1.01407 507500 1 0 9.36451e-14 
0.00365 0.0112003 2.02995e+06 0 0 1.52246e+06 1 -7.59789e-06 0 1.01407 1.01407 507487 1 7.59911e-06 1.03339e-11 
0.0073 0.0112006 2.0299e+06 0 0 1.52242e+06 1 -1.88238e-05 0 1.01406 1.01406 507475 1 1.88262e-05 2.53918e-11 
0.01095 0.0112008 2.02985e+06 0 0 1.52239e+06 1 -3.49027e-05 0 1.01406 1.01406 507462 1 3.49039e-05 4.68576e-11 
0.0146 0.0112011 2.0298e+06 0 0 1.52235e+06 1 -5.74093e-05 0 1.01406 1.01406 507450 1 5.74118e-05 7.67648e-11 
0.01825 0.0112014 2.02975e+06 0 0 1.52231e+06 1 -8.8364e-05 0 1.01405 1.01405 507437 1 8.83659e-05 1.17703e-10 
0.0219 0.0112017 2.0297e+06 0 0 1.52227e+06 1 -0.000130336 0 1.01405 1.01405 507425 1 0.000130338 1.72953e-10 
0.02555 0.0112019 2.02965e+06 0 0 1.52224e+06 1 -0.000186588 0 1.01404 1.01404 507412 1 0.00018659 2.46663e-10 
0.0292 0.0112022 2.0296e+06 0 0 1.5222e+06 1 -0.000261252 0 1.01404 1.01404 507400 1 0.000261254 3.44059e-10 
0.03285 0.0112025 2.02955e+06 0 0 1.52216e+06 1 -0.00035954 0 1.01403 1.01403 507387 1 0.000359541 4.71711e-10 
0.0365 0.0112028 2.0295e+06 0 0 1.52212e+06 1 -0.000488009 0 1.01403 1.01403 507375 1 0.000488013 6.3786e-10 
0.04015 0.011203 2.02945e+06 0 0 1.52209e+06 1 -0.000654909 0 1.01402 1.01402 507362 1 0.000654911 8.52822e-10 
0.0438 0.0112033 2.0294e+06 0 0 1.52205e+06 1 -0.000870564 0 1.01402 1.01402 507350 1 0.000870568 1.12949e-09 
0.04745 0.0112036 2.02935e+06 0 0 1.52201e+06 1 -0.00114791 0 1.01401 1.01401 507337 1 0.00114792 1.48396e-09 
0.0511 0.0112039 2.0293e+06 0 0 1.52197e+06 1 -0.0015031 0 1.01401 1.01401 507325 1 0.00150311 1.93628e-09 
0.05475 0.0112041 2.02925e+06 0 0 1.52194e+06 1 -0.0019563 0 1.014 1.014 507312 1 0.00195631 2.51142e-09 
0.0584 0.0112044 2.0292e+06 0 0 1.5219e+06 1 -0.00253264 0 1.014 1.014 507300 1 0.00253264 3.24044e-09 
0.06205 0.0112047 2.02915e+06 0 0 1.52186e+06 1 -0.00326339 0 1.01399 1.01399 507287 1 0.00326339 4.16194e-09 
0.0657 0.011205 2.0291e+06 0 0 1.52182e+06 1 -0.00418748 0 1.01399 1.01399 507275 1 0.00418748 5.32382e-09 
0.06935 0.0112052 2.02905e+06 0 0 1.52179e+06 1 -0.00535327 0 1.01398 1.01398 507262 1 0.00535327 6.78556e-09 
0.073 0.0112055 2.029e+06 0 0 1.52175e+06 1 -0.00682081 0 1.01398 1.01398 507250 1 0.00682081 8.62091e-09 
0.07665 0.0112058 2.02895e+06 0 0 1.52171e+06 1 -0.00866466 0 1.01397 1.01397 507237 1 0.00866466 1.09213e-08 
0.0803 0.0112061 2.0289e+06 0 0 1.52168e+06 1 -0.0109773 0 1.01397 1.01397 507225 1 0.0109773 1.37999e-08 
0.08395 0.0112063 2.02885e+06 0 0 1.52164e+06 1 -0.0138733 0 1.01396 1.01396 507212 1 0.0138733 1.73971e-08 
0.0876 0.0112066 2.0288e+06 0 0 1.5216e+06 1 -0.0174947 0 1.01396 1.01396 507200 0.999999 0.0174947 2.18866e-08 
0.09125 0.0112069 2.02875e+06 0 0 1.52156e+06 1 -0.0220176 0 1.01395 1.01395 507187 0.999999 0.0220176 2.74833e-08 
0.0949 0.0112072 2.0287e+06 0 0 1.52153e+06 1 -0.0276598 0 1.01395 1.01395 507175 0.999999 0.0276598 3.44533e-08 
0.09855 0.0112075 2.02865e+06 0 0 1.52149e+06 1 -0.034691 0 1.01394 1.01394 507162 0.999999 0.034691 4.31257e-08 
0.1022 0.0112077 2.0286e+06 0 0 1.52145e+06 1 -0.0434452 0 1.01394 1.01394 507149 0.999999 0.0434452 5.39076e-08 
0.10585 0.011208 2.02855e+06 0 0 1.52141e+06 1 -0.0543353 0 1.01393 1.01393 507137 0.999998 0.0543353 6.73026e-08 
0.1095 0.0112083 2.0285e+06 0 0 1.52138e+06 1 -0.0678725 0 1.01393 1.01393 507124 0.999998 0.0678725 8.39335e-08 
0.11315 0.0112086 2.02845e+06 0 0 1.52134e+06 1 -0.0846888 0 1.01392 1.01392 507111 0.999998 0.0846888 1.0457e-07 
0.1168 0.0112088 2.0284e+06 0 0 1.5213e+06 1 -0.105566 0 1.01392 1.01392 507098 0.999997 0.105566 1.30164e-07 
0.12045 0.0112091 2.02835e+06 0 0 1.52126e+06 1 -0.131471 0 1.01391 1.01391 507086 0.999996 0.131471 1.61893e-07 
0.1241 0.0112094 2.0283e+06 0 0 1.52123e+06 1 -0.163598 0 1.01391 1.01391 507073 0.999995 0.163598 2.0121e-07 
0.12775 0.0112096 2.02825e+06 0 0 1.52119e+06 1 -0.203426 0 1.0139 1.0139 507059 0.999994 0.203426 2.49915e-07 
0.1314 0.0112099 2.0282e+06 0 0 1.52115e+06 1 -0.252781 0 1.01389 1.0139 507046 0.999993 0.252781 3.1023e-07 
0.13505 0.0112102 2.02815e+06 0 0 1.52112e+06 1 -0.31392 0 1.01389 1.01389 507033 0.999991 0.31392 3.84901e-07 
0.1387 0.0112105 2.0281e+06 0 0 1.52108e+06 1 -0.389636 0 1.01388 1.01389 507019 0.999989 0.389636 4.77323e-07 
0.14235 0.0112107 2.02805e+06 0 0 1.52104e+06 1 -0.483376 0 1.01388 1.01388 507005 0.999986 0.483376 5.91692e-07 
0.146 0.011211 2.028e+06 0 0 1.52101e+06 1.00001 -0.599406 0 1.01387 1.01388 506991 0.999983 0.599406 7.33194e-07 
0.14965 0.0112113 2.02795e+06 0 0 1.52097e+06 1.00001 -0.742993 0 1.01386 1.01387 506976 0.999978 0.742993 9.08235e-07 
0.1533 0.0112115 2.0279e+06 0 0 1.52094e+06 1.00001 -0.92065 0 1.01385 1.01386 506961 0.999973 0.92065 1.12473e-06 
0.15695 0.0112118 2.02785e+06 0 0 1.5209e+06 1.00001 -1.14042 0 1.01384 1.01386 506946 0.999967 1.14042 1.39248e-06 
0.1606 0.011212 2.0278e+06 0 0 1.52087e+06 1.00001 -1.41226 0 1.01383 1.01385 506929 0.999959 1.41226 1.72356e-06 
0.16425 0.0112123 2.02775e+06 0 0 1.52084e+06 1.00002 -1.74844 0 1.01382 1.01385 506912 0.999949 1.74844 2.13291e-06 
0.1679 0.0112125 2.0277e+06 0 0 1.52081e+06 1.00002 -2.16415 0 1.01381 1.01384 506893 0.999937 2.16415 2.63901e-06 
0.17155 0.0112127 2.02765e+06 0 0 1.52078e+06 1.00003 -2.67817 0 1.0138 1.01383 506873 0.999922 2.67817 3.26466e-06 
0.1752 0.0112129 2.0276e+06 0 0 1.52075e+06 1.00003 -3.31367 0 1.01378 1.01382 506851 0.999903 3.31367 4.03805e-06 
0.17885 0.0112131 2.02755e+06 0 0 1.52072e+06 1.00004 -4.0993 0 1.01376 1.01381 506827 0.99988 4.0993 4.99402e-06 
0.1825 0.0112133 2.0275e+06 0 0 1.5207e+06 1.00005 -5.07046 0 1.01374 1.0138 506800 0.999852 5.07046 6.17559e-06 
0.18615 0.0112135 2.02745e+06 0 0 1.52068e+06 1.00006 -6.27089 0 1.01371 1.01379 506770 0.999817 6.27089 7.63594e-06 
0.1898 0.0112136 2.0274e+06 0 0 1.52066e+06 1.00008 -7.75463 0 1.01368 1.01378 506735 0.999773 7.75463 9.44074e-06 
0.19345 0.0112137 2.02735e+06 0 0 1.52065e+06 1.00009 -9.58843 0 1.01364 1.01376 506695 0.99972 9.58843 1.16711e-05 
0.1971 0.0112138 2.0273e+06 0 0 1.52065e+06 1.00012 -11.8548 0 1.0136 1.01374 506649 0.999653 11.8548 1.44274e-05 
0.20075 0.0112138 2.02725e+06 0 0 1.52065e+06 1.00014 -14.6555 0 1.01354 1.01372 506595 0.999571 14.6555 1.78332e-05 
0.2044 0.0112137 2.0272e+06 0 0 1.52067e+06 1.00018 -18.1166 0 1.01347 1.0137 506531 0.99947 18.1166 2.20416e-05 
0.20805 0.0112136 2.02715e+06 0 0 1.52069e+06 1.00022 -22.3934 0 1.01339 1.01367 506455 0.999345 22.3934 2.72413e-05 
0.2117 0.0112133 2.0271e+06 0 0 1.52074e+06 1.00027 -27.6778 0 1.01329 1.01363 506364 0.99919 27.6778 3.36654e-05 
0.21535 0.011213 2.02705e+06 0 0 1.52079e+06 1.00033 -34.2069 0 1.01317 1.01359 506255 0.998999 34.2069 4.16017e-05 
0.219 0.0112125 2.027e+06 0 0 1.52088e+06 1.00041 -42.2733 0 1.01302 1.01354 506123 0.998762 42.2733 5.14053e-05 
0.22265 0.0112118 2.02695e+06 0 0 1.52099e+06 1.00051 -52.238 0 1.01283 1.01347 505962 0.99847 52.238 6.35143e-05 
0.2263 0.0112109 2.0269e+06 0 0 1.52113e+06 1.00063 -64.5464 0 1.01261 1.0134 505767 0.99811 64.5464 7.84691e-05 
0.22995 0.0112097 2.02685e+06 0 0 1.52132e+06 1.00078 -79.748 0 1.01233 1.0133 505529 0.997664 79.748 9.69359e-05 
0.2336 0.0112081 2.0268e+06 0 0 1.52156e+06 1.00096 -98.5197 0 1.01198 1.01319 505237 0.997113 98.5197 0.000119735 
0.23725 0.0112062 2.02675e+06 0 0 1.52187e+06 1.00119 -121.695 0 1.01156 1.01305 504880 0.996433 121.695 0.000147878 
0.2409 0.0112037 2.0267e+06 0 0 1.52226e+06 1.00147 -150.301 0 1.01104 1.01288 504442 0.995593 150.301 0.000182609 
0.24455 0.0112005 2.02665e+06 0 0 1.52275e+06 1.00181 -185.596 0 1.01039 1.01266 503904 0.994556 185.596 0.000225455 
0.2482 0.0111966 2.0266e+06 0 0 1.52336e+06 1.00224 -229.129 0 1.0096 1.0124 503243 0.993275 229.129 0.000278294 
0.25185 0.0111916 2.02655e+06 0 0 1.52412e+06 1.00277 -282.794 0 1.00862 1.01208 502429 0.991694 282.794 0.000343428 
0.2555 0.0111855 2.0265e+06 0 0 1.52507e+06 1.00342 -348.903 0 1.00742 1.01168 501428 0.989743 348.903 0.000423675 
0.25915 0.0111779 2.02645e+06 0 0 1.52625e+06 1.00422 -430.275 0 1.00593 1.01119 500197 0.987336 430.275 0.000522478 
0.2628 0.0111684 2.0264e+06 0 0 1.52772e+06 1.00521 -530.322 0 1.0041 1.01059 498681 0.984369 530.322 0.000644032 
0.26645 0.0111567 2.02635e+06 0 0 1.52953e+06 1.00643 -653.158 0 1.00185 1.00984 496817 0.980714 653.158 0.000793434 
0.2701 0.0111423 2.0263e+06 0 0 1.53177e+06 1.00793 -803.708 0 0.999073 1.00891 494525 0.976214 803.708 0.000976854 
0.27375 0.0111245 2.02625e+06 0 0 1.53454e+06 1.00977 -987.804 0 0.995659 1.00776 491710 0.970679 987.804 0.00120173 
0.2774 0.0111028 2.0262e+06 0 0 1.53795e+06 1.01204 -1212.27 0 0.991462 1.00633 488254 0.963882 1212.27 0.00147696 
0.28105 0.0110762 2.02615e+06 0 0 1.54213e+06 1.01482 -1484.95 0 0.986308 1.00456 484020 0.955547 1484.95 0.00181315 
0.2847 0.0110437 2.0261e+06 0 0 1.54726e+06 1.01822 -1814.64 0 0.979986 1.00237 478843 0.94535 1814.64 0.00222279 
0.28835 0.0110044 2.02605e+06 0 0 1.55352e+06 1.02236 -2210.91 0 0.972243 0.999635 472529 0.932906 2210.91 0.00272044 
0.292 0.0109569 2.026e+06 0 0 1.56115e+06 1.02741 -2683.58 0 0.962777 0.996235 464852 0.917772 2683.58 0.00332279 
0.29565 0.0108999 2.02595e+06 0 0 1.57039e+06 1.03352 -3242.01 0 0.95123 0.991999 455558 0.899445 3242.01 0.00404863 
0.2993 0.010832 2.0259e+06 0 0 1.58154e+06 1.04088 -3893.74 0 0.937182 0.986712 444364 0.877366 3893.74 0.00491844 
0.30295 0.010752 2.02585e+06 0 0 1.59488e+06 1.04969 -4642.66 0 0.920147 0.980105 430970 0.850941 4642.66 0.00595365 
0.3066 0.0106586 2.0258e+06 0 0 1.61073e+06 1.06014 -5486.36 0 0.899572 0.971836 415071 0.81957 5486.36 0.00717511 
0.31025 0.010551 2.02575e+06 0 0 1.62936e+06 1.07244 -6412.94 0 0.87484 0.96147 396385 0.782694 6412.94 0.00860063 
0.3139 0.010429 2.0257e+06 0 0 1.65101e+06 1.08671 -7397.33 0 0.845292 0.948456 374686 0.739865 7397.33 0.010241 
0.31755 0.010293 2.02565e+06 0 0 1.6758e+06 1.10305 -8397.79 0 0.81025 0.932097 349852 0.690844 8397.79 0.0120938 
0.3212 0.0101446 2.0256e+06 0 0 1.70368e+06 1.12143 -9353.8 0 0.769073 0.911515 321921 0.635706 9353.8 0.0141354 
0.32485 0.00998633 2.02555e+06 0 0 1.7344e+06 1.14168 -10186.6 0 0.721247 0.885631 291154 0.574963 10186.6 0.0163091 
0.3285 0.00982204 2.0255e+06 0 0 1.76742e+06 1.16345 -10804.6 0 0.6665 0.853147 258081 0.509663 10804.6 0.0185124 
0.33215 0.00965649 2.02545e+06 0 0 1.80192e+06 1.18619 -11114.5 0 0.604977 0.81259 223530 0.441443 11114.5 0.0205844 
0.3358 0.00949512 2.0254e+06 0 0 1.83679e+06 1.20917 -11038.9 0 0.537431 0.762465 188610 0.37249 11038.9 0.0223013 
0.33945 0.00934348 2.02535e+06 0 0 1.87072e+06 1.23154 -10538.7 0 0.46542 0.701584 154629 0.305387 10538.7 0.0233909 
0.3431 0.00920662 2.0253e+06 0 0 1.90236e+06 1.2524 -9633.39 0 0.391411 0.629663 122943 0.242815 9633.39 0.0235811 
0.34675 0.00908842 2.02525e+06 0 0 1.93048e+06 1.27094 -8411.34 0 0.318689 0.548127 94765 0.187167 8411.34 0.0226902 
0.3504 0.00899115 2.0252e+06 0 0 1.95423e+06 1.28661 -7020.19 0 0.250978 0.460833 70970.1 0.140174 7020.19 0.0207348 
0.35405 0.00891533 2.02515e+06 0 0 1.97316e+06 1.29911 -5635.98 0 0.191833 0.374163 51984.7 0.102678 5635.98 0.0179981 
0.3577 0.00886017 2.0251e+06 0 0 1.98728e+06 1.30843 -4423.62 0 0.144097 0.296171 37819.2 0.0747009 4423.62 0.0149981 
0.36135 0.00882447 2.02505e+06 0 0 1.99678e+06 1.31472 -3511.99 0 0.10984 0.235344 28268 0.0558367 3511.99 0.0123681 
0.365 0.00880807 2.025e+06 0 0 2.00175e+06 1.31803 -3001.28 0 0.0910675 0.200191 23248.1 0.0459222 3001.28 0.0107486 


0 0.0112 2.03e+06 0 0 1.5225e+06 1 0 0 1.01407 1.01407 507500 1 0 5.78357e-14 
0.00365 0.0112003 2.02995e+06 0 0 1.52246e+06 1 -5.36228e-06 0 1.01407 1.01407 507487 1 5.36428e-06 7.26277e-12 
0.0073 0.0112006 2.0299e+06 0 0 1.52242e+06 1 -1.32861e-05 0 1.01406 1.01406 507475 1 1.32873e-05 1.78646e-11 
0.01095 0.0112008 2.02985e+06 0 0 1.52239e+06 1 -2.46386e-05 0 1.01406 1.01406 507462 1 2.46413e-05 3.29881e-11 
0.0146 0.0112011 2.0298e+06 0 0 1.52235e+06 1 -4.0538e-05 0 1.01406 1.01406 507450 1 4.05395e-05 5.4073e-11 
0.01825 0.0112014 2.02975e+06 0 0 1.52231e+06 1 -6.24128e-05 0 1.01405 1.01405 507437 1 6.24134e-05 8.29541e-11 
0.0219 0.0112017 2.0297e+06 0 0 1.52227e+06 1 -9.20837e-05 0 1.01405 1.01405 507425 1 9.20862e-05 1.21958e-10 
0.02555 0.0112019 2.02965e+06 0 0 1.52224e+06 1 -0.000131869 0 1.01404 1.01404 507412 1 0.000131872 1.7403e-10 
0.0292 0.0112022 2.0296e+06 0 0 1.5222e+06 1 -0.000184704 0 1.01404 1.01404 507400 1 0.000184705 2.42879e-10 
0.03285 0.0112025 2.02955e+06 0 0 1.52216e+06 1 -0.000254283 0 1.01403 1.01403 507387 1 0.000254286 3.33174e-10 
0.0365 0.0112028 2.0295e+06 0 0 1.52212e+06 1 -0.000345278 0 1.01403 1.01403 507375 1 0.000345279 4.50773e-10 
0.04015 0.011203 2.02945e+06 0 0 1.52209e+06 1 -0.000463544 0 1.01402 1.01402 507362 1 0.000463546 6.03015e-10 
0.0438 0.0112033 2.0294e+06 0 0 1.52205e+06 1 -0.000616432 0 1.01402 1.01402 507350 1 0.000616434 7.99075e-10 
0.04745 0.0112036 2.02935e+06 0 0 1.52201e+06 1 -0.000813144 0 1.01401 1.01401 507337 1 0.000813146 1.05041e-09 
0.0511 0.0112039 2.0293e+06 0 0 1.52197e+06 1 -0.00106518 0 1.01401 1.01401 507325 1 0.00106519 1.3713e-09 
0.05475 0.0112041 2.02925e+06 0 0 1.52194e+06 1 -0.00138691 0 1.014 1.014 507312 1 0.00138691 1.77954e-09 
0.0584 0.0112044 2.0292e+06 0 0 1.5219e+06 1 -0.00179623 0 1.014 1.014 507300 1 0.00179623 2.29727e-09 
0.06205 0.0112047 2.02915e+06 0 0 1.52186e+06 1 -0.00231542 0 1.01399 1.01399 507287 1 0.00231543 2.95199e-09 
0.0657 0.011205 2.0291e+06 0 0 1.52182e+06 1 -0.00297225 0 1.01399 1.01399 507275 1 0.00297225 3.77788e-09 
0.06935 0.0112052 2.02905e+06 0 0 1.52179e+06 1 -0.00380118 0 1.01398 1.01398 507262 1 0.00380118 4.81737e-09 
0.073 0.0112055 2.029e+06 0 0 1.52175e+06 1 -0.00484506 0 1.01398 1.01398 507250 1 0.00484507 6.12306e-09 
0.07665 0.0112058 2.02895e+06 0 0 1.52171e+06 1 -0.00615707 0 1.01397 1.01397 507237 1 0.00615707 7.76019e-09 
0.0803 0.0112061 2.0289e+06 0 0 1.52168e+06 1 -0.00780318 0 1.01397 1.01397 507225 1 0.00780318 9.8096e-09 
0.08395 0.0112063 2.02885e+06 0 0 1.52164e+06 1 -0.0098652 0 1.01396 1.01396 507212 1 0.0098652 1.23714e-08 
0.0876 0.0112066 2.0288e+06 0 0 1.5216e+06 1 -0.0124445 0 1.01396 1.01396 507200 1 0.0124445 1.55697e-08 
0.09125 0.0112069 2.02875e+06 0 0 1.52156e+06 1 -0.0156667 0 1.01395 1.01395 507187 1 0.0156668 1.9558e-08 
0.0949 0.0112072 2.0287e+06 0 0 1.52153e+06 1 -0.0196875 0 1.01395 1.01395 507175 0.999999 0.0196875 2.45261e-08 
0.09855 0.0112075 2.02865e+06 0 0 1.52149e+06 1 -0.0246993 0 1.01394 1.01394 507162 0.999999 0.0246993 3.07093e-08 
0.1022 0.0112077 2.0286e+06 0 0 1.52145e+06 1 -0.0309407 0 1.01394 1.01394 507150 0.999999 0.0309407 3.83984e-08 
0.10585 0.011208 2.02855e+06 0 0 1.52141e+06 1 -0.0387067 0 1.01393 1.01393 507137 0.999999 0.0387067 4.79529e-08 
0.1095 0.0112083 2.0285e+06 0 0 1.52138e+06 1 -0.0483622 0 1.01393 1.01393 507124 0.999999 0.0483622 5.98179e-08 
0.11315 0.0112086 2.02845e+06 0 0 1.52134e+06 1 -0.0603589 0 1.01392 1.01392 507112 0.999998 0.0603589 7.45434e-08 
0.1168 0.0112088 2.0284e+06 0 0 1.5213e+06 1 -0.0752552 0 1.01392 1.01392 507099 0.999998 0.0752552 9.28094e-08 
0.12045 0.0112091 2.02835e+06 0 0 1.52126e+06 1 -0.0937416 0 1.01391 1.01391 507086 0.999997 0.0937416 1.15457e-07 
0.1241 0.0112094 2.0283e+06 0 0 1.52123e+06 1 -0.116672 0 1.01391 1.01391 507073 0.999997 0.116672 1.43525e-07 
0.12775 0.0112097 2.02825e+06 0 0 1.52119e+06 1 -0.145103 0 1.0139 1.0139 507060 0.999996 0.145103 1.78299e-07 
0.1314 0.0112099 2.0282e+06 0 0 1.52115e+06 1 -0.180338 0 1.0139 1.0139 507047 0.999995 0.180338 2.21368e-07 
0.13505 0.0112102 2.02815e+06 0 0 1.52112e+06 1 -0.223992 0 1.01389 1.01389 507034 0.999993 0.223992 2.74693e-07 
0.1387 0.0112105 2.0281e+06 0 0 1.52108e+06 1 -0.278059 0 1.01388 1.01389 507021 0.999992 0.278059 3.40701e-07 
0.14235 0.0112107 2.02805e+06 0 0 1.52104e+06 1 -0.345004 0 1.01388 1.01388 507007 0.99999 0.345004 4.2239e-07 
0.146 0.011211 2.028e+06 0 0 1.52101e+06 1 -0.427873 0 1.01387 1.01388 506994 0.999988 0.427873 5.23467e-07 
0.14965 0.0112113 2.02795e+06 0 0 1.52097e+06 1.00001 -0.530433 0 1.01387 1.01387 506980 0.999985 0.530433 6.48511e-07 
0.1533 0.0112115 2.0279e+06 0 0 1.52093e+06 1.00001 -0.657336 0 1.01386 1.01387 506965 0.999981 0.657336 8.03181e-07 
0.15695 0.0112118 2.02785e+06 0 0 1.5209e+06 1.00001 -0.814334 0 1.01385 1.01386 506950 0.999976 0.814334 9.94471e-07 
0.1606 0.0112121 2.0278e+06 0 0 1.52086e+06 1.00001 -1.00853 0 1.01384 1.01385 506935 0.999971 1.00853 1.23102e-06 
0.16425 0.0112123 2.02775e+06 0 0 1.52083e+06 1.00001 -1.24872 0 1.01383 1.01385 506919 0.999964 1.24872 1.52352e-06 
0.1679 0.0112126 2.0277e+06 0 0 1.5208e+06 1.00002 -1.54574 0 1.01382 1.01384 506902 0.999955 1.54574 1.88515e-06 
0.17155 0.0112128 2.02765e+06 0 0 1.52077e+06 1.00002 -1.91301 0 1.01381 1.01383 506884 0.999944 1.91301 2.33224e-06 
0.1752 0.011213 2.0276e+06 0 0 1.52073e+06 1.00002 -2.3671 0 1.0138 1.01383 506865 0.999931 2.3671 2.88491e-06 
0.17885 0.0112133 2.02755e+06 0 0 1.52071e+06 1.00003 -2.92849 0 1.01378 1.01382 506844 0.999914 2.92849 3.56809e-06 
0.1825 0.0112135 2.0275e+06 0 0 1.52068e+06 1.00004 -3.62248 0 1.01377 1.01381 506821 0.999894 3.62248 4.41252e-06 
0.18615 0.0112137 2.02745e+06 0 0 1.52065e+06 1.00004 -4.48034 0 1.01374 1.0138 506796 0.999869 4.48034 5.45623e-06 
0.1898 0.0112138 2.0274e+06 0 0 1.52063e+06 1.00005 -5.54069 0 1.01372 1.01379 506768 0.999838 5.54069 6.74617e-06 
0.19345 0.011214 2.02735e+06 0 0 1.52061e+06 1.00007 -6.85126 0 1.01369 1.01378 506736 0.9998 6.85126 8.34036e-06 
0.1971 0.0112141 2.0273e+06 0 0 1.5206e+06 1.00008 -8.47102 0 1.01366 1.01376 506699 0.999752 8.47102 1.03105e-05 
0.20075 0.0112142 2.02725e+06 0 0 1.52059e+06 1.0001 -10.4728 0 1.01362 1.01375 506657 0.999694 10.4728 1.27451e-05 
0.2044 0.0112142 2.0272e+06 0 0 1.52059e+06 1.00013 -12.9467 0 1.01357 1.01373 506608 0.999621 12.9467 1.57535e-05 
0.20805 0.0112142 2.02715e+06 0 0 1.5206e+06 1.00016 -16.0037 0 1.01351 1.0137 506550 0.999532 16.0037 1.94709e-05 
0.2117 0.0112141 2.0271e+06 0 0 1.52062e+06 1.00019 -19.7813 0 1.01343 1.01368 506482 0.999421 19.7813 2.4064e-05 
0.21535 0.0112139 2.02705e+06 0 0 1.52065e+06 1.00024 -24.449 0 1.01335 1.01364 506400 0.999284 24.449 2.97389e-05 
0.219 0.0112136 2.027e+06 0 0 1.5207e+06 1.00029 -30.2162 0 1.01324 1.01361 506302 0.999115 30.2162 3.67498e-05 
0.22265 0.0112132 2.02695e+06 0 0 1.52077e+06 1.00036 -37.3414 0 1.0131 1.01356 506183 0.998907 37.3414 4.54106e-05 
0.2263 0.0112127 2.0269e+06 0 0 1.52086e+06 1.00045 -46.1439 0 1.01294 1.0135 506040 0.998649 46.1439 5.61087e-05 
0.22995 0.0112119 2.02685e+06 0 0 1.52098e+06 1.00056 -57.0174 0 1.01274 1.01344 505866 0.99833 57.0174 6.93219e-05 
0.2336 0.0112109 2.0268e+06 0 0 1.52115e+06 1.00069 -70.4476 0 1.01249 1.01335 505654 0.997936 70.4476 8.56393e-05 
0.23725 0.0112095 2.02675e+06 0 0 1.52135e+06 1.00085 -87.0335 0 1.01219 1.01325 505395 0.99745 87.0335 0.000105787 
0.2409 0.0112078 2.0267e+06 0 0 1.52162e+06 1.00105 -107.513 0 1.01181 1.01313 505078 0.996849 107.513 0.00013066 
0.24455 0.0112056 2.02665e+06 0 0 1.52196e+06 1.0013 -132.794 0 1.01135 1.01297 504690 0.996107 132.794 0.00016136 
0.2482 0.0112029 2.0266e+06 0 0 1.52239e+06 1.0016 -163.994 0 1.01078 1.01279 504213 0.99519 163.994 0.00019924 
0.25185 0.0111994 2.02655e+06 0 0 1.52292e+06 1.00198 -202.486 0 1.01008 1.01255 503627 0.994059 202.486 0.000245966 
0.2555 0.0111951 2.0265e+06 0 0 1.52359e+06 1.00245 -249.951 0 1.00921 1.01227 502907 0.992661 249.951 0.000303579 
0.25915 0.0111897 2.02645e+06 0 0 1.52443e+06 1.00302 -308.447 0 1.00815 1.01192 502021 0.990937 308.447 0.000374584 
0.2628 0.011183 2.0264e+06 0 0 1.52547e+06 1.00373 -380.486 0 1.00683 1.01149 500931 0.988809 380.486 0.000462041 
0.26645 0.0111746 2.02635e+06 0 0 1.52676e+06 1.00461 -469.118 0 1.00521 1.01095 499589 0.986185 469.118 0.000569689 
0.2701 0.0111643 2.0263e+06 0 0 1.52836e+06 1.00568 -578.034 0 1.00322 1.01029 497938 0.982951 578.034 0.000702074 
0.27375 0.0111515 2.02625e+06 0 0 1.53034e+06 1.00701 -711.67 0 1.00076 1.00947 495908 0.978967 711.67 0.000864717 
0.2774 0.0111358 2.0262e+06 0 0 1.53279e+06 1.00865 -875.314 0 0.99774 1.00845 493412 0.974065 875.314 0.00106428 
0.28105 0.0111165 2.02615e+06 0 0 1.5358e+06 1.01065 -1075.2 0 0.994021 1.0072 490348 0.968039 1075.2 0.0013088 
0.2847 0.0110929 2.0261e+06 0 0 1.53951e+06 1.01312 -1318.58 0 0.989452 1.00564 486590 0.960643 1318.58 0.00160783 
0.28835 0.011064 2.02605e+06 0 0 1.54406e+06 1.01614 -1613.72 0 0.983843 1.00371 481988 0.951582 1613.72 0.00197274 
0.292 0.0110288 2.026e+06 0 0 1.54963e+06 1.01983 -1969.76 0 0.976968 1.0013 476367 0.940508 1969.76 0.00241686 
0.29565 0.0109863 2.02595e+06 0 0 1.55643e+06 1.02433 -2396.47 0 0.968553 0.998313 469520 0.927011 2396.47 0.00295564 
0.2993 0.010935 2.0259e+06 0 0 1.56469e+06 1.02979 -2903.63 0 0.958274 0.994591 461209 0.910625 2903.63 0.00360665 
0.30295 0.0108737 2.02585e+06 0 0 1.57468e+06 1.03639 -3500.06 0 0.945749 0.98995 451167 0.890821 3500.06 0.00438944 
0.3066 0.010801 2.0258e+06 0 0 1.5867e+06 1.04433 -4192.12 0 0.93053 0.984155 439105 0.867025 4192.12 0.00532505 
0.31025 0.0107156 2.02575e+06 0 0 1.60103e+06 1.05379 -4981.54 0 0.912104 0.97691 424717 0.838636 4981.54 0.00643489 
0.3139 0.0106165 2.0257e+06 0 0 1.61799e+06 1.06498 -5862.58 0 0.88989 0.967837 407705 0.805065 5862.58 0.007739 
0.31755 0.010503 2.02565e+06 0 0 1.63784e+06 1.07807 -6818.57 0 0.863254 0.956458 387807 0.765793 6818.57 0.00925289 
0.3212 0.0103752 2.0256e+06 0 0 1.66076e+06 1.09318 -7818.28 0 0.831522 0.942167 364836 0.72045 7818.28 0.0109829 
0.32485 0.0102339 2.02555e+06 0 0 1.68682e+06 1.11036 -8812.94 0 0.794027 0.9242 338731 0.668916 8812.94 0.0129193 
0.3285 0.0100813 2.0255e+06 0 0 1.71588e+06 1.12952 -9735.04 0 0.750171 0.901608 309620 0.611443 9735.04 0.0150266 
0.33215 0.00992037 2.02545e+06 0 0 1.74757e+06 1.15041 -10500.8 0 0.699529 0.873233 277876 0.548768 10500.8 0.0172317 
0.3358 0.00975545 2.0254e+06 0 0 1.78124e+06 1.1726 -11018.2 0 0.641994 0.837728 244163 0.482202 11018.2 0.0194108 
0.33945 0.00959174 2.02535e+06 0 0 1.8159e+06 1.19545 -11200.8 0 0.577967 0.793644 209448 0.413654 11200.8 0.0213798 
0.3431 0.00943493 2.0253e+06 0 0 1.85034e+06 1.21815 -10988.8 0 0.508576 0.739683 174963 0.345555 10988.8 0.0228977 
0.34675 0.00929067 2.02525e+06 0 0 1.88315e+06 1.23978 -10371.6 0 0.435879 0.675203 142102 0.28066 10371.6 0.0236969 
0.3504 0.00916399 2.0252e+06 0 0 1.91294e+06 1.25942 -9406.86 0 0.36297 0.601055 112263 0.221731 9406.86 0.0235563 
0.35405 0.0090588 2.02515e+06 0 0 1.93847e+06 1.27627 -8225.53 0 0.293907 0.520669 86674.7 0.171197 8225.53 0.0224165 
0.3577 0.00897783 2.0251e+06 0 0 1.95882e+06 1.28969 -7016.49 0 0.233453 0.441035 66279.1 0.130915 7016.49 0.0205014 
0.36135 0.00892319 2.02505e+06 0 0 1.97328e+06 1.29925 -5996 0 0.18685 0.373068 51768.6 0.102256 5996 0.0183755 
0.365 0.00889778 2.025e+06 0 0 1.98113e+06 1.30445 -5380.19 0 0.159978 0.331079 43865.4 0.0866477 5380.19 0.0168738 


0 0.0112 2.03e+06 0 0 1.5225e+06 1 0 0 1.01407 1.01407 507500 1 0 3.61611e-14 
0.00365 0.0112003 2.02995e+06 0 0 1.52246e+06 1 -3.78449e-06 0 1.01407 1.01407 507487 1 3.7873e-06 5.10717e-12 
0.0073 0.0112006 2.0299e+06 0 0 1.52242e+06 1 -9.37901e-06 0 1.01406 1.01406 507475 1 9.38095e-06 1.25745e-11 
0.01095 0.0112008 2.02985e+06 0 0 1.52239e+06 1 -1.73985e-05 0 1.01406 1.01406 507462 1 1.74003e-05 2.32331e-11 
0.0146 0.0112011 2.0298e+06 0 0 1.52235e+06 1 -2.86314e-05 0 1.01406 1.01406 507450 1 2.86311e-05 3.81023e-11 
0.01825 0.0112014 2.02975e+06 0 0 1.52231e+06 1 -4.40933e-05 0 1.01405 1.01405 507437 1 4.40942e-05 5.84823e-11 
0.0219 0.0112017 2.0297e+06 0 0 1.52227e+06 1 -6.507e-05 0 1.01405 1.01405 507425 1 6.50729e-05 8.60234e-11 
0.02555 0.0112019 2.02965e+06 0 0 1.52224e+06 1 -9.3216e-05 0 1.01404 1.01404 507412 1 9.32182e-05 1.22815e-10 
0.0292 0.0112022 2.0296e+06 0 0 1.5222e+06 1 -0.000130605 0 1.01404 1.01404 507400 1 0.000130607 1.71491e-10 
0.03285 0.0112025 2.02955e+06 0 0 1.52216e+06 1 -0.000179872 0 1.01403 1.01403 507387 1 0.000179872 2.35369e-10 
0.0365 0.0112028 2.0295e+06 0 0 1.52212e+06 1 -0.000244326 0 1.01403 1.01403 507375 1 0.000244328 3.18614e-10 
0.04015 0.011203 2.02945e+06 0 0 1.52209e+06 1 -0.000328138 0 1.01402 1.01402 507362 1 0.000328139 4.26445e-10 
0.0438 0.0112033 2.0294e+06 0 0 1.52205e+06 1 -0.000436535 0 1.01402 1.01402 507350 1 0.000436537 5.65391e-10 
0.04745 0.0112036 2.02935e+06 0 0 1.52201e+06 1 -0.000576064 0 1.01401 1.01401 507337 1 0.000576066 7.43607e-10 
0.0511 0.0112039 2.0293e+06 0 0 1.52197e+06 1 -0.000754917 0 1.01401 1.01401 507325 1 0.00075492 9.71268e-10 
0.05475 0.0112041 2.02925e+06 0 0 1.52194e+06 1 -0.000983319 0 1.014 1.014 507312 1 0.000983321 1.26105e-09 
0.0584 0.0112044 2.0292e+06 0 0 1.5219e+06 1 -0.00127402 0 1.014 1.014 507300 1 0.00127403 1.62872e-09 
0.06205 0.0112047 2.02915e+06 0 0 1.52186e+06 1 -0.00164292 0 1.01399 1.01399 507287 1 0.00164292 2.0939e-09 
0.0657 0.011205 2.0291e+06 0 0 1.52182e+06 1 -0.00210978 0 1.01399 1.01399 507275 1 0.00210978 2.68096e-09 
0.06935 0.0112052 2.02905e+06 0 0 1.52179e+06 1 -0.00269919 0 1.01398 1.01398 507262 1 0.0026992 3.42015e-09 
0.073 0.0112055 2.029e+06 0 0 1.52175e+06 1 -0.00344172 0 1.01398 1.01398 507250 1 0.00344172 4.34902e-09 
0.07665 0.0112058 2.02895e+06 0 0 1.52171e+06 1 -0.00437528 0 1.01397 1.01397 507237 1 0.00437528 5.5141e-09 
0.0803 0.0112061 2.0289e+06 0 0 1.52167e+06 1 -0.00554695 0 1.01397 1.01397 507225 1 0.00554696 6.97311e-09 
0.08395 0.0112063 2.02885e+06 0 0 1.52164e+06 1 -0.00701513 0 1.01396 1.01396 507212 1 0.00701513 8.79753e-09 
0.0876 0.0112066 2.0288e+06 0 0 1.5216e+06 1 -0.00885216 0 1.01396 1.01396 507200 1 0.00885216 1.10759e-08 
0.09125 0.0112069 2.02875e+06 0 0 1.52156e+06 1 -0.0111477 0 1.01395 1.01395 507187 1 0.0111477 1.39178e-08 
0.0949 0.0112072 2.0287e+06 0 0 1.52153e+06 1 -0.0140129 0 1.01395 1.01395 507175 1 0.0140129 1.7459e-08 
0.09855 0.0112075 2.02865e+06 0 0 1.52149e+06 1 -0.0175852 0 1.01394 1.01394 507162 0.999999 0.0175852 2.18673e-08 
0.1022 0.0112077 2.0286e+06 0 0 1.52145e+06 1 -0.022035 0 1.01394 1.01394 507150 0.999999 0.022035 2.73504e-08 
0.10585 0.011208 2.02855e+06 0 0 1.52141e+06 1 -0.0275729 0 1.01393 1.01393 507137 0.999999 0.0275729 3.41654e-08 
0.1095 0.0112083 2.0285e+06 0 0 1.52138e+06 1 -0.0344596 0 1.01393 1.01393 507124 0.999999 0.0344596 4.26299e-08 
0.11315 0.0112086 2.02845e+06 0 0 1.52134e+06 1 -0.0430177 0 1.01392 1.01392 507112 0.999999 0.0430177 5.31371e-08 
0.1168 0.0112088 2.0284e+06 0 0 1.5213e+06 1 -0.0536461 0 1.01392 1.01392 507099 0.999998 0.0536461 6.61728e-08 
0.12045 0.0112091 2.02835e+06 0 0 1.52126e+06 1 -0.0668382 0 1.01391 1.01391 507086 0.999998 0.0668382 8.23377e-08 
0.1241 0.0112094 2.0283e+06 0 0 1.52123e+06 1 -0.0832041 0 1.01391 1.01391 507074 0.999998 0.0832041 1.02375e-07 
0.12775 0.0112097 2.02825e+06 0 0 1.52119e+06 1 -0.103498 0 1.0139 1.0139 507061 0.999997 0.103498 1.27202e-07 
0.1314 0.0112099 2.0282e+06 0 0 1.52115e+06 1 -0.128653 0 1.0139 1.0139 507048 0.999996 0.128653 1.57954e-07 
0.13505 0.0112102 2.02815e+06 0 0 1.52111e+06 1 -0.159821 0 1.01389 1.01389 507035 0.999995 0.159821 1.96034e-07 
0.1387 0.0112105 2.0281e+06 0 0 1.52108e+06 1 -0.198428 0 1.01389 1.01389 507022 0.999994 0.198428 2.43176e-07 
0.14235 0.0112107 2.02805e+06 0 0 1.52104e+06 1 -0.246236 0 1.01388 1.01388 507009 0.999993 0.246236 3.01522e-07 
0.146 0.011211 2.028e+06 0 0 1.521e+06 1 -0.305421 0 1.01387 1.01388 506995 0.999991 0.305421 3.73721e-07 
0.14965 0.0112113 2.02795e+06 0 0 1.52097e+06 1 -0.378674 0 1.01387 1.01387 506982 0.999989 0.378674 4.63046e-07 
0.1533 0.0112116 2.0279e+06 0 0 1.52093e+06 1 -0.469321 0 1.01386 1.01387 506968 0.999986 0.469321 5.73542e-07 
0.15695 0.0112118 2.02785e+06 0 0 1.5209e+06 1.00001 -0.581472 0 1.01385 1.01386 506954 0.999983 0.581473 7.10207e-07 
0.1606 0.0112121 2.0278e+06 0 0 1.52086e+06 1.00001 -0.720207 0 1.01385 1.01386 506939 0.999979 0.720207 8.79217e-07 
0.16425 0.0112123 2.02775e+06 0 0 1.52083e+06 1.00001 -0.891802 0 1.01384 1.01385 506924 0.999974 0.891802 1.08821e-06 
0.1679 0.0112126 2.0277e+06 0 0 1.52079e+06 1.00001 -1.10401 0 1.01383 1.01384 506909 0.999968 1.10401 1.34661e-06 
0.17155 0.0112128 2.02765e+06 0 0 1.52076e+06 1.00001 -1.36643 0 1.01382 1.01384 506892 0.99996 1.36643 1.66608e-06 
0.1752 0.0112131 2.0276e+06 0 0 1.52072e+06 1.00002 -1.69089 0 1.01381 1.01383 506875 0.999951 1.69089 2.06102e-06 
0.17885 0.0112133 2.02755e+06 0 0 1.52069e+06 1.00002 -2.09203 0 1.0138 1.01382 506856 0.999939 2.09203 2.54924e-06 
0.1825 0.0112136 2.0275e+06 0 0 1.52066e+06 1.00003 -2.58795 0 1.01378 1.01382 506837 0.999924 2.58795 3.15271e-06 
0.18615 0.0112138 2.02745e+06 0 0 1.52063e+06 1.00003 -3.20098 0 1.01377 1.01381 506815 0.999906 3.20098 3.89861e-06 
0.1898 0.011214 2.0274e+06 0 0 1.52061e+06 1.00004 -3.95873 0 1.01375 1.0138 506791 0.999884 3.95873 4.82053e-06 
0.19345 0.0112142 2.02735e+06 0 0 1.52058e+06 1.00005 -4.89534 0 1.01373 1.01379 506765 0.999857 4.89534 5.95993e-06 
0.1971 0.0112143 2.0273e+06 0 0 1.52056e+06 1.00006 -6.05294 0 1.0137 1.01378 506735 0.999823 6.05294 7.36807e-06 
0.20075 0.0112145 2.02725e+06 0 0 1.52055e+06 1.00007 -7.48363 0 1.01367 1.01376 506701 0.999781 7.48363 9.10827e-06 
0.2044 0.0112146 2.0272e+06 0 0 1.52054e+06 1.00009 -9.25174 0 1.01363 1.01375 506663 0.999729 9.25174 1.12587e-05 
0.20805 0.0112146 2.02715e+06 0 0 1.52053e+06 1.00011 -11.4368 0 1.01359 1.01373 506618 0.999665 11.4368 1.39161e-05 
0.2117 0.0112147 2.0271e+06 0 0 1.52053e+06 1.00014 -14.1369 0 1.01354 1.01371 506565 0.999586 14.1369 1.71997e-05 
0.21535 0.0112146 2.02705e+06 0 0 1.52055e+06 1.00017 -17.4735 0 1.01347 1.01369 506503 0.999489 17.4735 2.1257e-05 
0.219 0.0112145 2.027e+06 0 0 1.52057e+06 1.00021 -21.5964 0 1.01339 1.01366 506430 0.999368 21.5964 2.62698e-05 
0.22265 0.0112143 2.02695e+06 0 0 1.52061e+06 1.00026 -26.6905 0 1.0133 1.01362 506341 0.999219 26.6905 3.24631e-05 
0.2263 0.0112139 2.0269e+06 0 0 1.52066e+06 1.00032 -32.9843 0 1.01318 1.01358 506236 0.999034 32.9843 4.01141e-05 
0.22995 0.0112135 2.02685e+06 0 0 1.52074e+06 1.0004 -40.7599 0 1.01303 1.01353 506108 0.998806 40.7599 4.95654e-05 
0.2336 0.0112128 2.0268e+06 0 0 1.52085e+06 1.00049 -50.3654 0 1.01285 1.01347 505953 0.998525 50.3654 6.12392e-05 
0.23725 0.0112119 2.02675e+06 0 0 1.52099e+06 1.00061 -62.2301 0 1.01263 1.0134 505764 0.998177 62.2301 7.56568e-05 
0.2409 0.0112108 2.0267e+06 0 0 1.52117e+06 1.00075 -76.8838 0 1.01236 1.01331 505534 0.997748 76.8838 9.34604e-05 
0.24455 0.0112093 2.02665e+06 0 0 1.5214e+06 1.00093 -94.9794 0 1.01203 1.01319 505252 0.997217 94.9794 0.000115442 
0.2482 0.0112074 2.0266e+06 0 0 1.52169e+06 1.00115 -117.321 0 1.01162 1.01306 504908 0.996561 117.321 0.000142576 
0.25185 0.011205 2.02655e+06 0 0 1.52206e+06 1.00142 -144.898 0 1.01112 1.01289 504485 0.995751 144.898 0.000176062 
0.2555 0.011202 2.0265e+06 0 0 1.52253e+06 1.00175 -178.927 0 1.0105 1.01269 503966 0.994751 178.927 0.000217376 
0.25915 0.0111982 2.02645e+06 0 0 1.52312e+06 1.00216 -220.901 0 1.00974 1.01244 503328 0.993516 220.901 0.000268329 
0.2628 0.0111934 2.0264e+06 0 0 1.52386e+06 1.00267 -272.649 0 1.00879 1.01213 502543 0.991992 272.649 0.000331143 
0.26645 0.0111875 2.02635e+06 0 0 1.52477e+06 1.0033 -336.407 0 1.00763 1.01174 501578 0.990111 336.407 0.000408539 
0.2701 0.0111802 2.0263e+06 0 0 1.52591e+06 1.00407 -414.898 0 1.0062 1.01127 500390 0.987791 414.898 0.000503844 
0.27375 0.0111711 2.02625e+06 0 0 1.52732e+06 1.00502 -511.427 0 1.00443 1.01069 498929 0.98493 511.427 0.000621111 
0.2774 0.0111598 2.0262e+06 0 0 1.52907e+06 1.0062 -629.98 0 1.00226 1.00996 497131 0.981405 629.98 0.00076527 
0.28105 0.0111459 2.02615e+06 0 0 1.53123e+06 1.00765 -775.337 0 0.999582 1.00907 494920 0.977065 775.337 0.000942292 
0.2847 0.0111288 2.0261e+06 0 0 1.5339e+06 1.00942 -953.173 0 0.996288 1.00796 492204 0.971726 953.173 0.00115938 
0.28835 0.0111078 2.02605e+06 0 0 1.53718e+06 1.01161 -1170.15 0 0.992239 1.00659 488870 0.965168 1170.15 0.00142517 
0.292 0.0110821 2.026e+06 0 0 1.54122e+06 1.01429 -1433.95 0 0.987265 1.00488 484784 0.957125 1433.95 0.00174996 
0.29565 0.0110507 2.02595e+06 0 0 1.54616e+06 1.01757 -1753.26 0 0.981163 1.00277 479785 0.94728 1753.26 0.00214589 
0.2993 0.0110127 2.0259e+06 0 0 1.55221e+06 1.02158 -2137.57 0 0.973688 1.00014 473687 0.935262 2137.57 0.00262717 
0.30295 0.0109667 2.02585e+06 0 0 1.55958e+06 1.02645 -2596.82 0 0.964546 0.996869 466269 0.920639 2596.82 0.00321015 
0.3066 0.0109115 2.0258e+06 0 0 1.56852e+06 1.03236 -3140.64 0 0.95339 0.992795 457282 0.902918 3140.64 0.00391328 
0.31025 0.0108457 2.02575e+06 0 0 1.5793e+06 1.03948 -3777.24 0 0.939812 0.987714 446451 0.881553 3777.24 0.00475685 
0.3139 0.010768 2.0257e+06 0 0 1.59222e+06 1.04801 -4511.66 0 0.923337 0.981367 433479 0.85596 4511.66 0.00576228 
0.31755 0.0106772 2.02565e+06 0 0 1.60758e+06 1.05815 -5343.38 0 0.903425 0.97343 418065 0.825542 5343.38 0.00695083 
0.3212 0.0105724 2.0256e+06 0 0 1.62568e+06 1.07009 -6263.29 0 0.879474 0.96349 399924 0.78974 6263.29 0.00834131 
0.32485 0.0104533 2.02555e+06 0 0 1.64672e+06 1.08397 -7250.21 0 0.850831 0.951027 378828 0.748099 7250.21 0.00994653 
0.3285 0.0103204 2.0255e+06 0 0 1.67085e+06 1.09988 -8267.63 0 0.816826 0.935386 354645 0.70036 8267.63 0.0117678 
0.33215 0.010175 2.02545e+06 0 0 1.69805e+06 1.11781 -9261.51 0 0.776824 0.915755 327402 0.646576 9261.51 0.0137873 
0.3358 0.0100197 2.0254e+06 0 0 1.72805e+06 1.13759 -10160.8 0 0.730306 0.891145 297346 0.587235 10160.8 0.0159578 
0.33945 0.0098585 2.02535e+06 0 0 1.76034e+06 1.15887 -10882.5 0 0.677008 0.860407 265006 0.523378 10882.5 0.018191 
0.3431 0.00969623 2.0253e+06 0 0 1.79407e+06 1.18111 -11342.7 0 0.617104 0.822311 231228 0.456679 11342.7 0.0203467 
0.34675 0.00953887 2.02525e+06 0 0 1.82806e+06 1.20351 -11474.7 0 0.55147 0.77579 197187 0.389458 11474.7 0.0222315 
0.3504 0.00939285 2.0252e+06 0 0 1.86086e+06 1.22514 -11252.2 0 0.482008 0.720453 164341 0.324592 11252.2 0.0236181 
0.35405 0.00926477 2.02515e+06 0 0 1.89081e+06 1.24489 -10713.3 0 0.412015 0.657562 134336 0.265336 10713.3 0.024305 
0.3577 0.00916112 2.0251e+06 0 0 1.91619e+06 1.26163 -9976.21 0 0.346568 0.591526 108908 0.215116 9976.21 0.024228 
0.36135 0.00908852 2.02505e+06 0 0 1.93522e+06 1.27419 -9236.35 0 0.292869 0.531616 89826.9 0.177432 9236.35 0.0235957 
0.365 0.0090548 2.025e+06 0 0 1.94597e+06 1.28129 -8740.42 0 0.260407 0.492717 79033.4 0.156115 8740.42 0.0229474 


0 0.0112 2.03e+06 0 0 1.5225e+06 1 0 0 1.01407 1.01407 507500 1 0 2.2466e-14 
0.00365 0.0112003 2.02995e+06 0 0 1.52246e+06 1 -2.67117e-06 0 1.01407 1.01407 507487 1 2.67353e-06 3.59358e-12 
0.0073 0.0112006 2.0299e+06 0 0 1.52242e+06 1 -6.62311e-06 0 1.01406 1.01406 507475 1 6.62618e-06 8.85491e-12 
0.01095 0.0112008 2.02985e+06 0 0 1.52239e+06 1 -1.22874e-05 0 1.01406 1.01406 507462 1 1.22898e-05 1.63691e-11 
0.0146 0.0112011 2.0298e+06 0 0 1.52235e+06 1 -2.02252e-05 0 1.01406 1.01406 507450 1 2.02265e-05 2.68575e-11 
0.01825 0.0112014 2.02975e+06 0 0 1.52231e+06 1 -3.11541e-05 0 1.01405 1.01405 507437 1 3.11568e-05 4.12422e-11 
0.0219 0.0112017 2.0297e+06 0 0 1.52227e+06 1 -4.5992e-05 0 1.01405 1.01405 507425 1 4.59932e-05 6.0693e-11 
0.02555 0.0112019 2.02965e+06 0 0 1.52224e+06 1 -6.59052e-05 0 1.01404 1.01404 507412 1 6.59064e-05 8.66925e-11 
0.0292 0.0112022 2.0296e+06 0 0 1.5222e+06 1 -9.23708e-05 0 1.01404 1.01404 507400 1 9.23712e-05 1.21112e-10 
0.03285 0.0112025 2.02955e+06 0 0 1.52216e+06 1 -0.000127254 0 1.01403 1.01403 507387 1 0.000127254 1.66307e-10 
0.0365 0.0112028 2.0295e+06 0 0 1.52212e+06 1 -0.000172916 0 1.01403 1.01403 507375 1 0.000172917 2.2524e-10 
0.04015 0.011203 2.02945e+06 0 0 1.52209e+06 1 -0.000232313 0 1.01402 1.01402 507362 1 0.000232316 3.01621e-10 
0.0438 0.0112033 2.0294e+06 0 0 1.52205e+06 1 -0.000309174 0 1.01402 1.01402 507350 1 0.000309175 4.00097e-10 
0.04745 0.0112036 2.02935e+06 0 0 1.52201e+06 1 -0.000408147 0 1.01401 1.01401 507337 1 0.000408151 5.26473e-10 
0.0511 0.0112039 2.0293e+06 0 0 1.52197e+06 1 -0.000535073 0 1.01401 1.01401 507325 1 0.000535074 6.87995e-10 
0.05475 0.0112041 2.02925e+06 0 0 1.52194e+06 1 -0.000697228 0 1.014 1.014 507312 1 0.00069723 8.93691e-10 
0.0584 0.0112044 2.0292e+06 0 0 1.5219e+06 1 -0.000903697 0 1.014 1.014 507300 1 0.000903698 1.1548e-09 
0.06205 0.0112047 2.02915e+06 0 0 1.52186e+06 1 -0.0011658 0 1.01399 1.01399 507287 1 0.00116581 1.48532e-09 
0.0657 0.011205 2.0291e+06 0 0 1.52182e+06 1 -0.00149765 0 1.01399 1.01399 507275 1 0.00149765 1.90261e-09 
0.06935 0.0112052 2.02905e+06 0 0 1.52179e+06 1 -0.00191675 0 1.01398 1.01398 507262 1 0.00191675 2.42825e-09 
0.073 0.0112055 2.029e+06 0 0 1.52175e+06 1 -0.00244491 0 1.01398 1.01398 507250 1 0.00244491 3.08903e-09 
0.07665 0.0112058 2.02895e+06 0 0 1.52171e+06 1 -0.00310919 0 1.01397 1.01397 507237 1 0.00310919 3.91816e-09 
0.0803 0.0112061 2.0289e+06 0 0 1.52167e+06 1 -0.00394316 0 1.01397 1.01397 507225 1 0.00394316 4.95683e-09 
0.08395 0.0112063 2.02885e+06 0 0 1.52164e+06 1 -0.00498849 0 1.01396 1.01396 507212 1 0.00498849 6.25605e-09 
0.0876 0.0112066 2.0288e+06 0 0 1.5216e+06 1 -0.00629682 0 1.01396 1.01396 507200 1 0.00629682 7.87904e-09 
0.09125 0.0112069 2.02875e+06 0 0 1.52156e+06 1 -0.00793218 0 1.01395 1.01395 507187 1 0.00793219 9.90406e-09 
0.0949 0.0112072 2.0287e+06 0 0 1.52153e+06 1 -0.00997386 0 1.01395 1.01395 507175 1 0.00997387 1.2428e-08 
0.09855 0.0112075 2.02865e+06 0 0 1.52149e+06 1 -0.0125201 0 1.01394 1.01394 507162 1 0.0125201 1.55708e-08 
0.1022 0.0112077 2.0286e+06 0 0 1.52145e+06 1 -0.0156924 0 1.01394 1.01394 507150 1 0.0156924 1.94807e-08 
0.10585 0.011208 2.02855e+06 0 0 1.52141e+06 1 -0.0196413 0 1.01393 1.01393 507137 0.999999 0.0196413 2.43414e-08 
0.1095 0.0112083 2.0285e+06 0 0 1.52138e+06 1 -0.024553 0 1.01393 1.01393 507125 0.999999 0.024553 3.03799e-08 
0.11315 0.0112086 2.02845e+06 0 0 1.52134e+06 1 -0.030658 0 1.01392 1.01392 507112 0.999999 0.030658 3.78768e-08 
0.1168 0.0112088 2.0284e+06 0 0 1.5213e+06 1 -0.0382411 0 1.01392 1.01392 507099 0.999999 0.0382411 4.71795e-08 
0.12045 0.0112091 2.02835e+06 0 0 1.52126e+06 1 -0.0476548 0 1.01391 1.01391 507087 0.999999 0.0476548 5.87171e-08 
0.1241 0.0112094 2.0283e+06 0 0 1.52123e+06 1 -0.0593351 0 1.01391 1.01391 507074 0.999998 0.0593351 7.30203e-08 
0.12775 0.0112097 2.02825e+06 0 0 1.52119e+06 1 -0.0738209 0 1.0139 1.0139 507061 0.999998 0.0738209 9.07452e-08 
0.1314 0.0112099 2.0282e+06 0 0 1.52115e+06 1 -0.0917785 0 1.0139 1.0139 507049 0.999997 0.0917785 1.12703e-07 
0.13505 0.0112102 2.02815e+06 0 0 1.52111e+06 1 -0.114032 0 1.01389 1.01389 507036 0.999997 0.114032 1.39896e-07 
0.1387 0.0112105 2.0281e+06 0 0 1.52108e+06 1 -0.141599 0 1.01389 1.01389 507023 0.999996 0.141599 1.73562e-07 
0.14235 0.0112108 2.02805e+06 0 0 1.52104e+06 1 -0.175739 0 1.01388 1.01388 507010 0.999995 0.175739 2.15235e-07 
0.146 0.011211 2.028e+06 0 0 1.521e+06 1 -0.218007 0 1.01388 1.01388 506997 0.999994 0.218007 2.66805e-07 
0.14965 0.0112113 2.02795e+06 0 0 1.52097e+06 1 -0.270327 0 1.01387 1.01387 506983 0.999992 0.270327 3.30613e-07 
0.1533 0.0112116 2.0279e+06 0 0 1.52093e+06 1 -0.335075 0 1.01386 1.01387 506970 0.99999 0.335075 4.09549e-07 
0.15695 0.0112118 2.02785e+06 0 0 1.52089e+06 1 -0.415189 0 1.01386 1.01386 506956 0.999988 0.415189 5.07185e-07 
0.1606 0.0112121 2.0278e+06 0 0 1.52086e+06 1.00001 -0.514298 0 1.01385 1.01386 506942 0.999985 0.514298 6.27936e-07 
0.16425 0.0112124 2.02775e+06 0 0 1.52082e+06 1.00001 -0.636889 0 1.01384 1.01385 506928 0.999981 0.636889 7.77259e-07 
0.1679 0.0112126 2.0277e+06 0 0 1.52079e+06 1.00001 -0.788505 0 1.01384 1.01385 506913 0.999977 0.788505 9.61894e-07 
0.17155 0.0112129 2.02765e+06 0 0 1.52075e+06 1.00001 -0.975996 0 1.01383 1.01384 506898 0.999971 0.975996 1.19017e-06 
0.1752 0.0112131 2.0276e+06 0 0 1.52072e+06 1.00001 -1.20783 0 1.01382 1.01383 506882 0.999965 1.20783 1.47239e-06 
0.17885 0.0112134 2.02755e+06 0 0 1.52068e+06 1.00001 -1.49446 0 1.01381 1.01383 506865 0.999956 1.49446 1.82127e-06 
0.1825 0.0112136 2.0275e+06 0 0 1.52065e+06 1.00002 -1.84883 0 1.0138 1.01382 506848 0.999946 1.84883 2.25253e-06 
0.18615 0.0112139 2.02745e+06 0 0 1.52062e+06 1.00002 -2.28689 0 1.01378 1.01381 506829 0.999933 2.28689 2.78559e-06 
0.1898 0.0112141 2.0274e+06 0 0 1.52059e+06 1.00003 -2.8284 0 1.01377 1.0138 506808 0.999917 2.8284 3.44446e-06 
0.19345 0.0112143 2.02735e+06 0 0 1.52056e+06 1.00003 -3.49773 0 1.01375 1.0138 506786 0.999898 3.49773 4.25878e-06 
0.1971 0.0112145 2.0273e+06 0 0 1.52054e+06 1.00004 -4.32501 0 1.01373 1.01379 506761 0.999874 4.32501 5.26521e-06 
0.20075 0.0112147 2.02725e+06 0 0 1.52052e+06 1.00005 -5.34749 0 1.01371 1.01378 506733 0.999844 5.34749 6.509e-06 
0.2044 0.0112148 2.0272e+06 0 0 1.5205e+06 1.00006 -6.61116 0 1.01368 1.01376 506702 0.999807 6.61116 8.04609e-06 
0.20805 0.011215 2.02715e+06 0 0 1.52048e+06 1.00008 -8.17286 0 1.01365 1.01375 506666 0.999761 8.17286 9.94558e-06 
0.2117 0.011215 2.0271e+06 0 0 1.52047e+06 1.0001 -10.1028 0 1.01361 1.01373 506625 0.999704 10.1028 1.22928e-05 
0.21535 0.0112151 2.02705e+06 0 0 1.52047e+06 1.00012 -12.4877 0 1.01356 1.01371 506577 0.999635 12.4877 1.51932e-05 
0.219 0.0112151 2.027e+06 0 0 1.52048e+06 1.00015 -15.4348 0 1.0135 1.01369 506521 0.999548 15.4348 1.8777e-05 
0.22265 0.011215 2.02695e+06 0 0 1.5205e+06 1.00019 -19.0763 0 1.01343 1.01367 506454 0.999442 19.0763 2.32051e-05 
0.2263 0.0112148 2.0269e+06 0 0 1.52052e+06 1.00023 -23.5758 0 1.01335 1.01364 506375 0.99931 23.5758 2.86759e-05 
0.22995 0.0112146 2.02685e+06 0 0 1.52057e+06 1.00028 -29.1351 0 1.01324 1.0136 506280 0.999147 29.1351 3.54347e-05 
0.2336 0.0112142 2.0268e+06 0 0 1.52063e+06 1.00035 -36.0035 0 1.01311 1.01355 506166 0.998946 36.0035 4.37842e-05 
0.23725 0.0112136 2.02675e+06 0 0 1.52072e+06 1.00043 -44.4886 0 1.01295 1.0135 506027 0.998697 44.4886 5.40976e-05 
0.2409 0.0112129 2.0267e+06 0 0 1.52084e+06 1.00054 -54.9701 0 1.01276 1.01343 505859 0.99839 54.9701 6.68359e-05 
0.24455 0.0112119 2.02665e+06 0 0 1.521e+06 1.00066 -67.9163 0 1.01252 1.01335 505654 0.99801 67.9163 8.25671e-05 
0.2482 0.0112107 2.0266e+06 0 0 1.5212e+06 1.00082 -83.9048 0 1.01223 1.01325 505404 0.997542 83.9048 0.000101992 
0.25185 0.011209 2.02655e+06 0 0 1.52145e+06 1.00101 -103.647 0 1.01187 1.01313 505098 0.996962 103.647 0.000125972 
0.2555 0.0112069 2.0265e+06 0 0 1.52178e+06 1.00125 -128.02 0 1.01142 1.01299 504724 0.996247 128.02 0.000155572 
0.25915 0.0112043 2.02645e+06 0 0 1.52219e+06 1.00155 -158.101 0 1.01087 1.01281 504263 0.995363 158.101 0.000192096 
0.2628 0.011201 2.0264e+06 0 0 1.5227e+06 1.00191 -195.216 0 1.0102 1.01258 503698 0.994272 195.216 0.000237152 
0.26645 0.0111968 2.02635e+06 0 0 1.52335e+06 1.00236 -240.989 0 1.00936 1.01231 503003 0.992925 240.989 0.000292712 
0.2701 0.0111916 2.0263e+06 0 0 1.52415e+06 1.00291 -297.409 0 1.00833 1.01197 502149 0.991263 297.409 0.000361191 
0.27375 0.0111851 2.02625e+06 0 0 1.52515e+06 1.0036 -366.905 0 1.00707 1.01155 501098 0.989212 366.905 0.000445548 
0.2774 0.0111771 2.0262e+06 0 0 1.5264e+06 1.00444 -452.432 0 1.00551 1.01104 499804 0.986682 452.432 0.000549393 
0.28105 0.0111671 2.02615e+06 0 0 1.52794e+06 1.00548 -557.571 0 1.00358 1.0104 498212 0.983564 557.571 0.000677126 
0.2847 0.0111548 2.0261e+06 0 0 1.52985e+06 1.00676 -686.632 0 1.00121 1.00961 496254 0.979723 686.632 0.000834086 
0.28835 0.0111397 2.02605e+06 0 0 1.5322e+06 1.00833 -844.768 0 0.998296 1.00863 493848 0.974997 844.768 0.00102673 
0.292 0.0111211 2.026e+06 0 0 1.53511e+06 1.01027 -1038.08 0 0.994709 1.00742 490893 0.969187 1038.08 0.00126284 
0.29565 0.0110983 2.02595e+06 0 0 1.53868e+06 1.01265 -1273.69 0 0.9903 1.00592 487269 0.962055 1273.69 0.00155171 
0.2993 0.0110704 2.0259e+06 0 0 1.54307e+06 1.01556 -1559.77 0 0.984888 1.00406 482831 0.953317 1559.77 0.0019044 
0.30295 0.0110365 2.02585e+06 0 0 1.54844e+06 1.01912 -1905.47 0 0.978252 1.00175 477409 0.942636 1905.47 0.00233391 
0.3066 0.0109954 2.0258e+06 0 0 1.55499e+06 1.02346 -2320.71 0 0.970129 0.998879 470805 0.929617 2320.71 0.00285536 
0.31025 0.0109459 2.02575e+06 0 0 1.56296e+06 1.02873 -2815.65 0 0.960204 0.995306 462787 0.91381 2815.65 0.00348605 
0.3139 0.0108867 2.0257e+06 0 0 1.5726e+06 1.0351 -3399.92 0 0.948106 0.990856 453101 0.894705 3399.92 0.00424536 
0.31755 0.0108164 2.02565e+06 0 0 1.58419e+06 1.04275 -4081.29 0 0.933402 0.985308 441464 0.871748 4081.29 0.00515434 
0.3212 0.0107339 2.0256e+06 0 0 1.59801e+06 1.05188 -4863.81 0 0.915594 0.978385 427586 0.844365 4863.81 0.00623486 
0.32485 0.0106381 2.02555e+06 0 0 1.61437e+06 1.06267 -5745.29 0 0.894119 0.969739 411183 0.811993 5745.29 0.00750802 
0.3285 0.0105285 2.0255e+06 0 0 1.63349e+06 1.07528 -6714.31 0 0.868363 0.958934 392009 0.774148 6714.31 0.00899159 
0.33215 0.0104053 2.02545e+06 0 0 1.65555e+06 1.08983 -7747.11 0 0.83768 0.945433 369901 0.730507 7747.11 0.0106959 
0.3358 0.0102695 2.0254e+06 0 0 1.68057e+06 1.10633 -8804.98 0 0.801443 0.92858 344834 0.681019 8804.98 0.0126181 
0.33945 0.0101234 2.02535e+06 0 0 1.70836e+06 1.12465 -9833.72 0 0.759121 0.907608 316987 0.626039 9833.72 0.014734 
0.3431 0.00997062 2.0253e+06 0 0 1.73848e+06 1.14451 -10766.4 0 0.710423 0.881676 286823 0.56648 10766.4 0.0169887 
0.34675 0.00981627 2.02525e+06 0 0 1.7701e+06 1.16535 -11531.4 0 0.655515 0.849997 255152 0.503942 11531.4 0.0192871 
0.3504 0.00966688 2.0252e+06 0 0 1.80201e+06 1.18639 -12067.1 0 0.595375 0.812151 223190 0.440825 12067.1 0.0214897 
0.35405 0.00953027 2.02515e+06 0 0 1.83257e+06 1.20654 -12341.4 0 0.532329 0.76872 192579 0.380374 12341.4 0.0234233 
0.3577 0.0094155 2.0251e+06 0 0 1.85971e+06 1.22444 -12374 0 0.470799 0.722411 165388 0.326675 12374 0.0249184 
0.36135 0.00933302 2.02505e+06 0 0 1.88095e+06 1.23845 -12249.1 0 0.418179 0.679585 144103 0.284642 12249.1 0.0258751 
0.365 0.0092954 2.025e+06 0 0 1.89333e+06 1.24663 -12108.2 0 0.385323 0.651265 131674 0.260096 12108.2 0.0263149 


0 0.0112 2.03e+06 0 0 1.5225e+06 1 0 0 1.01407 1.01407 507500 1 0 1.44205e-14 
0.00365 0.0112003 2.02995e+06 0 0 1.52246e+06 1 -1.88577e-06 0 1.01407 1.01407 507487 1 1.88839e-06 2.52991e-12 
0.0073 0.0112006 2.0299e+06 0 0 1.52242e+06 1 -4.68053e-06 0 1.01406 1.01406 507475 1 4.6799e-06 6.2381e-12 
0.01095 0.0112008 2.02985e+06 0 0 1.52239e+06 1 -8.67832e-06 0 1.01406 1.01406 507462 1 8.68214e-06 1.15371e-11 
0.0146 0.0112011 2.0298e+06 0 0 1.52235e+06 1 -1.42918e-05 0 1.01406 1.01406 507450 1 1.42937e-05 1.89374e-11 
0.01825 0.0112014 2.02975e+06 0 0 1.52231e+06 1 -2.20182e-05 0 1.01405 1.01405 507437 1 2.20192e-05 2.90925e-11 
0.0219 0.0112017 2.0297e+06 0 0 1.52227e+06 1 -3.25136e-05 0 1.01405 1.01405 507425 1 3.25159e-05 4.28325e-11 
0.02555 0.0112019 2.02965e+06 0 0 1.52224e+06 1 -4.6602e-05 0 1.01404 1.01404 507412 1 4.66047e-05 6.12089e-11 
0.0292 0.0112022 2.0296e+06 0 0 1.5222e+06 1 -6.53381e-05 0 1.01404 1.01404 507400 1 6.53371e-05 8.55503e-11 
0.03285 0.0112025 2.02955e+06 0 0 1.52216e+06 1 -9.00435e-05 0 1.01403 1.01403 507387 1 9.00445e-05 1.17531e-10 
0.0365 0.0112028 2.0295e+06 0 0 1.52212e+06 1 -0.000122391 0 1.01403 1.01403 507375 1 0.000122394 1.59256e-10 
0.04015 0.011203 2.02945e+06 0 0 1.52209e+06 1 -0.000164493 0 1.01402 1.01402 507362 1 0.000164496 2.13364e-10 
0.0438 0.0112033 2.0294e+06 0 0 1.52205e+06 1 -0.000218994 0 1.01402 1.01402 507350 1 0.000218998 2.83163e-10 
0.04745 0.0112036 2.02935e+06 0 0 1.52201e+06 1 -0.000289205 0 1.01401 1.01401 507337 1 0.000289209 3.72783e-10 
0.0511 0.0112039 2.0293e+06 0 0 1.52197e+06 1 -0.000379284 0 1.01401 1.01401 507325 1 0.000379286 4.87384e-10 
0.05475 0.0112041 2.02925e+06 0 0 1.52194e+06 1 -0.000494409 0 1.014 1.014 507312 1 0.000494411 6.334e-10 
0.0584 0.0112044 2.0292e+06 0 0 1.5219e+06 1 -0.000641057 0 1.014 1.014 507300 1 0.000641058 8.18839e-10 
0.06205 0.0112047 2.02915e+06 0 0 1.52186e+06 1 -0.000827293 0 1.01399 1.01399 507287 1 0.000827296 1.05367e-09 
0.0657 0.011205 2.0291e+06 0 0 1.52182e+06 1 -0.00106317 0 1.01399 1.01399 507275 1 0.00106317 1.35028e-09 
0.06935 0.0112052 2.02905e+06 0 0 1.52179e+06 1 -0.00136118 0 1.01398 1.01398 507262 1 0.00136118 1.72407e-09 
0.073 0.0112055 2.029e+06 0 0 1.52175e+06 1 -0.00173686 0 1.01398 1.01398 507250 1 0.00173686 2.19413e-09 
0.07665 0.0112058 2.02895e+06 0 0 1.52171e+06 1 -0.00220951 0 1.01397 1.01397 507237 1 0.00220952 2.78417e-09 
0.0803 0.0112061 2.0289e+06 0 0 1.52167e+06 1 -0.00280311 0 1.01397 1.01397 507225 1 0.00280311 3.52357e-09 
0.08395 0.0112063 2.02885e+06 0 0 1.52164e+06 1 -0.00354737 0 1.01396 1.01396 507212 1 0.00354737 4.44876e-09 
0.0876 0.0112066 2.0288e+06 0 0 1.5216e+06 1 -0.00447915 0 1.01396 1.01396 507200 1 0.00447915 5.60486e-09 
0.09125 0.0112069 2.02875e+06 0 0 1.52156e+06 1 -0.00564415 0 1.01395 1.01395 507187 1 0.00564415 7.04774e-09 
0.0949 0.0112072 2.0287e+06 0 0 1.52153e+06 1 -0.00709898 0 1.01395 1.01395 507175 1 0.00709898 8.8466e-09 
0.09855 0.0112075 2.02865e+06 0 0 1.52149e+06 1 -0.00891376 0 1.01394 1.01394 507162 1 0.00891377 1.10871e-08 
0.1022 0.0112077 2.0286e+06 0 0 1.52145e+06 1 -0.0111753 0 1.01394 1.01394 507150 1 0.0111753 1.38751e-08 
0.10585 0.011208 2.02855e+06 0 0 1.52141e+06 1 -0.0139911 0 1.01393 1.01393 507137 1 0.0139911 1.73418e-08 
0.1095 0.0112083 2.0285e+06 0 0 1.52138e+06 1 -0.0174941 0 1.01393 1.01393 507125 0.999999 0.0174941 2.16494e-08 
0.11315 0.0112086 2.02845e+06 0 0 1.52134e+06 1 -0.021849 0 1.01392 1.01392 507112 0.999999 0.021849 2.69984e-08 
0.1168 0.0112088 2.0284e+06 0 0 1.5213e+06 1 -0.0272592 0 1.01392 1.01392 507100 0.999999 0.0272592 3.36368e-08 
0.12045 0.0112091 2.02835e+06 0 0 1.52126e+06 1 -0.0339765 0 1.01391 1.01391 507087 0.999999 0.0339766 4.18713e-08 
0.1241 0.0112094 2.0283e+06 0 0 1.52123e+06 1 -0.0423125 0 1.01391 1.01391 507074 0.999999 0.0423125 5.20812e-08 
0.12775 0.0112097 2.02825e+06 0 0 1.52119e+06 1 -0.0526521 0 1.0139 1.0139 507062 0.999998 0.0526521 6.47352e-08 
0.1314 0.0112099 2.0282e+06 0 0 1.52115e+06 1 -0.0654714 0 1.0139 1.0139 507049 0.999998 0.0654714 8.04129e-08 
0.13505 0.0112102 2.02815e+06 0 0 1.52111e+06 1 -0.081359 0 1.01389 1.01389 507036 0.999998 0.081359 9.98304e-08 
0.1387 0.0112105 2.0281e+06 0 0 1.52108e+06 1 -0.101043 0 1.01389 1.01389 507023 0.999997 0.101043 1.23873e-07 
0.14235 0.0112108 2.02805e+06 0 0 1.52104e+06 1 -0.125422 0 1.01388 1.01388 507011 0.999996 0.125422 1.53636e-07 
0.146 0.011211 2.028e+06 0 0 1.521e+06 1 -0.155608 0 1.01388 1.01388 506998 0.999995 0.155608 1.90471e-07 
0.14965 0.0112113 2.02795e+06 0 0 1.52097e+06 1 -0.192976 0 1.01387 1.01387 506985 0.999994 0.192976 2.3605e-07 
0.1533 0.0112116 2.0279e+06 0 0 1.52093e+06 1 -0.239224 0 1.01387 1.01387 506971 0.999993 0.239224 2.92439e-07 
0.15695 0.0112118 2.02785e+06 0 0 1.52089e+06 1 -0.296451 0 1.01386 1.01386 506958 0.999991 0.296451 3.62191e-07 
0.1606 0.0112121 2.0278e+06 0 0 1.52086e+06 1 -0.367251 0 1.01385 1.01386 506945 0.999989 0.367251 4.48461e-07 
0.16425 0.0112124 2.02775e+06 0 0 1.52082e+06 1 -0.454831 0 1.01385 1.01385 506931 0.999987 0.454831 5.55149e-07 
0.1679 0.0112127 2.0277e+06 0 0 1.52078e+06 1.00001 -0.563151 0 1.01384 1.01385 506917 0.999984 0.563151 6.87073e-07 
0.17155 0.0112129 2.02765e+06 0 0 1.52075e+06 1.00001 -0.697109 0 1.01383 1.01384 506902 0.99998 0.697109 8.50187e-07 
0.1752 0.0112132 2.0276e+06 0 0 1.52071e+06 1.00001 -0.862755 0 1.01382 1.01384 506887 0.999975 0.862755 1.05185e-06 
0.17885 0.0112134 2.02755e+06 0 0 1.52068e+06 1.00001 -1.06756 0 1.01382 1.01383 506872 0.999969 1.06756 1.30116e-06 
0.1825 0.0112137 2.0275e+06 0 0 1.52064e+06 1.00001 -1.32078 0 1.01381 1.01382 506855 0.999961 1.32078 1.60934e-06 
0.18615 0.0112139 2.02745e+06 0 0 1.52061e+06 1.00002 -1.63381 0 1.0138 1.01382 506838 0.999952 1.63381 1.99028e-06 
0.1898 0.0112142 2.0274e+06 0 0 1.52058e+06 1.00002 -2.02077 0 1.01378 1.01381 506820 0.999941 2.02077 2.46115e-06 
0.19345 0.0112144 2.02735e+06 0 0 1.52055e+06 1.00002 -2.49909 0 1.01377 1.0138 506800 0.999927 2.49909 3.04312e-06 
0.1971 0.0112146 2.0273e+06 0 0 1.52052e+06 1.00003 -3.0903 0 1.01376 1.01379 506779 0.99991 3.0903 3.76241e-06 
0.20075 0.0112148 2.02725e+06 0 0 1.52049e+06 1.00004 -3.82102 0 1.01374 1.01378 506756 0.999888 3.82102 4.65137e-06 
0.2044 0.011215 2.0272e+06 0 0 1.52047e+06 1.00005 -4.72414 0 1.01372 1.01377 506730 0.999862 4.72414 5.74998e-06 
0.20805 0.0112152 2.02715e+06 0 0 1.52045e+06 1.00006 -5.84028 0 1.01369 1.01376 506701 0.999829 5.84028 7.10766e-06 
0.2117 0.0112153 2.0271e+06 0 0 1.52043e+06 1.00007 -7.21964 0 1.01366 1.01375 506668 0.999789 7.21964 8.78544e-06 
0.21535 0.0112154 2.02705e+06 0 0 1.52042e+06 1.00009 -8.92425 0 1.01363 1.01373 506630 0.999739 8.92425 1.08587e-05 
0.219 0.0112155 2.027e+06 0 0 1.52041e+06 1.00011 -11.0307 0 1.01358 1.01372 506586 0.999677 11.0307 1.34206e-05 
0.22265 0.0112155 2.02695e+06 0 0 1.52041e+06 1.00013 -13.6337 0 1.01353 1.0137 506535 0.999601 13.6337 1.65862e-05 
0.2263 0.0112155 2.0269e+06 0 0 1.52042e+06 1.00016 -16.8501 0 1.01347 1.01367 506475 0.999507 16.8501 2.04976e-05 
0.22995 0.0112154 2.02685e+06 0 0 1.52045e+06 1.0002 -20.8244 0 1.01339 1.01365 506404 0.99939 20.8244 2.53302e-05 
0.2336 0.0112152 2.0268e+06 0 0 1.52048e+06 1.00025 -25.7349 0 1.0133 1.01361 506318 0.999247 25.7349 3.13007e-05 
0.23725 0.0112149 2.02675e+06 0 0 1.52053e+06 1.00031 -31.8019 0 1.01318 1.01357 506216 0.999069 31.8019 3.86765e-05 
0.2409 0.0112144 2.0267e+06 0 0 1.52061e+06 1.00038 -39.2973 0 1.01304 1.01352 506092 0.998849 39.2973 4.77879e-05 
0.24455 0.0112138 2.02665e+06 0 0 1.52071e+06 1.00047 -48.5567 0 1.01287 1.01347 505942 0.998578 48.5567 5.90421e-05 
0.2482 0.011213 2.0266e+06 0 0 1.52084e+06 1.00059 -59.9943 0 1.01266 1.01339 505760 0.998243 59.9943 7.29415e-05 
0.25185 0.0112119 2.02655e+06 0 0 1.52101e+06 1.00072 -74.1211 0 1.0124 1.01331 505537 0.997829 74.1211 9.01058e-05 
0.2555 0.0112105 2.0265e+06 0 0 1.52123e+06 1.00089 -91.5668 0 1.01208 1.0132 505266 0.997317 91.5668 0.000111298 
0.25915 0.0112087 2.02645e+06 0 0 1.52152e+06 1.00111 -113.108 0 1.01169 1.01307 504933 0.996685 113.108 0.00013746 
0.2628 0.0112064 2.0264e+06 0 0 1.52187e+06 1.00137 -139.699 0 1.0112 1.01291 504525 0.995904 139.699 0.000169747 
0.26645 0.0112034 2.02635e+06 0 0 1.52233e+06 1.00169 -172.516 0 1.0106 1.01271 504024 0.994941 172.516 0.000209585 
0.2701 0.0111998 2.0263e+06 0 0 1.52289e+06 1.00208 -213.003 0 1.00986 1.01247 503409 0.993751 213.003 0.000258721 
0.27375 0.0111952 2.02625e+06 0 0 1.5236e+06 1.00257 -262.928 0 1.00896 1.01217 502653 0.992282 262.928 0.000319302 
0.2774 0.0111895 2.0262e+06 0 0 1.52448e+06 1.00318 -324.457 0 1.00783 1.0118 501722 0.990469 324.457 0.000393956 
0.28105 0.0111825 2.02615e+06 0 0 1.52557e+06 1.00392 -400.233 0 1.00645 1.01134 500577 0.988234 400.233 0.000485898 
0.2847 0.0111737 2.0261e+06 0 0 1.52693e+06 1.00484 -493.467 0 1.00475 1.01078 499169 0.985477 493.467 0.00059905 
0.28835 0.0111628 2.02605e+06 0 0 1.52861e+06 1.00597 -608.045 0 1.00265 1.01009 497437 0.982082 608.045 0.000738183 
0.292 0.0111495 2.026e+06 0 0 1.53069e+06 1.00737 -748.638 0 1.00007 1.00923 495307 0.977902 748.638 0.000909087 
0.29565 0.011133 2.02595e+06 0 0 1.53326e+06 1.00908 -920.821 0 0.996897 1.00816 492692 0.972762 920.821 0.00111875 
0.2993 0.0111128 2.0259e+06 0 0 1.53642e+06 1.01118 -1131.17 0 0.992992 1.00684 489483 0.96645 1131.17 0.00137557 
0.30295 0.0110881 2.02585e+06 0 0 1.5403e+06 1.01376 -1387.35 0 0.988195 1.00521 485552 0.958712 1387.35 0.00168958 
0.3066 0.0110579 2.0258e+06 0 0 1.54505e+06 1.01692 -1698.09 0 0.98231 1.00318 480747 0.949248 1698.09 0.00207267 
0.31025 0.0110214 2.02575e+06 0 0 1.55086e+06 1.02077 -2073.14 0 0.9751 1.00066 474889 0.937705 2073.14 0.00253878 
0.3139 0.0109773 2.0257e+06 0 0 1.55793e+06 1.02544 -2522.93 0 0.966284 0.997539 467772 0.923675 2522.93 0.00310405 
0.31755 0.0109244 2.02565e+06 0 0 1.56649e+06 1.0311 -3058.06 0 0.955526 0.993659 459164 0.9067 3058.06 0.0037869 
0.3212 0.0108615 2.0256e+06 0 0 1.57679e+06 1.03791 -3688.37 0 0.942436 0.988837 448811 0.886277 3688.37 0.00460779 
0.32485 0.0107875 2.02555e+06 0 0 1.5891e+06 1.04604 -4421.53 0 0.926562 0.982844 436446 0.861882 4421.53 0.00558879 
0.3285 0.0107013 2.0255e+06 0 0 1.60369e+06 1.05567 -5261.07 0 0.907392 0.9754 421810 0.833 5261.07 0.00675254 
0.33215 0.0106025 2.02545e+06 0 0 1.62077e+06 1.06694 -6203.92 0 0.884368 0.966161 404678 0.799186 6203.92 0.00812052 
0.3358 0.0104911 2.0254e+06 0 0 1.6405e+06 1.07995 -7237.49 0 0.856907 0.954722 384902 0.76015 7237.49 0.00971009 
0.33945 0.0103681 2.02535e+06 0 0 1.66288e+06 1.09471 -8337.09 0 0.824454 0.940618 362470 0.715866 8337.09 0.0115301 
0.3431 0.010236 2.0253e+06 0 0 1.68772e+06 1.11109 -9464.22 0 0.78658 0.923363 337582 0.66673 9464.22 0.0135744 
0.34675 0.0100985 2.02525e+06 0 0 1.71451e+06 1.12876 -10567.2 0 0.743158 0.902532 310738 0.613728 10567.2 0.015813 
0.3504 0.00996129 2.0252e+06 0 0 1.74236e+06 1.14712 -11585.3 0 0.694677 0.877961 282838 0.558636 11585.3 0.018181 
0.35405 0.00983211 2.02515e+06 0 0 1.76988e+06 1.16526 -12457.3 0 0.642751 0.850128 255273 0.504207 12457.3 0.0205651 
0.3577 0.00972075 2.0251e+06 0 0 1.79508e+06 1.18189 -13133.2 0 0.590924 0.82081 230017 0.454332 13133.2 0.0227905 
0.36135 0.00963941 2.02505e+06 0 0 1.81538e+06 1.19528 -13585 0 0.545649 0.79396 209674 0.414161 13585 0.0246102 
0.365 0.00960315 2.025e+06 0 0 1.82748e+06 1.20328 -13808.8 0 0.516904 0.776291 197519 0.390161 13808.8 0.0257031 


0 0.0112 2.03e+06 0 0 1.5225e+06 1 0 0 1.01407 1.01407 507500 1 0 9.07874e-15 
0.00365 0.0112003 2.02995e+06 0 0 1.52246e+06 1 -1.3326e-06 0 1.01407 1.01407 507487 1 1.33369e-06 1.78207e-12 
0.0073 0.0112006 2.0299e+06 0 0 1.52242e+06 1 -3.30508e-06 0 1.01406 1.01406 507475 1 3.30708e-06 4.39624e-12 
0.01095 0.0112008 2.02985e+06 0 0 1.52239e+06 1 -6.13373e-06 0 1.01406 1.01406 507462 1 6.13625e-06 8.13411e-12 
0.0146 0.0112011 2.0298e+06 0 0 1.52235e+06 1 -1.00976e-05 0 1.01406 1.01406 507450 1 1.01013e-05 1.33568e-11 
0.01825 0.0112014 2.02975e+06 0 0 1.52231e+06 1 -1.55626e-05 0 1.01405 1.01405 507437 1 1.55658e-05 2.05279e-11 
0.0219 0.0112017 2.0297e+06 0 0 1.52227e+06 1 -2.2991e-05 0 1.01405 1.01405 507425 1 2.299e-05 3.02356e-11 
0.02555 0.0112019 2.02965e+06 0 0 1.52224e+06 1 -3.29601e-05 0 1.01404 1.01404 507412 1 3.29622e-05 4.3226e-11 
0.0292 0.0112022 2.0296e+06 0 0 1.5222e+06 1 -4.62203e-05 0 1.01404 1.01404 507400 1 4.62248e-05 6.0443e-11 
0.03285 0.0112025 2.02955e+06 0 0 1.52216e+06 1 -6.37194e-05 0 1.01403 1.01403 507387 1 6.37227e-05 8.30756e-11 
0.0365 0.0112028 2.0295e+06 0 0 1.52212e+06 1 -8.66437e-05 0 1.01403 1.01403 507375 1 8.66457e-05 1.1262e-10 
0.04015 0.011203 2.02945e+06 0 0 1.52209e+06 1 -0.000116488 0 1.01402 1.01402 507362 1 0.000116489 1.50954e-10 
0.0438 0.0112033 2.0294e+06 0 0 1.52205e+06 1 -0.000155135 0 1.01402 1.01402 507350 1 0.000155137 2.00429e-10 
0.04745 0.0112036 2.02935e+06 0 0 1.52201e+06 1 -0.00020495 0 1.01401 1.01401 507337 1 0.00020495 2.63987e-10 
0.0511 0.0112039 2.0293e+06 0 0 1.52197e+06 1 -0.000268876 0 1.01401 1.01401 507325 1 0.000268878 3.45301e-10 
0.05475 0.0112041 2.02925e+06 0 0 1.52194e+06 1 -0.000350615 0 1.014 1.014 507312 1 0.000350618 4.48954e-10 
0.0584 0.0112044 2.0292e+06 0 0 1.5219e+06 1 -0.000454779 0 1.014 1.014 507300 1 0.000454779 5.80653e-10 
0.06205 0.0112047 2.02915e+06 0 0 1.52186e+06 1 -0.000587109 0 1.01399 1.01399 507287 1 0.00058711 7.47504e-10 
0.0657 0.011205 2.0291e+06 0 0 1.52182e+06 1 -0.000754767 0 1.01399 1.01399 507275 1 0.000754769 9.58339e-10 
0.06935 0.0112052 2.02905e+06 0 0 1.52179e+06 1 -0.000966671 0 1.01398 1.01398 507262 1 0.000966674 1.22413e-09 
0.073 0.0112055 2.029e+06 0 0 1.52175e+06 1 -0.0012339 0 1.01398 1.01398 507250 1 0.0012339 1.55852e-09 
0.07665 0.0112058 2.02895e+06 0 0 1.52171e+06 1 -0.00157021 0 1.01397 1.01397 507237 1 0.00157021 1.9784e-09 
0.0803 0.0112061 2.0289e+06 0 0 1.52167e+06 1 -0.0019927 0 1.01397 1.01397 507225 1 0.00199271 2.50475e-09 
0.08395 0.0112063 2.02885e+06 0 0 1.52164e+06 1 -0.00252259 0 1.01396 1.01396 507212 1 0.0025226 3.16357e-09 
0.0876 0.0112066 2.0288e+06 0 0 1.5216e+06 1 -0.00318619 0 1.01396 1.01396 507200 1 0.00318619 3.98707e-09 
0.09125 0.0112069 2.02875e+06 0 0 1.52156e+06 1 -0.0040161 0 1.01395 1.01395 507187 1 0.0040161 5.01513e-09 
0.0949 0.0112072 2.0287e+06 0 0 1.52152e+06 1 -0.00505274 0 1.01395 1.01395 507175 1 0.00505274 6.29717e-09 
0.09855 0.0112075 2.02865e+06 0 0 1.52149e+06 1 -0.00634617 0 1.01394 1.01394 507162 1 0.00634617 7.89434e-09 
0.1022 0.0112077 2.0286e+06 0 0 1.52145e+06 1 -0.00795839 0 1.01394 1.01394 507150 1 0.00795839 9.88231e-09 
0.10585 0.011208 2.02855e+06 0 0 1.52141e+06 1 -0.00996615 0 1.01393 1.01393 507137 1 0.00996615 1.23547e-08 
0.1095 0.0112083 2.0285e+06 0 0 1.52138e+06 1 -0.0124644 0 1.01393 1.01393 507125 1 0.0124644 1.54274e-08 
0.11315 0.0112086 2.02845e+06 0 0 1.52134e+06 1 -0.0155708 0 1.01392 1.01392 507112 1 0.0155708 1.92437e-08 
0.1168 0.0112088 2.0284e+06 0 0 1.5213e+06 1 -0.0194306 0 1.01392 1.01392 507100 0.999999 0.0194306 2.39808e-08 
0.12045 0.0112091 2.02835e+06 0 0 1.52126e+06 1 -0.0242238 0 1.01391 1.01391 507087 0.999999 0.0242238 2.98577e-08 
0.1241 0.0112094 2.0283e+06 0 0 1.52123e+06 1 -0.0301728 0 1.01391 1.01391 507075 0.999999 0.0301728 3.71455e-08 
0.12775 0.0112097 2.02825e+06 0 0 1.52119e+06 1 -0.0375527 0 1.0139 1.0139 507062 0.999999 0.0375527 4.61791e-08 
0.1314 0.0112099 2.0282e+06 0 0 1.52115e+06 1 -0.0467037 0 1.0139 1.0139 507049 0.999999 0.0467037 5.73725e-08 
0.13505 0.0112102 2.02815e+06 0 0 1.52111e+06 1 -0.0580464 0 1.01389 1.01389 507037 0.999998 0.0580464 7.12377e-08 
0.1387 0.0112105 2.0281e+06 0 0 1.52108e+06 1 -0.0721007 0 1.01389 1.01389 507024 0.999998 0.0721007 8.84073e-08 
0.14235 0.0112108 2.02805e+06 0 0 1.52104e+06 1 -0.0895093 0 1.01388 1.01388 507011 0.999997 0.0895093 1.09663e-07 
0.146 0.011211 2.028e+06 0 0 1.521e+06 1 -0.111067 0 1.01388 1.01388 506998 0.999997 0.111067 1.35973e-07 
0.14965 0.0112113 2.02795e+06 0 0 1.52096e+06 1 -0.137755 0 1.01387 1.01387 506985 0.999996 0.137755 1.6853e-07 
0.1533 0.0112116 2.0279e+06 0 0 1.52093e+06 1 -0.170788 0 1.01387 1.01387 506972 0.999995 0.170788 2.08811e-07 
0.15695 0.0112119 2.02785e+06 0 0 1.52089e+06 1 -0.211666 0 1.01386 1.01386 506959 0.999994 0.211666 2.58641e-07 
0.1606 0.0112121 2.0278e+06 0 0 1.52085e+06 1 -0.262242 0 1.01386 1.01386 506946 0.999992 0.262242 3.20275e-07 
0.16425 0.0112124 2.02775e+06 0 0 1.52082e+06 1 -0.324808 0 1.01385 1.01385 506933 0.999991 0.324808 3.965e-07 
0.1679 0.0112127 2.0277e+06 0 0 1.52078e+06 1 -0.402196 0 1.01384 1.01385 506919 0.999988 0.402196 4.9076e-07 
0.17155 0.0112129 2.02765e+06 0 0 1.52074e+06 1 -0.497904 0 1.01384 1.01384 506905 0.999985 0.497904 6.0731e-07 
0.1752 0.0112132 2.0276e+06 0 0 1.52071e+06 1.00001 -0.616256 0 1.01383 1.01384 506891 0.999982 0.616256 7.51409e-07 
0.17885 0.0112135 2.02755e+06 0 0 1.52067e+06 1.00001 -0.762597 0 1.01382 1.01383 506876 0.999978 0.762597 9.29557e-07 
0.1825 0.0112137 2.0275e+06 0 0 1.52064e+06 1.00001 -0.94353 0 1.01381 1.01383 506861 0.999972 0.94353 1.14978e-06 
0.18615 0.011214 2.02745e+06 0 0 1.5206e+06 1.00001 -1.16721 0 1.0138 1.01382 506845 0.999966 1.16721 1.42202e-06 
0.1898 0.0112142 2.0274e+06 0 0 1.52057e+06 1.00001 -1.44373 0 1.01379 1.01381 506829 0.999958 1.44373 1.75851e-06 
0.19345 0.0112145 2.02735e+06 0 0 1.52054e+06 1.00002 -1.78554 0 1.01378 1.01381 506811 0.999948 1.78554 2.17443e-06 
0.1971 0.0112147 2.0273e+06 0 0 1.52051e+06 1.00002 -2.20804 0 1.01377 1.0138 506792 0.999935 2.20804 2.68848e-06 
0.20075 0.0112149 2.02725e+06 0 0 1.52048e+06 1.00003 -2.73025 0 1.01376 1.01379 506772 0.99992 2.73025 3.32382e-06 
0.2044 0.0112151 2.0272e+06 0 0 1.52045e+06 1.00003 -3.37567 0 1.01374 1.01378 506750 0.999901 3.37567 4.10901e-06 
0.20805 0.0112153 2.02715e+06 0 0 1.52042e+06 1.00004 -4.17335 0 1.01372 1.01377 506726 0.999878 4.17335 5.07939e-06 
0.2117 0.0112155 2.0271e+06 0 0 1.5204e+06 1.00005 -5.15918 0 1.0137 1.01376 506698 0.999849 5.15918 6.27859e-06 
0.21535 0.0112157 2.02705e+06 0 0 1.52038e+06 1.00006 -6.3775 0 1.01367 1.01375 506668 0.999813 6.3775 7.76052e-06 
0.219 0.0112158 2.027e+06 0 0 1.52037e+06 1.00008 -7.88308 0 1.01364 1.01374 506633 0.999769 7.88308 9.59178e-06 
0.22265 0.0112159 2.02695e+06 0 0 1.52036e+06 1.0001 -9.7436 0 1.0136 1.01372 506593 0.999715 9.7436 1.18547e-05 
0.2263 0.011216 2.0269e+06 0 0 1.52035e+06 1.00012 -12.0427 0 1.01355 1.0137 506546 0.999648 12.0427 1.46508e-05 
0.22995 0.011216 2.02685e+06 0 0 1.52036e+06 1.00015 -14.8836 0 1.0135 1.01368 506492 0.999564 14.8836 1.81057e-05 
0.2336 0.0112159 2.0268e+06 0 0 1.52037e+06 1.00018 -18.394 0 1.01343 1.01366 506427 0.999462 18.394 2.23745e-05 
0.23725 0.0112158 2.02675e+06 0 0 1.5204e+06 1.00022 -22.7314 0 1.01335 1.01363 506350 0.999334 22.7314 2.76486e-05 
0.2409 0.0112155 2.0267e+06 0 0 1.52044e+06 1.00027 -28.0906 0 1.01325 1.01359 506258 0.999178 28.0906 3.41643e-05 
0.24455 0.0112152 2.02665e+06 0 0 1.5205e+06 1.00034 -34.7117 0 1.01312 1.01355 506147 0.998984 34.7117 4.22134e-05 
0.2482 0.0112146 2.0266e+06 0 0 1.52059e+06 1.00042 -42.8917 0 1.01297 1.01349 506014 0.998744 42.8917 5.21562e-05 
0.25185 0.0112139 2.02655e+06 0 0 1.5207e+06 1.00052 -52.9966 0 1.01278 1.01343 505851 0.998448 52.9966 6.44368e-05 
0.2555 0.011213 2.0265e+06 0 0 1.52085e+06 1.00064 -65.4785 0 1.01255 1.01335 505653 0.998082 65.4785 7.96032e-05 
0.25915 0.0112118 2.02645e+06 0 0 1.52104e+06 1.00079 -80.8949 0 1.01227 1.01326 505412 0.99763 80.8949 9.83311e-05 
0.2628 0.0112102 2.0264e+06 0 0 1.52128e+06 1.00098 -99.9329 0 1.01192 1.01314 505117 0.997072 99.9329 0.000121453 
0.26645 0.0112082 2.02635e+06 0 0 1.52159e+06 1.00121 -123.439 0 1.01149 1.013 504755 0.996383 123.439 0.000149994 
0.2701 0.0112057 2.0263e+06 0 0 1.52199e+06 1.00149 -152.456 0 1.01096 1.01282 504311 0.995532 152.456 0.000185215 
0.27375 0.0112025 2.02625e+06 0 0 1.52248e+06 1.00184 -188.265 0 1.01031 1.01261 503767 0.994481 188.265 0.000228667 
0.2774 0.0111985 2.0262e+06 0 0 1.5231e+06 1.00227 -232.44 0 1.0095 1.01235 503097 0.993184 232.44 0.000282256 
0.28105 0.0111935 2.02615e+06 0 0 1.52388e+06 1.00281 -286.909 0 1.00851 1.01202 502274 0.991583 286.909 0.000348317 
0.2847 0.0111873 2.0261e+06 0 0 1.52484e+06 1.00346 -354.032 0 1.00729 1.01162 501262 0.989609 354.032 0.00042971 
0.28835 0.0111795 2.02605e+06 0 0 1.52603e+06 1.00427 -436.683 0 1.00579 1.01112 500017 0.987176 436.683 0.000529932 
0.292 0.01117 2.026e+06 0 0 1.52751e+06 1.00527 -538.354 0 1.00393 1.01051 498486 0.984178 538.354 0.000653244 
0.29565 0.0111582 2.02595e+06 0 0 1.52934e+06 1.0065 -663.263 0 1.00165 1.00975 496605 0.980488 663.263 0.000804831 
0.2993 0.0111437 2.0259e+06 0 0 1.5316e+06 1.00802 -816.473 0 0.998838 1.00881 494295 0.975952 816.473 0.00099097 
0.30295 0.0111258 2.02585e+06 0 0 1.53439e+06 1.00987 -1004 0 0.995381 1.00766 491462 0.970382 1004 0.00121924 
0.3066 0.011104 2.0258e+06 0 0 1.53781e+06 1.01215 -1232.93 0 0.991135 1.00622 487993 0.963557 1232.93 0.00149872 
0.31025 0.0110774 2.02575e+06 0 0 1.54199e+06 1.01493 -1511.46 0 0.985923 1.00445 483755 0.955212 1511.46 0.00184027 
0.3139 0.0110452 2.0257e+06 0 0 1.54711e+06 1.01832 -1848.86 0 0.979537 1.00226 478591 0.945038 1848.86 0.0022567 
0.31755 0.0110062 2.02565e+06 0 0 1.55333e+06 1.02244 -2255.38 0 0.971724 0.999545 472322 0.932682 2255.38 0.00276302 
0.3212 0.0109596 2.0256e+06 0 0 1.56085e+06 1.02742 -2741.8 0 0.962189 0.996188 464746 0.917746 2741.8 0.00337654 
0.32485 0.0109041 2.02555e+06 0 0 1.5699e+06 1.0334 -3318.8 0 0.950584 0.99204 455647 0.8998 3318.8 0.00411692 
0.3285 0.0108388 2.0255e+06 0 0 1.5807e+06 1.04053 -3995.86 0 0.936511 0.986922 444800 0.8784 3995.86 0.00500586 
0.33215 0.0107629 2.02545e+06 0 0 1.59346e+06 1.04896 -4779.57 0 0.919526 0.980621 431993 0.85313 4779.57 0.00606647 
0.3358 0.0106762 2.0254e+06 0 0 1.60834e+06 1.05878 -5671.46 0 0.899151 0.972895 417056 0.823653 5671.46 0.00732195 
0.33945 0.0105788 2.02535e+06 0 0 1.62544e+06 1.07007 -6665.23 0 0.874912 0.963481 399907 0.789804 6665.23 0.00879303 
0.3431 0.0104721 2.0253e+06 0 0 1.64469e+06 1.08276 -7743.63 0 0.846411 0.952121 380611 0.751713 7743.63 0.0104937 
0.34675 0.0103589 2.02525e+06 0 0 1.66578e+06 1.09668 -8875.59 0 0.81346 0.938629 359465 0.709967 8875.59 0.0124239 
0.3504 0.0102436 2.0252e+06 0 0 1.6881e+06 1.1114 -10014.3 0 0.77633 0.923008 337097 0.665806 10014.3 0.0145568 
0.35405 0.0101327 2.02515e+06 0 0 1.71057e+06 1.12621 -11096.8 0 0.736182 0.905673 314584 0.621355 11096.8 0.0168183 
0.3577 0.0100353 2.0251e+06 0 0 1.73154e+06 1.14005 -12046.4 0 0.695733 0.887794 293561 0.579846 12046.4 0.019055 
0.36135 0.00996329 2.02505e+06 0 0 1.74873e+06 1.1514 -12775.7 0 0.660098 0.871726 276320 0.545803 12775.7 0.0209934 
0.365 0.00993163 2.025e+06 0 0 1.75915e+06 1.15829 -13190.7 0 0.637319 0.861278 265854 0.525143 13190.7 0.0222148 


0 0.0112 2.03e+06 0 0 1.5225e+06 1 0 0 1.01407 1.01407 507500 1 0 8.77098e-15 
0.00365 0.0112003 2.02995e+06 0 0 1.52246e+06 1 -9.39894e-07 0 1.01407 1.01407 507487 1 9.43122e-07 1.25579e-12 
0.0073 0.0112006 2.0299e+06 0 0 1.52242e+06 1 -2.33528e-06 0 1.01406 1.01406 507475 1 2.33697e-06 3.09967e-12 
0.01095 0.0112008 2.02985e+06 0 0 1.52239e+06 1 -4.33368e-06 0 1.01406 1.01406 507462 1 4.33621e-06 5.73695e-12 
0.0146 0.0112011 2.0298e+06 0 0 1.52235e+06 1 -7.13941e-06 0 1.01406 1.01406 507450 1 7.14123e-06 9.42373e-12 
0.01825 0.0112014 2.02975e+06 0 0 1.52231e+06 1 -1.10036e-05 0 1.01405 1.01405 507437 1 1.10053e-05 1.44886e-11 
0.0219 0.0112017 2.0297e+06 0 0 1.52227e+06 1 -1.62573e-05 0 1.01405 1.01405 507425 1 1.62585e-05 2.13484e-11 
0.02555 0.0112019 2.02965e+06 0 0 1.52224e+06 1 -2.3315e-05 0 1.01404 1.01404 507412 1 2.33174e-05 3.0533e-11 
0.0292 0.0112022 2.0296e+06 0 0 1.5222e+06 1 -3.27059e-05 0 1.01404 1.01404 507400 1 3.27083e-05 4.27126e-11 
0.03285 0.0112025 2.02955e+06 0 0 1.52216e+06 1 -4.5102e-05 0 1.01403 1.01403 507387 1 4.51011e-05 5.87316e-11 
0.0365 0.0112028 2.0295e+06 0 0 1.52212e+06 1 -6.13413e-05 0 1.01403 1.01403 507375 1 6.13453e-05 7.96535e-11 
0.04015 0.011203 2.02945e+06 0 0 1.52209e+06 1 -8.25014e-05 0 1.01402 1.01402 507362 1 8.25033e-05 1.06814e-10 
0.0438 0.0112033 2.0294e+06 0 0 1.52205e+06 1 -0.000109913 0 1.01402 1.01402 507350 1 0.000109912 1.41886e-10 
0.04745 0.0112036 2.02935e+06 0 0 1.52201e+06 1 -0.000145248 0 1.01401 1.01401 507337 1 0.000145251 1.86963e-10 
0.0511 0.0112039 2.0293e+06 0 0 1.52197e+06 1 -0.000190625 0 1.01401 1.01401 507325 1 0.000190627 2.4466e-10 
0.05475 0.0112041 2.02925e+06 0 0 1.52194e+06 1 -0.000248662 0 1.014 1.014 507312 1 0.000248664 3.18243e-10 
0.0584 0.0112044 2.0292e+06 0 0 1.5219e+06 1 -0.000322648 0 1.014 1.014 507300 1 0.00032265 4.11778e-10 
0.06205 0.0112047 2.02915e+06 0 0 1.52186e+06 1 -0.000416678 0 1.01399 1.01399 507287 1 0.000416679 5.30328e-10 
0.0657 0.011205 2.0291e+06 0 0 1.52182e+06 1 -0.000535853 0 1.01399 1.01399 507275 1 0.000535856 6.80192e-10 
0.06935 0.0112052 2.02905e+06 0 0 1.52179e+06 1 -0.000686528 0 1.01398 1.01398 507262 1 0.000686531 8.69197e-10 
0.073 0.0112055 2.029e+06 0 0 1.52175e+06 1 -0.000876607 0 1.01398 1.01398 507250 1 0.00087661 1.10706e-09 
0.07665 0.0112058 2.02895e+06 0 0 1.52171e+06 1 -0.00111591 0 1.01397 1.01397 507237 1 0.00111591 1.40585e-09 
0.0803 0.0112061 2.0289e+06 0 0 1.52167e+06 1 -0.00141662 0 1.01397 1.01397 507225 1 0.00141662 1.78054e-09 
0.08395 0.0112063 2.02885e+06 0 0 1.52164e+06 1 -0.00179388 0 1.01396 1.01396 507212 1 0.00179388 2.24966e-09 
0.0876 0.0112066 2.0288e+06 0 0 1.5216e+06 1 -0.00226647 0 1.01396 1.01396 507200 1 0.00226647 2.83623e-09 
0.09125 0.0112069 2.02875e+06 0 0 1.52156e+06 1 -0.00285766 0 1.01395 1.01395 507187 1 0.00285766 3.56871e-09 
0.0949 0.0112072 2.0287e+06 0 0 1.52152e+06 1 -0.0035963 0 1.01395 1.01395 507175 1 0.0035963 4.48238e-09 
0.09855 0.0112075 2.02865e+06 0 0 1.52149e+06 1 -0.00451813 0 1.01394 1.01394 507162 1 0.00451814 5.62092e-09 
0.1022 0.0112077 2.0286e+06 0 0 1.52145e+06 1 -0.00566743 0 1.01394 1.01394 507150 1 0.00566743 7.03837e-09 
0.10585 0.011208 2.02855e+06 0 0 1.52141e+06 1 -0.007099 0 1.01393 1.01393 507137 1 0.007099 8.80162e-09 
0.1095 0.0112083 2.0285e+06 0 0 1.52138e+06 1 -0.00888066 0 1.01393 1.01393 507125 1 0.00888067 1.09934e-08 
0.11315 0.0112086 2.02845e+06 0 0 1.52134e+06 1 -0.0110964 0 1.01392 1.01392 507112 1 0.0110964 1.37161e-08 
0.1168 0.0112088 2.0284e+06 0 0 1.5213e+06 1 -0.01385 0 1.01392 1.01392 507100 1 0.01385 1.70963e-08 
0.12045 0.0112091 2.02835e+06 0 0 1.52126e+06 1 -0.0172701 0 1.01391 1.01391 507087 0.999999 0.0172701 2.12905e-08 
0.1241 0.0112094 2.0283e+06 0 0 1.52123e+06 1 -0.0215156 0 1.01391 1.01391 507075 0.999999 0.0215156 2.64923e-08 
0.12775 0.0112097 2.02825e+06 0 0 1.52119e+06 1 -0.0267829 0 1.0139 1.0139 507062 0.999999 0.0267829 3.29411e-08 
0.1314 0.0112099 2.0282e+06 0 0 1.52115e+06 1 -0.0333151 0 1.0139 1.0139 507049 0.999999 0.0333151 4.09326e-08 
0.13505 0.0112102 2.02815e+06 0 0 1.52111e+06 1 -0.0414128 0 1.01389 1.01389 507037 0.999999 0.0414128 5.08328e-08 
0.1387 0.0112105 2.0281e+06 0 0 1.52108e+06 1 -0.0514475 0 1.01389 1.01389 507024 0.999999 0.0514475 6.30938e-08 
0.14235 0.0112108 2.02805e+06 0 0 1.52104e+06 1 -0.0638783 0 1.01388 1.01388 507012 0.999998 0.0638783 7.82743e-08 
0.146 0.011211 2.028e+06 0 0 1.521e+06 1 -0.0792731 0 1.01388 1.01388 506999 0.999998 0.0792731 9.70652e-08 
0.14965 0.0112113 2.02795e+06 0 0 1.52096e+06 1 -0.0983336 0 1.01387 1.01387 506986 0.999997 0.0983336 1.2032e-07 
0.1533 0.0112116 2.0279e+06 0 0 1.52093e+06 1 -0.121927 0 1.01387 1.01387 506973 0.999996 0.121927 1.49094e-07 
0.15695 0.0112119 2.02785e+06 0 0 1.52089e+06 1 -0.151126 0 1.01386 1.01386 506960 0.999996 0.151126 1.84692e-07 
0.1606 0.0112121 2.0278e+06 0 0 1.52085e+06 1 -0.187254 0 1.01386 1.01386 506947 0.999995 0.187254 2.28725e-07 
0.16425 0.0112124 2.02775e+06 0 0 1.52082e+06 1 -0.23195 0 1.01385 1.01385 506934 0.999993 0.23195 2.83184e-07 
0.1679 0.0112127 2.0277e+06 0 0 1.52078e+06 1 -0.287237 0 1.01385 1.01385 506921 0.999992 0.287237 3.50531e-07 
0.17155 0.0112129 2.02765e+06 0 0 1.52074e+06 1 -0.355616 0 1.01384 1.01384 506907 0.99999 0.355616 4.33808e-07 
0.1752 0.0112132 2.0276e+06 0 0 1.52071e+06 1 -0.440177 0 1.01383 1.01384 506893 0.999987 0.440177 5.36773e-07 
0.17885 0.0112135 2.02755e+06 0 0 1.52067e+06 1.00001 -0.54474 0 1.01383 1.01383 506879 0.999984 0.54474 6.64071e-07 
0.1825 0.0112137 2.0275e+06 0 0 1.52063e+06 1.00001 -0.674022 0 1.01382 1.01383 506865 0.99998 0.674022 8.21443e-07 
0.18615 0.011214 2.02745e+06 0 0 1.5206e+06 1.00001 -0.833857 0 1.01381 1.01382 506850 0.999976 0.833857 1.01598e-06 
0.1898 0.0112143 2.0274e+06 0 0 1.52057e+06 1.00001 -1.03145 0 1.0138 1.01381 506835 0.99997 1.03145 1.25645e-06 
0.19345 0.0112145 2.02735e+06 0 0 1.52053e+06 1.00001 -1.27571 0 1.01379 1.01381 506819 0.999963 1.27571 1.55368e-06 
0.1971 0.0112148 2.0273e+06 0 0 1.5205e+06 1.00002 -1.57763 0 1.01378 1.0138 506802 0.999954 1.57763 1.92106e-06 
0.20075 0.011215 2.02725e+06 0 0 1.52047e+06 1.00002 -1.95082 0 1.01377 1.01379 506784 0.999943 1.95082 2.37512e-06 
0.2044 0.0112152 2.0272e+06 0 0 1.52044e+06 1.00002 -2.41208 0 1.01376 1.01379 506764 0.999929 2.41208 2.93629e-06 
0.20805 0.0112155 2.02715e+06 0 0 1.52041e+06 1.00003 -2.98215 0 1.01374 1.01378 506743 0.999913 2.98215 3.62983e-06 
0.2117 0.0112157 2.0271e+06 0 0 1.52038e+06 1.00004 -3.68671 0 1.01373 1.01377 506720 0.999892 3.68671 4.48693e-06 
0.21535 0.0112159 2.02705e+06 0 0 1.52035e+06 1.00004 -4.55744 0 1.0137 1.01376 506695 0.999867 4.55744 5.54614e-06 
0.219 0.011216 2.027e+06 0 0 1.52033e+06 1.00005 -5.6335 0 1.01368 1.01375 506666 0.999835 5.6335 6.85508e-06 
0.22265 0.0112162 2.02695e+06 0 0 1.52032e+06 1.00007 -6.96329 0 1.01365 1.01374 506634 0.999796 6.96329 8.47258e-06 
0.2263 0.0112163 2.0269e+06 0 0 1.5203e+06 1.00008 -8.60658 0 1.01362 1.01372 506597 0.999748 8.60658 1.04713e-05 
0.22995 0.0112164 2.02685e+06 0 0 1.5203e+06 1.0001 -10.6372 0 1.01358 1.01371 506555 0.999689 10.6372 1.29411e-05 
0.2336 0.0112164 2.0268e+06 0 0 1.52029e+06 1.00013 -13.1465 0 1.01353 1.01369 506505 0.999615 13.1465 1.59929e-05 
0.23725 0.0112164 2.02675e+06 0 0 1.5203e+06 1.00016 -16.2472 0 1.01346 1.01366 506446 0.999524 16.2472 1.97635e-05 
0.2409 0.0112163 2.0267e+06 0 0 1.52032e+06 1.0002 -20.0784 0 1.01339 1.01364 506377 0.999412 20.0784 2.44223e-05 
0.24455 0.0112161 2.02665e+06 0 0 1.52036e+06 1.00024 -24.8122 0 1.0133 1.0136 506294 0.999274 24.8122 3.01781e-05 
0.2482 0.0112158 2.0266e+06 0 0 1.5204e+06 1.0003 -30.661 0 1.01319 1.01356 506195 0.999102 30.661 3.72888e-05 
0.25185 0.0112154 2.02655e+06 0 0 1.52047e+06 1.00037 -37.8871 0 1.01305 1.01352 506075 0.998891 37.8871 4.60728e-05 
0.2555 0.0112148 2.0265e+06 0 0 1.52057e+06 1.00046 -46.8143 0 1.01289 1.01346 505930 0.998629 46.8143 5.69229e-05 
0.25915 0.011214 2.02645e+06 0 0 1.5207e+06 1.00056 -57.8423 0 1.01268 1.01339 505754 0.998306 57.8423 7.03238e-05 
0.2628 0.011213 2.0264e+06 0 0 1.52086e+06 1.0007 -71.4641 0 1.01243 1.01331 505540 0.997907 71.4641 8.68731e-05 
0.26645 0.0112116 2.02635e+06 0 0 1.52107e+06 1.00086 -88.288 0 1.01212 1.0132 505278 0.997415 88.288 0.000107308 
0.2701 0.0112099 2.0263e+06 0 0 1.52134e+06 1.00106 -109.063 0 1.01174 1.01308 504957 0.996806 109.063 0.000132535 
0.27375 0.0112077 2.02625e+06 0 0 1.52169e+06 1.00132 -134.714 0 1.01128 1.01292 504564 0.996055 134.714 0.000163674 
0.2774 0.0112049 2.0262e+06 0 0 1.52212e+06 1.00162 -166.375 0 1.0107 1.01273 504082 0.995127 166.375 0.000202098 
0.28105 0.0112014 2.02615e+06 0 0 1.52266e+06 1.00201 -205.442 0 1.00999 1.0125 503490 0.993983 205.442 0.000249498 
0.2847 0.011197 2.0261e+06 0 0 1.52334e+06 1.00248 -253.629 0 1.00911 1.01221 502762 0.992571 253.629 0.000307949 
0.28835 0.0111916 2.02605e+06 0 0 1.52418e+06 1.00306 -313.033 0 1.00803 1.01186 501868 0.990831 313.033 0.000379995 
0.292 0.0111848 2.026e+06 0 0 1.52523e+06 1.00377 -386.212 0 1.0067 1.01142 500769 0.988686 386.212 0.00046875 
0.29565 0.0111764 2.02595e+06 0 0 1.52653e+06 1.00465 -476.281 0 1.00506 1.01088 499419 0.986045 476.281 0.000578018 
0.2993 0.011166 2.0259e+06 0 0 1.52814e+06 1.00573 -587.009 0 1.00304 1.01022 497762 0.982797 587.009 0.000712433 
0.30295 0.0111533 2.02585e+06 0 0 1.53012e+06 1.00706 -722.931 0 1.00056 1.0094 495729 0.978806 722.931 0.000877627 
0.3066 0.0111376 2.0258e+06 0 0 1.53256e+06 1.0087 -889.457 0 0.997506 1.00838 493238 0.973913 889.457 0.00108041 
0.31025 0.0111185 2.02575e+06 0 0 1.53556e+06 1.01069 -1092.97 0 0.993754 1.00713 490193 0.967923 1092.97 0.001329 
0.3139 0.0110952 2.0257e+06 0 0 1.53922e+06 1.01313 -1340.9 0 0.98915 1.00559 486478 0.960613 1340.9 0.00163323 
0.31755 0.011067 2.02565e+06 0 0 1.54369e+06 1.01609 -1641.71 0 0.983509 1.00369 481962 0.951718 1641.71 0.00200479 
0.3212 0.011033 2.0256e+06 0 0 1.54911e+06 1.01969 -2004.78 0 0.976614 1.00136 476494 0.940945 2004.78 0.00245746 
0.32485 0.0109923 2.02555e+06 0 0 1.55564e+06 1.02401 -2440.1 0 0.968205 0.998485 469909 0.927964 2440.1 0.00300725 
0.3285 0.0109442 2.0255e+06 0 0 1.56347e+06 1.02919 -2957.67 0 0.957986 0.994965 462034 0.912435 2957.67 0.00367247 
0.33215 0.0108878 2.02545e+06 0 0 1.57275e+06 1.03533 -3566.47 0 0.94562 0.990667 452697 0.894018 3566.47 0.0044735 
0.3358 0.0108227 2.0254e+06 0 0 1.58365e+06 1.04253 -4272.93 0 0.930746 0.985448 441752 0.872424 4272.93 0.00543211 
0.33945 0.0107489 2.02535e+06 0 0 1.59624e+06 1.05084 -5078.68 0 0.912997 0.979161 429107 0.847473 5078.68 0.00656993 
0.3431 0.0106671 2.0253e+06 0 0 1.61052e+06 1.06027 -5977.61 0 0.892061 0.971677 414775 0.819188 5977.61 0.00790526 
0.34675 0.0105791 2.02525e+06 0 0 1.62632e+06 1.07069 -6952.21 0 0.867777 0.962928 398934 0.787921 6952.21 0.00944702 
0.3504 0.0104882 2.0252e+06 0 0 1.64318e+06 1.08182 -7969.59 0 0.84033 0.952977 382016 0.754525 7969.59 0.0111834 
0.35405 0.0103995 2.02515e+06 0 0 1.66034e+06 1.09315 -8977.52 0 0.810567 0.942147 364806 0.720551 8977.52 0.0130621 
0.3577 0.0103205 2.0251e+06 0 0 1.67655e+06 1.10384 -9901.46 0 0.78051 0.931194 348554 0.688468 9901.46 0.0149576 
0.36135 0.0102614 2.02505e+06 0 0 1.68998e+06 1.11272 -10643.3 0 0.753977 0.921519 335072 0.661855 10643.3 0.0166299 
0.365 0.0102354 2.025e+06 0 0 1.6982e+06 1.11816 -11083.2 0 0.736981 0.915293 326797 0.645526 11083.2 0.0176983 


0 0.0112 2.03e+06 0 0 1.5225e+06 1 0 0 1.01407 1.01407 507500 1 0 8.77098e-15 
0.00365 0.0112003 2.02995e+06 0 0 1.52246e+06 1 -6.64803e-07 0 1.01407 1.01407 507487 1 6.66581e-07 8.85518e-13 
0.0073 0.0112006 2.0299e+06 0 0 1.52242e+06 1 -1.64955e-06 0 1.01406 1.01406 507475 1 1.6518e-06 2.18617e-12 
0.01095 0.0112008 2.02985e+06 0 0 1.52239e+06 1 -3.06288e-06 0 1.01406 1.01406 507462 1 3.0651e-06 4.04758e-12 
0.0146 0.0112011 2.0298e+06 0 0 1.52235e+06 1 -5.04732e-06 0 1.01406 1.01406 507450 1 5.04964e-06 6.6508e-12 
0.01825 0.0112014 2.02975e+06 0 0 1.52231e+06 1 -7.78029e-06 0 1.01405 1.01405 507437 1 7.7826e-06 1.02287e-11 
0.0219 0.0112017 2.0297e+06 0 0 1.52227e+06 1 -1.1499e-05 0 1.01405 1.01405 507425 1 1.14998e-05 1.50771e-11 
0.02555 0.0112019 2.02965e+06 0 0 1.52224e+06 1 -1.64945e-05 0 1.01404 1.01404 507412 1 1.64969e-05 2.15719e-11 
0.0292 0.0112022 2.0296e+06 0 0 1.5222e+06 1 -2.31465e-05 0 1.01404 1.01404 507400 1 2.31464e-05 3.01891e-11 
0.03285 0.0112025 2.02955e+06 0 0 1.52216e+06 1 -3.19275e-05 0 1.01403 1.01403 507387 1 3.1928e-05 4.15284e-11 
0.0365 0.0112028 2.0295e+06 0 0 1.52212e+06 1 -4.34365e-05 0 1.01403 1.01403 507375 1 4.34384e-05 5.63456e-11 
0.04015 0.011203 2.02945e+06 0 0 1.52209e+06 1 -5.84349e-05 0 1.01402 1.01402 507362 1 5.84386e-05 7.55909e-11 
0.0438 0.0112033 2.0294e+06 0 0 1.52205e+06 1 -7.78747e-05 0 1.01402 1.01402 507350 1 7.78788e-05 1.00454e-10 
0.04745 0.0112036 2.02935e+06 0 0 1.52201e+06 1 -0.000102953 0 1.01401 1.01401 507337 1 0.000102953 1.32426e-10 
0.0511 0.0112039 2.0293e+06 0 0 1.52197e+06 1 -0.000135156 0 1.01401 1.01401 507325 1 0.000135159 1.73368e-10 
0.05475 0.0112041 2.02925e+06 0 0 1.52194e+06 1 -0.000176366 0 1.014 1.014 507312 1 0.000176371 2.25606e-10 
0.0584 0.0112044 2.0292e+06 0 0 1.5219e+06 1 -0.000228922 0 1.014 1.014 507300 1 0.000228924 2.92037e-10 
0.06205 0.0112047 2.02915e+06 0 0 1.52186e+06 1 -0.000295738 0 1.01399 1.01399 507287 1 0.000295739 3.7627e-10 
0.0657 0.011205 2.0291e+06 0 0 1.52182e+06 1 -0.000380451 0 1.01399 1.01399 507275 1 0.000380453 4.82795e-10 
0.06935 0.0112052 2.02905e+06 0 0 1.52179e+06 1 -0.000487593 0 1.01398 1.01398 507262 1 0.000487595 6.17193e-10 
0.073 0.0112055 2.029e+06 0 0 1.52175e+06 1 -0.000622795 0 1.01398 1.01398 507250 1 0.000622798 7.86399e-10 
0.07665 0.0112058 2.02895e+06 0 0 1.52171e+06 1 -0.000793064 0 1.01397 1.01397 507237 1 0.000793066 9.99018e-10 
0.0803 0.0112061 2.0289e+06 0 0 1.52167e+06 1 -0.0010071 0 1.01397 1.01397 507225 1 0.0010071 1.26573e-09 
0.08395 0.0112063 2.02885e+06 0 0 1.52164e+06 1 -0.00127569 0 1.01396 1.01396 507212 1 0.00127569 1.59977e-09 
0.0876 0.0112066 2.0288e+06 0 0 1.5216e+06 1 -0.00161224 0 1.01396 1.01396 507200 1 0.00161224 2.01756e-09 
0.09125 0.0112069 2.02875e+06 0 0 1.52156e+06 1 -0.00203337 0 1.01395 1.01395 507187 1 0.00203337 2.53943e-09 
0.0949 0.0112072 2.0287e+06 0 0 1.52152e+06 1 -0.00255967 0 1.01395 1.01395 507175 1 0.00255967 3.19056e-09 
0.09855 0.0112075 2.02865e+06 0 0 1.52149e+06 1 -0.00321665 0 1.01394 1.01394 507162 1 0.00321665 4.00215e-09 
0.1022 0.0112077 2.0286e+06 0 0 1.52145e+06 1 -0.00403592 0 1.01394 1.01394 507150 1 0.00403593 5.01277e-09 
0.10585 0.011208 2.02855e+06 0 0 1.52141e+06 1 -0.00505663 0 1.01393 1.01393 507137 1 0.00505663 6.27022e-09 
0.1095 0.0112083 2.0285e+06 0 0 1.52137e+06 1 -0.0063272 0 1.01393 1.01393 507125 1 0.00632721 7.83358e-09 
0.11315 0.0112086 2.02845e+06 0 0 1.52134e+06 1 -0.00790762 0 1.01392 1.01392 507112 1 0.00790762 9.77599e-09 
0.1168 0.0112088 2.0284e+06 0 0 1.5213e+06 1 -0.00987207 0 1.01392 1.01392 507100 1 0.00987207 1.21879e-08 
0.12045 0.0112091 2.02835e+06 0 0 1.52126e+06 1 -0.0123123 0 1.01391 1.01391 507087 1 0.0123123 1.51811e-08 
0.1241 0.0112094 2.0283e+06 0 0 1.52123e+06 1 -0.0153419 0 1.01391 1.01391 507075 1 0.0153419 1.88939e-08 
0.12775 0.0112097 2.02825e+06 0 0 1.52119e+06 1 -0.0191013 0 1.0139 1.0139 507062 0.999999 0.0191013 2.34973e-08 
0.1314 0.0112099 2.0282e+06 0 0 1.52115e+06 1 -0.0237641 0 1.0139 1.0139 507050 0.999999 0.0237641 2.92028e-08 
0.13505 0.0112102 2.02815e+06 0 0 1.52111e+06 1 -0.029545 0 1.01389 1.01389 507037 0.999999 0.029545 3.62716e-08 
0.1387 0.0112105 2.0281e+06 0 0 1.52108e+06 1 -0.0367095 0 1.01389 1.01389 507024 0.999999 0.0367095 4.5027e-08 
0.14235 0.0112108 2.02805e+06 0 0 1.52104e+06 1 -0.0455857 0 1.01388 1.01388 507012 0.999999 0.0455857 5.58682e-08 
0.146 0.011211 2.028e+06 0 0 1.521e+06 1 -0.0565794 0 1.01388 1.01388 506999 0.999998 0.0565794 6.9289e-08 
0.14965 0.0112113 2.02795e+06 0 0 1.52096e+06 1 -0.0701919 0 1.01387 1.01387 506986 0.999998 0.0701919 8.58993e-08 
0.1533 0.0112116 2.0279e+06 0 0 1.52093e+06 1 -0.0870431 0 1.01387 1.01387 506974 0.999997 0.0870431 1.06453e-07 
0.15695 0.0112119 2.02785e+06 0 0 1.52089e+06 1 -0.107899 0 1.01386 1.01386 506961 0.999997 0.107899 1.31883e-07 
0.1606 0.0112121 2.0278e+06 0 0 1.52085e+06 1 -0.133707 0 1.01386 1.01386 506948 0.999996 0.133707 1.6334e-07 
0.16425 0.0112124 2.02775e+06 0 0 1.52081e+06 1 -0.165636 0 1.01385 1.01385 506935 0.999995 0.165636 2.02248e-07 
0.1679 0.0112127 2.0277e+06 0 0 1.52078e+06 1 -0.205134 0 1.01385 1.01385 506922 0.999994 0.205134 2.50366e-07 
0.17155 0.011213 2.02765e+06 0 0 1.52074e+06 1 -0.253986 0 1.01384 1.01384 506909 0.999993 0.253986 3.09867e-07 
0.1752 0.0112132 2.0276e+06 0 0 1.5207e+06 1 -0.314403 0 1.01383 1.01384 506895 0.999991 0.314403 3.83439e-07 
0.17885 0.0112135 2.02755e+06 0 0 1.52067e+06 1 -0.389113 0 1.01383 1.01383 506882 0.999989 0.389113 4.74401e-07 
0.1825 0.0112138 2.0275e+06 0 0 1.52063e+06 1 -0.481489 0 1.01382 1.01383 506868 0.999986 0.481489 5.86856e-07 
0.18615 0.011214 2.02745e+06 0 0 1.5206e+06 1.00001 -0.595699 0 1.01382 1.01382 506854 0.999983 0.595699 7.25872e-07 
0.1898 0.0112143 2.0274e+06 0 0 1.52056e+06 1.00001 -0.736894 0 1.01381 1.01382 506839 0.999978 0.736894 8.97716e-07 
0.19345 0.0112146 2.02735e+06 0 0 1.52053e+06 1.00001 -0.911438 0 1.0138 1.01381 506824 0.999973 0.911438 1.11013e-06 
0.1971 0.0112148 2.0273e+06 0 0 1.52049e+06 1.00001 -1.1272 0 1.01379 1.0138 506808 0.999967 1.1272 1.37267e-06 
0.20075 0.0112151 2.02725e+06 0 0 1.52046e+06 1.00001 -1.39389 0 1.01378 1.0138 506792 0.999959 1.39389 1.69717e-06 
0.2044 0.0112153 2.0272e+06 0 0 1.52043e+06 1.00002 -1.72352 0 1.01377 1.01379 506774 0.99995 1.72352 2.09823e-06 
0.20805 0.0112155 2.02715e+06 0 0 1.52039e+06 1.00002 -2.13093 0 1.01376 1.01378 506756 0.999938 2.13093 2.5939e-06 
0.2117 0.0112158 2.0271e+06 0 0 1.52036e+06 1.00003 -2.63445 0 1.01374 1.01378 506736 0.999923 2.63445 3.20648e-06 
0.21535 0.011216 2.02705e+06 0 0 1.52034e+06 1.00003 -3.25675 0 1.01373 1.01377 506714 0.999905 3.25675 3.96353e-06 
0.219 0.0112162 2.027e+06 0 0 1.52031e+06 1.00004 -4.0258 0 1.01371 1.01376 506690 0.999882 4.0258 4.89908e-06 
0.22265 0.0112164 2.02695e+06 0 0 1.52029e+06 1.00005 -4.97622 0 1.01369 1.01375 506664 0.999854 4.97622 6.05521e-06 
0.2263 0.0112165 2.0269e+06 0 0 1.52027e+06 1.00006 -6.15072 0 1.01366 1.01374 506634 0.99982 6.15072 7.4839e-06 
0.22995 0.0112167 2.02685e+06 0 0 1.52025e+06 1.00007 -7.60213 0 1.01363 1.01372 506600 0.999778 7.60213 9.24933e-06 
0.2336 0.0112168 2.0268e+06 0 0 1.52024e+06 1.00009 -9.39567 0 1.01359 1.01371 506561 0.999725 9.39567 1.14309e-05 
0.23725 0.0112168 2.02675e+06 0 0 1.52023e+06 1.00011 -11.612 0 1.01355 1.01369 506515 0.99966 11.612 1.41264e-05 
0.2409 0.0112168 2.0267e+06 0 0 1.52024e+06 1.00014 -14.3506 0 1.01349 1.01367 506462 0.99958 14.3506 1.74571e-05 
0.24455 0.0112168 2.02665e+06 0 0 1.52025e+06 1.00017 -17.7345 0 1.01343 1.01364 506399 0.999481 17.7345 2.15724e-05 
0.2482 0.0112167 2.0266e+06 0 0 1.52027e+06 1.00021 -21.9157 0 1.01335 1.01362 506325 0.999358 21.9157 2.66568e-05 
0.25185 0.0112164 2.02655e+06 0 0 1.52031e+06 1.00026 -27.0819 0 1.01325 1.01358 506236 0.999207 27.0819 3.29384e-05 
0.2555 0.0112161 2.0265e+06 0 0 1.52037e+06 1.00033 -33.4647 0 1.01313 1.01354 506129 0.99902 33.4647 4.06985e-05 
0.25915 0.0112156 2.02645e+06 0 0 1.52045e+06 1.0004 -41.3502 0 1.01298 1.01349 505999 0.99879 41.3502 5.02845e-05 
0.2628 0.0112149 2.0264e+06 0 0 1.52056e+06 1.0005 -51.0917 0 1.0128 1.01343 505842 0.998505 51.0917 6.2125e-05 
0.26645 0.0112141 2.02635e+06 0 0 1.5207e+06 1.00062 -63.1247 0 1.01258 1.01335 505651 0.998152 63.1247 7.67487e-05 
0.2701 0.0112129 2.0263e+06 0 0 1.52088e+06 1.00076 -77.9867 0 1.01231 1.01326 505419 0.997718 77.9867 9.48075e-05 
0.27375 0.0112114 2.02625e+06 0 0 1.52112e+06 1.00094 -96.34 0 1.01197 1.01315 505134 0.997181 96.34 0.000117105 
0.2774 0.0112095 2.0262e+06 0 0 1.52141e+06 1.00116 -119 0 1.01156 1.01301 504786 0.996518 119 0.000144631 
0.28105 0.0112071 2.02615e+06 0 0 1.52179e+06 1.00143 -146.972 0 1.01105 1.01284 504360 0.995701 146.972 0.000178605 
0.2847 0.011204 2.0261e+06 0 0 1.52226e+06 1.00177 -181.487 0 1.01042 1.01264 503836 0.994692 181.487 0.000220524 
0.28835 0.0112002 2.02605e+06 0 0 1.52286e+06 1.00218 -224.058 0 1.00964 1.01238 503194 0.993449 224.058 0.00027223 
0.292 0.0111954 2.026e+06 0 0 1.52359e+06 1.00269 -276.538 0 1.00869 1.01207 502406 0.991917 276.538 0.000335984 
0.29565 0.0111895 2.02595e+06 0 0 1.52451e+06 1.00332 -341.184 0 1.00751 1.01169 501438 0.99003 341.184 0.000414553 
0.2993 0.0111822 2.0259e+06 0 0 1.52565e+06 1.0041 -420.743 0 1.00607 1.01121 500250 0.98771 420.743 0.000511325 
0.30295 0.0111731 2.02585e+06 0 0 1.52705e+06 1.00505 -518.533 0 1.00429 1.01063 498795 0.98486 518.533 0.000630432 
0.3066 0.011162 2.0258e+06 0 0 1.52879e+06 1.00621 -638.543 0 1.00209 1.00992 497012 0.981365 638.543 0.0007769 
0.31025 0.0111483 2.02575e+06 0 0 1.53092e+06 1.00764 -785.518 0 0.9994 1.00903 494833 0.977087 785.518 0.000956824 
0.3139 0.0111316 2.0257e+06 0 0 1.53352e+06 1.00938 -965.041 0 0.996094 1.00795 492176 0.971863 965.041 0.00117756 
0.31755 0.0111114 2.02565e+06 0 0 1.53671e+06 1.0115 -1183.57 0 0.992041 1.00662 488945 0.965507 1183.57 0.00144792 
0.3212 0.011087 2.0256e+06 0 0 1.54057e+06 1.01407 -1448.42 0 0.987083 1.00499 485031 0.957803 1448.42 0.00177841 
0.32485 0.0110576 2.02555e+06 0 0 1.54523e+06 1.01716 -1767.61 0 0.981032 1.00299 480315 0.948514 1767.61 0.00218139 
0.3285 0.0110228 2.0255e+06 0 0 1.55083e+06 1.02087 -2149.51 0 0.973673 1.00057 474670 0.937388 2149.51 0.0026712 
0.33215 0.0109818 2.02545e+06 0 0 1.55748e+06 1.02528 -2602.22 0 0.96476 0.997625 467967 0.924173 2602.22 0.00326406 
0.3358 0.0109342 2.0254e+06 0 0 1.56531e+06 1.03045 -3132.52 0 0.954032 0.994083 460094 0.908648 3132.52 0.00397773 
0.33945 0.0108798 2.02535e+06 0 0 1.57437e+06 1.03645 -3744.21 0 0.941221 0.989859 450976 0.890662 3744.21 0.00483032 
0.3431 0.0108192 2.0253e+06 0 0 1.58469e+06 1.04327 -4435.83 0 0.926104 0.98489 440606 0.870204 4435.83 0.00583798 
0.34675 0.0107534 2.02525e+06 0 0 1.59615e+06 1.05083 -5197.4 0 0.908566 0.979156 429098 0.847497 5197.4 0.00700999 
0.3504 0.0106847 2.0252e+06 0 0 1.60845e+06 1.05896 -6006.58 0 0.888748 0.972731 416748 0.823124 6006.58 0.00833969 
0.35405 0.0106171 2.02515e+06 0 0 1.62104e+06 1.06727 -6824.09 0 0.867274 0.965846 404112 0.798187 6824.09 0.00978814 
0.3577 0.0105562 2.0251e+06 0 0 1.633e+06 1.07517 -7589.32 0 0.845609 0.958988 392101 0.774483 7589.32 0.0112582 
0.36135 0.0105103 2.02505e+06 0 0 1.64298e+06 1.08177 -8217.17 0 0.826503 0.953008 382066 0.754679 8217.17 0.0125613 
0.365 0.01049 2.025e+06 0 0 1.64914e+06 1.08586 -8597.38 0 0.814263 0.949188 375857 0.742434 8597.38 0.0133973 


0 0.0112 2.03e+06 0 0 1.5225e+06 1 0 0 1.01407 1.01407 507500 1 0 8.77098e-15 
0.00365 0.0112003 2.02995e+06 0 0 1.52246e+06 1 -4.71442e-07 0 1.01407 1.01407 507487 1 4.70914e-07 6.24674e-13 
0.0073 0.0112006 2.0299e+06 0 0 1.52242e+06 1 -1.16615e-06 0 1.01406 1.01406 507475 1 1.16818e-06 1.54284e-12 
0.01095 0.0112008 2.02985e+06 0 0 1.52239e+06 1 -2.16385e-06 0 1.01406 1.01406 507462 1 2.16713e-06 2.85637e-12 
0.0146 0.0112011 2.0298e+06 0 0 1.52235e+06 1 -3.56921e-06 0 1.01406 1.01406 507450 1 3.57086e-06 4.69514e-12 
0.01825 0.0112014 2.02975e+06 0 0 1.52231e+06 1 -5.50381e-06 0 1.01405 1.01405 507437 1 5.50406e-06 7.22322e-12 
0.0219 0.0112017 2.0297e+06 0 0 1.52227e+06 1 -8.13512e-06 0 1.01405 1.01405 507425 1 8.1361e-06 1.06507e-11 
0.02555 0.0112019 2.02965e+06 0 0 1.52224e+06 1 -1.16704e-05 0 1.01404 1.01404 507412 1 1.16736e-05 1.5244e-11 
0.0292 0.0112022 2.0296e+06 0 0 1.5222e+06 1 -1.63819e-05 0 1.01404 1.01404 507400 1 1.63831e-05 2.13414e-11 
0.03285 0.0112025 2.02955e+06 0 0 1.52216e+06 1 -2.26013e-05 0 1.01403 1.01403 507387 1 2.26044e-05 2.93691e-11 
0.0365 0.0112028 2.0295e+06 0 0 1.52212e+06 1 -3.07604e-05 0 1.01403 1.01403 507375 1 3.07623e-05 3.98642e-11 
0.04015 0.011203 2.02945e+06 0 0 1.52209e+06 1 -4.13952e-05 0 1.01402 1.01402 507362 1 4.13995e-05 5.35023e-11 
0.0438 0.0112033 2.0294e+06 0 0 1.52205e+06 1 -5.51856e-05 0 1.01402 1.01402 507350 1 5.51868e-05 7.11297e-11 
0.04745 0.0112036 2.02935e+06 0 0 1.52201e+06 1 -7.29789e-05 0 1.01401 1.01401 507337 1 7.29788e-05 9.38073e-11 
0.0511 0.0112039 2.0293e+06 0 0 1.52197e+06 1 -9.58373e-05 0 1.01401 1.01401 507325 1 9.584e-05 1.22861e-10 
0.05475 0.0112041 2.02925e+06 0 0 1.52194e+06 1 -0.000125101 0 1.014 1.014 507312 1 0.000125103 1.59947e-10 
0.0584 0.0112044 2.0292e+06 0 0 1.5219e+06 1 -0.000162432 0 1.014 1.014 507300 1 0.000162434 2.07129e-10 
0.06205 0.0112047 2.02915e+06 0 0 1.52186e+06 1 -0.000209911 0 1.01399 1.01399 507287 1 0.000209912 2.66979e-10 
0.0657 0.011205 2.0291e+06 0 0 1.52182e+06 1 -0.000270128 0 1.01399 1.01399 507275 1 0.000270132 3.42699e-10 
0.06935 0.0112052 2.02905e+06 0 0 1.52179e+06 1 -0.000346314 0 1.01398 1.01398 507262 1 0.000346317 4.38267e-10 
0.073 0.0112055 2.029e+06 0 0 1.52175e+06 1 -0.000442487 0 1.01398 1.01398 507250 1 0.000442488 5.5863e-10 
0.07665 0.0112058 2.02895e+06 0 0 1.52171e+06 1 -0.000563639 0 1.01397 1.01397 507237 1 0.00056364 7.09927e-10 
0.0803 0.0112061 2.0289e+06 0 0 1.52167e+06 1 -0.000715973 0 1.01397 1.01397 507225 1 0.000715975 8.99777e-10 
0.08395 0.0112063 2.02885e+06 0 0 1.52164e+06 1 -0.000907198 0 1.01396 1.01396 507212 1 0.000907199 1.13763e-09 
0.0876 0.0112066 2.0288e+06 0 0 1.5216e+06 1 -0.00114687 0 1.01396 1.01396 507200 1 0.00114687 1.4352e-09 
0.09125 0.0112069 2.02875e+06 0 0 1.52156e+06 1 -0.00144685 0 1.01395 1.01395 507187 1 0.00144686 1.807e-09 
0.0949 0.0112072 2.0287e+06 0 0 1.52152e+06 1 -0.00182184 0 1.01395 1.01395 507175 1 0.00182184 2.27102e-09 
0.09855 0.0112075 2.02865e+06 0 0 1.52149e+06 1 -0.00229006 0 1.01394 1.01394 507162 1 0.00229006 2.84952e-09 
0.1022 0.0112077 2.0286e+06 0 0 1.52145e+06 1 -0.00287406 0 1.01394 1.01394 507150 1 0.00287406 3.57007e-09 
0.10585 0.011208 2.02855e+06 0 0 1.52141e+06 1 -0.0036018 0 1.01393 1.01393 507137 1 0.0036018 4.46678e-09 
0.1095 0.0112083 2.0285e+06 0 0 1.52137e+06 1 -0.00450788 0 1.01393 1.01393 507125 1 0.00450788 5.58186e-09 
0.11315 0.0112086 2.02845e+06 0 0 1.52134e+06 1 -0.00563512 0 1.01392 1.01392 507112 1 0.00563512 6.96756e-09 
0.1168 0.0112088 2.0284e+06 0 0 1.5213e+06 1 -0.00703651 0 1.01392 1.01392 507100 1 0.00703651 8.68847e-09 
0.12045 0.0112091 2.02835e+06 0 0 1.52126e+06 1 -0.00877762 0 1.01391 1.01391 507087 1 0.00877762 1.08245e-08 
0.1241 0.0112094 2.0283e+06 0 0 1.52123e+06 1 -0.0109396 0 1.01391 1.01391 507075 1 0.0109396 1.34744e-08 
0.12775 0.0112097 2.02825e+06 0 0 1.52119e+06 1 -0.0136226 0 1.0139 1.0139 507062 1 0.0136226 1.67605e-08 
0.1314 0.0112099 2.0282e+06 0 0 1.52115e+06 1 -0.0169509 0 1.0139 1.0139 507050 1 0.0169509 2.08337e-08 
0.13505 0.0112102 2.02815e+06 0 0 1.52111e+06 1 -0.0210778 0 1.01389 1.01389 507037 0.999999 0.0210778 2.58809e-08 
0.1387 0.0112105 2.0281e+06 0 0 1.52108e+06 1 -0.0261929 0 1.01389 1.01389 507025 0.999999 0.0261929 3.21328e-08 
0.14235 0.0112108 2.02805e+06 0 0 1.52104e+06 1 -0.0325308 0 1.01388 1.01388 507012 0.999999 0.0325308 3.98749e-08 
0.146 0.011211 2.028e+06 0 0 1.521e+06 1 -0.0403813 0 1.01388 1.01388 506999 0.999999 0.0403813 4.946e-08 
0.14965 0.0112113 2.02795e+06 0 0 1.52096e+06 1 -0.0501028 0 1.01387 1.01387 506987 0.999999 0.0501028 6.1324e-08 
0.1533 0.0112116 2.0279e+06 0 0 1.52093e+06 1 -0.0621382 0 1.01387 1.01387 506974 0.999998 0.0621382 7.60058e-08 
0.15695 0.0112119 2.02785e+06 0 0 1.52089e+06 1 -0.077035 0 1.01386 1.01386 506961 0.999998 0.077035 9.41714e-08 
0.1606 0.0112121 2.0278e+06 0 0 1.52085e+06 1 -0.0954697 0 1.01386 1.01386 506949 0.999997 0.0954697 1.16644e-07 
0.16425 0.0112124 2.02775e+06 0 0 1.52081e+06 1 -0.118279 0 1.01385 1.01385 506936 0.999997 0.118279 1.44441e-07 
0.1679 0.0112127 2.0277e+06 0 0 1.52078e+06 1 -0.146496 0 1.01385 1.01385 506923 0.999996 0.146496 1.78819e-07 
0.17155 0.011213 2.02765e+06 0 0 1.52074e+06 1 -0.181397 0 1.01384 1.01384 506910 0.999995 0.181397 2.21333e-07 
0.1752 0.0112132 2.0276e+06 0 0 1.5207e+06 1 -0.224563 0 1.01384 1.01384 506897 0.999993 0.224563 2.73902e-07 
0.17885 0.0112135 2.02755e+06 0 0 1.52067e+06 1 -0.277942 0 1.01383 1.01383 506883 0.999992 0.277942 3.38898e-07 
0.1825 0.0112138 2.0275e+06 0 0 1.52063e+06 1 -0.343947 0 1.01382 1.01383 506870 0.99999 0.343947 4.19255e-07 
0.18615 0.011214 2.02745e+06 0 0 1.52059e+06 1 -0.425555 0 1.01382 1.01382 506856 0.999988 0.425555 5.18594e-07 
0.1898 0.0112143 2.0274e+06 0 0 1.52056e+06 1.00001 -0.526447 0 1.01381 1.01382 506842 0.999985 0.526447 6.41395e-07 
0.19345 0.0112146 2.02735e+06 0 0 1.52052e+06 1.00001 -0.651173 0 1.0138 1.01381 506828 0.999981 0.651173 7.93189e-07 
0.1971 0.0112148 2.0273e+06 0 0 1.52049e+06 1.00001 -0.805354 0 1.0138 1.01381 506813 0.999976 0.805354 9.80815e-07 
0.20075 0.0112151 2.02725e+06 0 0 1.52045e+06 1.00001 -0.995934 0 1.01379 1.0138 506798 0.999971 0.995934 1.21272e-06 
0.2044 0.0112154 2.0272e+06 0 0 1.52042e+06 1.00001 -1.2315 0 1.01378 1.01379 506782 0.999964 1.2315 1.49935e-06 
0.20805 0.0112156 2.02715e+06 0 0 1.52038e+06 1.00001 -1.52265 0 1.01377 1.01379 506765 0.999955 1.52265 1.85359e-06 
0.2117 0.0112158 2.0271e+06 0 0 1.52035e+06 1.00002 -1.8825 0 1.01376 1.01378 506747 0.999945 1.8825 2.2914e-06 
0.21535 0.0112161 2.02705e+06 0 0 1.52032e+06 1.00002 -2.32723 0 1.01374 1.01377 506728 0.999932 2.32723 2.83247e-06 
0.219 0.0112163 2.027e+06 0 0 1.52029e+06 1.00003 -2.87686 0 1.01373 1.01377 506707 0.999916 2.87686 3.50113e-06 
0.22265 0.0112165 2.02695e+06 0 0 1.52027e+06 1.00003 -3.55611 0 1.01371 1.01376 506685 0.999896 3.55611 4.32746e-06 
0.2263 0.0112167 2.0269e+06 0 0 1.52024e+06 1.00004 -4.39552 0 1.01369 1.01375 506660 0.999871 4.39552 5.34862e-06 
0.22995 0.0112169 2.02685e+06 0 0 1.52022e+06 1.00005 -5.43285 0 1.01367 1.01374 506632 0.999841 5.43285 6.61052e-06 
0.2336 0.011217 2.0268e+06 0 0 1.5202e+06 1.00007 -6.71473 0 1.01364 1.01372 506600 0.999803 6.71473 8.16987e-06 
0.23725 0.0112172 2.02675e+06 0 0 1.52019e+06 1.00008 -8.29877 0 1.01361 1.01371 506564 0.999757 8.29877 1.00967e-05 
0.2409 0.0112172 2.0267e+06 0 0 1.52018e+06 1.0001 -10.2562 0 1.01357 1.01369 506523 0.9997 10.2562 1.24777e-05 
0.24455 0.0112173 2.02665e+06 0 0 1.52018e+06 1.00012 -12.6748 0 1.01352 1.01367 506474 0.999629 12.6748 1.54197e-05 
0.2482 0.0112173 2.0266e+06 0 0 1.52018e+06 1.00015 -15.6634 0 1.01346 1.01365 506418 0.999542 15.6634 1.90548e-05 
0.25185 0.0112172 2.02655e+06 0 0 1.5202e+06 1.00019 -19.3561 0 1.01339 1.01363 506350 0.999434 19.3561 2.35461e-05 
0.2555 0.011217 2.0265e+06 0 0 1.52023e+06 1.00023 -23.9185 0 1.0133 1.01359 506270 0.9993 23.9185 2.90951e-05 
0.25915 0.0112168 2.02645e+06 0 0 1.52028e+06 1.00029 -29.5552 0 1.01319 1.01356 506174 0.999135 29.5552 3.59504e-05 
0.2628 0.0112164 2.0264e+06 0 0 1.52034e+06 1.00036 -36.5187 0 1.01306 1.01351 506059 0.998931 36.5187 4.44191e-05 
0.26645 0.0112158 2.02635e+06 0 0 1.52043e+06 1.00044 -45.1207 0 1.0129 1.01346 505919 0.99868 45.1207 5.48802e-05 
0.2701 0.0112151 2.0263e+06 0 0 1.52055e+06 1.00054 -55.7456 0 1.01271 1.01339 505749 0.998369 55.7456 6.78011e-05 
0.27375 0.0112141 2.02625e+06 0 0 1.52071e+06 1.00067 -68.867 0 1.01247 1.01331 505542 0.997986 68.867 8.37584e-05 
0.2774 0.0112128 2.0262e+06 0 0 1.52091e+06 1.00083 -85.0688 0 1.01217 1.01321 505290 0.997513 85.0688 0.000103463 
0.28105 0.0112111 2.02615e+06 0 0 1.52117e+06 1.00102 -105.069 0 1.0118 1.01309 504982 0.996929 105.069 0.000127791 
0.2847 0.011209 2.0261e+06 0 0 1.52149e+06 1.00126 -129.752 0 1.01135 1.01294 504605 0.996209 129.752 0.000157821 
0.28835 0.0112064 2.02605e+06 0 0 1.52191e+06 1.00156 -160.2 0 1.0108 1.01276 504143 0.995321 160.2 0.00019488 
0.292 0.011203 2.026e+06 0 0 1.52242e+06 1.00192 -197.741 0 1.01011 1.01253 503576 0.994228 197.741 0.000240598 
0.29565 0.0111989 2.02595e+06 0 0 1.52307e+06 1.00237 -243.995 0 1.00927 1.01226 502883 0.992883 243.995 0.000296979 
0.2993 0.0111937 2.0259e+06 0 0 1.52387e+06 1.00292 -300.936 0 1.00823 1.01192 502032 0.991228 300.936 0.000366476 
0.30295 0.0111873 2.02585e+06 0 0 1.52486e+06 1.0036 -370.952 0 1.00696 1.01151 500991 0.989197 370.952 0.000452091 
0.3066 0.0111795 2.0258e+06 0 0 1.52608e+06 1.00443 -456.921 0 1.00539 1.011 499717 0.986706 456.921 0.000557486 
0.31025 0.0111698 2.02575e+06 0 0 1.52759e+06 1.00545 -562.277 0 1.00346 1.01038 498161 0.983658 562.277 0.000687115 
0.3139 0.0111579 2.0257e+06 0 0 1.52943e+06 1.00669 -691.079 0 1.00109 1.00961 496266 0.979939 691.079 0.000846374 
0.31755 0.0111435 2.02565e+06 0 0 1.53169e+06 1.00819 -848.049 0 0.998191 1.00868 493962 0.975415 848.049 0.00104176 
0.3212 0.0111261 2.0256e+06 0 0 1.53443e+06 1.01002 -1038.58 0 0.994641 1.00754 491174 0.969934 1038.58 0.00128104 
0.32485 0.0111052 2.02555e+06 0 0 1.53773e+06 1.01222 -1268.65 0 0.99031 1.00615 487817 0.963327 1268.65 0.00157342 
0.3285 0.0110802 2.0255e+06 0 0 1.5417e+06 1.01486 -1544.62 0 0.985043 1.00447 483798 0.955415 1544.62 0.00192959 
0.33215 0.0110508 2.02545e+06 0 0 1.54642e+06 1.01799 -1872.82 0 0.978667 1.00245 479027 0.946017 1872.82 0.00236177 
0.3358 0.0110166 2.0254e+06 0 0 1.55198e+06 1.02168 -2258.83 0 0.970996 1.00003 473423 0.934973 2258.83 0.00288336 
0.33945 0.0109773 2.02535e+06 0 0 1.55842e+06 1.02594 -2706.34 0 0.961844 0.997164 466929 0.922171 2706.34 0.0035081 
0.3431 0.0109333 2.0253e+06 0 0 1.56576e+06 1.0308 -3215.43 0 0.951056 0.993829 459537 0.907594 3215.43 0.0042483 
0.34675 0.0108853 2.02525e+06 0 0 1.57393e+06 1.0362 -3780.18 0 0.938561 0.990022 451321 0.891389 3780.18 0.00511108 
0.3504 0.010835 2.0252e+06 0 0 1.58271e+06 1.04201 -4385.46 0 0.924471 0.985804 442485 0.873958 4385.46 0.00609153 
0.35405 0.0107851 2.02515e+06 0 0 1.59173e+06 1.04798 -5003.08 0 0.909241 0.981337 433418 0.856072 5003.08 0.00716049 
0.3577 0.0107398 2.0251e+06 0 0 1.60033e+06 1.05366 -5587.7 0 0.893916 0.976937 424769 0.839009 5587.7 0.0082456 
0.36135 0.0107054 2.02505e+06 0 0 1.60754e+06 1.05844 -6073.26 0 0.88043 0.973136 417509 0.824689 6073.26 0.00920738 
0.365 0.0106901 2.025e+06 0 0 1.61201e+06 1.0614 -6371.18 0 0.871797 0.970719 412993 0.81579 6371.18 0.00982479 


0 0.0112 2.03e+06 0 0 1.5225e+06 1 0 0 1.01407 1.01407 507500 1 0 8.77098e-15 
0.00365 0.0112003 2.02995e+06 0 0 1.52246e+06 1 -3.31903e-07 0 1.01407 1.01407 507487 1 3.32997e-07 4.41187e-13 
0.0073 0.0112006 2.0299e+06 0 0 1.52242e+06 1 -8.24276e-07 0 1.01406 1.01406 507475 1 8.26287e-07 1.08901e-12 
0.01095 0.0112008 2.02985e+06 0 0 1.52239e+06 1 -1.53194e-06 0 1.01406 1.01406 507462 1 1.53294e-06 2.0166e-12 
0.0146 0.0112011 2.0298e+06 0 0 1.52235e+06 1 -2.52266e-06 0 1.01406 1.01406 507450 1 2.52549e-06 3.31545e-12 
0.01825 0.0112014 2.02975e+06 0 0 1.52231e+06 1 -3.89314e-06 0 1.01405 1.01405 507437 1 3.89504e-06 5.10205e-12 
0.0219 0.0112017 2.0297e+06 0 0 1.52227e+06 1 -5.75598e-06 0 1.01405 1.01405 507425 1 5.75659e-06 7.52535e-12 
0.02555 0.0112019 2.02965e+06 0 0 1.52224e+06 1 -8.25971e-06 0 1.01404 1.01404 507412 1 8.26158e-06 1.07745e-11 
0.0292 0.0112022 2.0296e+06 0 0 1.5222e+06 1 -1.15957e-05 0 1.01404 1.01404 507400 1 1.15974e-05 1.50898e-11 
0.03285 0.0112025 2.02955e+06 0 0 1.52216e+06 1 -1.60041e-05 0 1.01403 1.01403 507387 1 1.60057e-05 2.07736e-11 
0.0365 0.0112028 2.0295e+06 0 0 1.52212e+06 1 -2.1785e-05 0 1.01403 1.01403 507375 1 2.17884e-05 2.82081e-11 
0.04015 0.011203 2.02945e+06 0 0 1.52209e+06 1 -2.93271e-05 0 1.01402 1.01402 507362 1 2.9331e-05 3.78732e-11 
0.0438 0.0112033 2.0294e+06 0 0 1.52205e+06 1 -3.91108e-05 0 1.01402 1.01402 507350 1 3.91116e-05 5.03715e-11 
0.04745 0.0112036 2.02935e+06 0 0 1.52201e+06 1 -5.17341e-05 0 1.01401 1.01401 507337 1 5.17361e-05 6.64576e-11 
0.0511 0.0112039 2.0293e+06 0 0 1.52197e+06 1 -6.79634e-05 0 1.01401 1.01401 507325 1 6.7964e-05 8.70758e-11 
0.05475 0.0112041 2.02925e+06 0 0 1.52194e+06 1 -8.87438e-05 0 1.014 1.014 507312 1 8.87454e-05 1.13405e-10 
0.0584 0.0112044 2.0292e+06 0 0 1.5219e+06 1 -0.000115262 0 1.014 1.014 507300 1 0.000115263 1.46916e-10 
0.06205 0.0112047 2.02915e+06 0 0 1.52186e+06 1 -0.000149 0 1.01399 1.01399 507287 1 0.000149002 1.89443e-10 
0.0657 0.011205 2.0291e+06 0 0 1.52182e+06 1 -0.000191807 0 1.01399 1.01399 507275 1 0.000191809 2.43266e-10 
0.06935 0.0112052 2.02905e+06 0 0 1.52179e+06 1 -0.000245983 0 1.01398 1.01398 507262 1 0.000245984 3.11223e-10 
0.073 0.0112055 2.029e+06 0 0 1.52175e+06 1 -0.00031439 0 1.01398 1.01398 507250 1 0.000314391 3.96842e-10 
0.07665 0.0112058 2.02895e+06 0 0 1.52171e+06 1 -0.00040059 0 1.01397 1.01397 507237 1 0.000400595 5.04502e-10 
0.0803 0.0112061 2.0289e+06 0 0 1.52167e+06 1 -0.000509013 0 1.01397 1.01397 507225 1 0.000509016 6.39639e-10 
0.08395 0.0112063 2.02885e+06 0 0 1.52164e+06 1 -0.000645156 0 1.01396 1.01396 507212 1 0.000645159 8.08997e-10 
0.0876 0.0112066 2.0288e+06 0 0 1.5216e+06 1 -0.000815836 0 1.01396 1.01396 507200 1 0.000815837 1.02094e-09 
0.09125 0.0112069 2.02875e+06 0 0 1.52156e+06 1 -0.00102952 0 1.01395 1.01395 507187 1 0.00102952 1.28582e-09 
0.0949 0.0112072 2.0287e+06 0 0 1.52152e+06 1 -0.0012967 0 1.01395 1.01395 507175 1 0.0012967 1.61649e-09 
0.09855 0.0112075 2.02865e+06 0 0 1.52149e+06 1 -0.00163037 0 1.01394 1.01394 507162 1 0.00163037 2.02883e-09 
0.1022 0.0112077 2.0286e+06 0 0 1.52145e+06 1 -0.00204666 0 1.01394 1.01394 507150 1 0.00204666 2.54254e-09 
0.10585 0.011208 2.02855e+06 0 0 1.52141e+06 1 -0.00256551 0 1.01393 1.01393 507137 1 0.00256552 3.18198e-09 
0.1095 0.0112083 2.0285e+06 0 0 1.52137e+06 1 -0.00321164 0 1.01393 1.01393 507125 1 0.00321164 3.97731e-09 
0.11315 0.0112086 2.02845e+06 0 0 1.52134e+06 1 -0.00401563 0 1.01392 1.01392 507112 1 0.00401563 4.96582e-09 
0.1168 0.0112088 2.0284e+06 0 0 1.5213e+06 1 -0.00501532 0 1.01392 1.01392 507100 1 0.00501533 6.19368e-09 
0.12045 0.0112091 2.02835e+06 0 0 1.52126e+06 1 -0.00625756 0 1.01391 1.01391 507087 1 0.00625757 7.71796e-09 
0.1241 0.0112094 2.0283e+06 0 0 1.52122e+06 1 -0.00780028 0 1.01391 1.01391 507075 1 0.00780028 9.60926e-09 
0.12775 0.0112097 2.02825e+06 0 0 1.52119e+06 1 -0.00971515 0 1.0139 1.0139 507062 1 0.00971515 1.19549e-08 
0.1314 0.0112099 2.0282e+06 0 0 1.52115e+06 1 -0.0120908 0 1.0139 1.0139 507050 1 0.0120908 1.48627e-08 
0.13505 0.0112102 2.02815e+06 0 0 1.52111e+06 1 -0.0150368 0 1.01389 1.01389 507037 1 0.0150368 1.84663e-08 
0.1387 0.0112105 2.0281e+06 0 0 1.52108e+06 1 -0.0186887 0 1.01389 1.01389 507025 0.999999 0.0186887 2.29305e-08 
0.14235 0.0112108 2.02805e+06 0 0 1.52104e+06 1 -0.023214 0 1.01388 1.01388 507012 0.999999 0.0232141 2.84593e-08 
0.146 0.011211 2.028e+06 0 0 1.521e+06 1 -0.02882 0 1.01388 1.01388 507000 0.999999 0.02882 3.53047e-08 
0.14965 0.0112113 2.02795e+06 0 0 1.52096e+06 1 -0.0357625 0 1.01387 1.01387 506987 0.999999 0.0357625 4.37785e-08 
0.1533 0.0112116 2.0279e+06 0 0 1.52093e+06 1 -0.0443582 0 1.01387 1.01387 506974 0.999999 0.0443582 5.42655e-08 
0.15695 0.0112119 2.02785e+06 0 0 1.52089e+06 1 -0.0549983 0 1.01386 1.01386 506962 0.999998 0.0549983 6.7242e-08 
0.1606 0.0112121 2.0278e+06 0 0 1.52085e+06 1 -0.0681663 0 1.01386 1.01386 506949 0.999998 0.0681663 8.3296e-08 
0.16425 0.0112124 2.02775e+06 0 0 1.52081e+06 1 -0.0844598 0 1.01385 1.01385 506936 0.999998 0.0844598 1.03155e-07 
0.1679 0.0112127 2.0277e+06 0 0 1.52078e+06 1 -0.104617 0 1.01385 1.01385 506923 0.999997 0.104617 1.27716e-07 
0.17155 0.011213 2.02765e+06 0 0 1.52074e+06 1 -0.129552 0 1.01384 1.01384 506911 0.999996 0.129552 1.58092e-07 
0.1752 0.0112132 2.0276e+06 0 0 1.5207e+06 1 -0.160392 0 1.01384 1.01384 506898 0.999995 0.160392 1.95652e-07 
0.17885 0.0112135 2.02755e+06 0 0 1.52067e+06 1 -0.19853 0 1.01383 1.01383 506884 0.999994 0.19853 2.42095e-07 
0.1825 0.0112138 2.0275e+06 0 0 1.52063e+06 1 -0.245691 0 1.01383 1.01383 506871 0.999993 0.245691 2.99514e-07 
0.18615 0.0112141 2.02745e+06 0 0 1.52059e+06 1 -0.304002 0 1.01382 1.01382 506858 0.999991 0.304002 3.705e-07 
0.1898 0.0112143 2.0274e+06 0 0 1.52056e+06 1 -0.376096 0 1.01381 1.01382 506844 0.999989 0.376096 4.58254e-07 
0.19345 0.0112146 2.02735e+06 0 0 1.52052e+06 1 -0.465221 0 1.01381 1.01381 506831 0.999986 0.465221 5.66728e-07 
0.1971 0.0112149 2.0273e+06 0 0 1.52048e+06 1.00001 -0.575397 0 1.0138 1.01381 506816 0.999983 0.575397 7.00811e-07 
0.20075 0.0112151 2.02725e+06 0 0 1.52045e+06 1.00001 -0.711587 0 1.01379 1.0138 506802 0.999979 0.711587 8.66541e-07 
0.2044 0.0112154 2.0272e+06 0 0 1.52041e+06 1.00001 -0.879925 0 1.01379 1.0138 506787 0.999974 0.879925 1.07138e-06 
0.20805 0.0112156 2.02715e+06 0 0 1.52038e+06 1.00001 -1.08799 0 1.01378 1.01379 506771 0.999968 1.08799 1.32455e-06 
0.2117 0.0112159 2.0271e+06 0 0 1.52034e+06 1.00001 -1.34515 0 1.01377 1.01378 506755 0.999961 1.34515 1.63744e-06 
0.21535 0.0112161 2.02705e+06 0 0 1.52031e+06 1.00002 -1.66298 0 1.01376 1.01378 506738 0.999951 1.66298 2.02414e-06 
0.219 0.0112164 2.027e+06 0 0 1.52028e+06 1.00002 -2.05578 0 1.01374 1.01377 506719 0.99994 2.05578 2.50204e-06 
0.22265 0.0112166 2.02695e+06 0 0 1.52025e+06 1.00002 -2.54121 0 1.01373 1.01376 506700 0.999926 2.54121 3.09263e-06 
0.2263 0.0112168 2.0269e+06 0 0 1.52022e+06 1.00003 -3.14112 0 1.01372 1.01375 506678 0.999908 3.14112 3.82249e-06 
0.22995 0.011217 2.02685e+06 0 0 1.52019e+06 1.00004 -3.88247 0 1.0137 1.01374 506655 0.999886 3.88247 4.72443e-06 
0.2336 0.0112172 2.0268e+06 0 0 1.52017e+06 1.00005 -4.7986 0 1.01368 1.01373 506629 0.99986 4.7986 5.83899e-06 
0.23725 0.0112174 2.02675e+06 0 0 1.52015e+06 1.00006 -5.93068 0 1.01365 1.01372 506599 0.999826 5.93068 7.21629e-06 
0.2409 0.0112175 2.0267e+06 0 0 1.52013e+06 1.00007 -7.32958 0 1.01362 1.01371 506566 0.999785 7.32958 8.91822e-06 
0.24455 0.0112176 2.02665e+06 0 0 1.52012e+06 1.00009 -9.05815 0 1.01358 1.0137 506528 0.999735 9.05815 1.10212e-05 
0.2482 0.0112177 2.0266e+06 0 0 1.52012e+06 1.00011 -11.194 0 1.01354 1.01368 506484 0.999672 11.194 1.36198e-05 
0.25185 0.0112177 2.02655e+06 0 0 1.52012e+06 1.00013 -13.833 0 1.01349 1.01366 506432 0.999595 13.833 1.68306e-05 
0.2555 0.0112177 2.0265e+06 0 0 1.52013e+06 1.00017 -17.0936 0 1.01342 1.01363 506372 0.9995 17.0936 2.07978e-05 
0.25915 0.0112176 2.02645e+06 0 0 1.52015e+06 1.00021 -21.1218 0 1.01335 1.01361 506299 0.999382 21.1218 2.56993e-05 
0.2628 0.0112174 2.0264e+06 0 0 1.52019e+06 1.00025 -26.0981 0 1.01325 1.01357 506213 0.999237 26.0981 3.17549e-05 
0.26645 0.0112171 2.02635e+06 0 0 1.52024e+06 1.00031 -32.2451 0 1.01314 1.01353 506110 0.999057 32.2451 3.92358e-05 
0.2701 0.0112166 2.0263e+06 0 0 1.52031e+06 1.00039 -39.8373 0 1.01299 1.01348 505985 0.998835 39.8373 4.84769e-05 
0.27375 0.011216 2.02625e+06 0 0 1.52042e+06 1.00048 -49.2131 0 1.01282 1.01342 505834 0.998561 49.2131 5.98912e-05 
0.2774 0.0112151 2.0262e+06 0 0 1.52055e+06 1.00059 -60.7891 0 1.01261 1.01335 505650 0.998224 60.7891 7.39884e-05 
0.28105 0.011214 2.02615e+06 0 0 1.52072e+06 1.00073 -75.0782 0 1.01234 1.01326 505426 0.997807 75.0782 9.13967e-05 
0.2847 0.0112126 2.0261e+06 0 0 1.52095e+06 1.0009 -92.7106 0 1.01202 1.01316 505154 0.997293 92.7106 0.00011289 
0.28835 0.0112108 2.02605e+06 0 0 1.52123e+06 1.00111 -114.459 0 1.01162 1.01303 504821 0.99666 114.459 0.000139421 
0.292 0.0112085 2.026e+06 0 0 1.52159e+06 1.00137 -141.271 0 1.01113 1.01286 504413 0.99588 141.271 0.000172162 
0.29565 0.0112056 2.02595e+06 0 0 1.52203e+06 1.00169 -174.302 0 1.01053 1.01267 503915 0.994921 174.302 0.000212553 
0.2993 0.011202 2.0259e+06 0 0 1.52259e+06 1.00209 -214.959 0 1.00979 1.01243 503306 0.993743 214.959 0.000262362 
0.30295 0.0111975 2.02585e+06 0 0 1.52329e+06 1.00257 -264.945 0 1.00887 1.01213 502561 0.992296 264.945 0.000323751 
0.3066 0.011192 2.0258e+06 0 0 1.52415e+06 1.00316 -326.31 0 1.00775 1.01177 501651 0.990524 326.31 0.000399364 
0.31025 0.0111852 2.02575e+06 0 0 1.52521e+06 1.00388 -401.506 0 1.00637 1.01133 500541 0.988356 401.506 0.000492419 
0.3139 0.0111768 2.0257e+06 0 0 1.52651e+06 1.00476 -493.429 0 1.00468 1.01079 499190 0.985714 493.429 0.000606819 
0.31755 0.0111666 2.02565e+06 0 0 1.5281e+06 1.00583 -605.456 0 1.00261 1.01013 497551 0.982501 605.456 0.00074727 
0.3212 0.0111543 2.0256e+06 0 0 1.53003e+06 1.00713 -741.452 0 1.00008 1.00933 495569 0.978612 741.452 0.000919406 
0.32485 0.0111395 2.02555e+06 0 0 1.53236e+06 1.00869 -905.719 0 0.996987 1.00836 493185 0.973929 905.719 0.00112989 
0.3285 0.0111218 2.0255e+06 0 0 1.53516e+06 1.01056 -1102.86 0 0.993234 1.00719 490335 0.968325 1102.86 0.00138651 
0.33215 0.0111009 2.02545e+06 0 0 1.53849e+06 1.01278 -1337.52 0 0.988697 1.00579 486955 0.961674 1337.52 0.00169809 
0.3358 0.0110765 2.0254e+06 0 0 1.54241e+06 1.01538 -1613.85 0 0.983245 1.00413 482988 0.953862 1613.85 0.00207433 
0.33945 0.0110485 2.02535e+06 0 0 1.54696e+06 1.0184 -1934.8 0 0.976753 1.00217 478394 0.944812 1934.8 0.00252509 
0.3431 0.011017 2.0253e+06 0 0 1.55213e+06 1.02183 -2300.8 0 0.969116 0.999913 473166 0.93451 2300.8 0.00305909 
0.34675 0.0109826 2.02525e+06 0 0 1.5579e+06 1.02565 -2708.13 0 0.960294 0.997353 467354 0.923056 2708.13 0.00368114 
0.3504 0.0109464 2.0252e+06 0 0 1.5641e+06 1.02976 -3146.47 0 0.950375 0.994542 461101 0.910727 3146.47 0.00438714 
0.35405 0.0109103 2.02515e+06 0 0 1.57047e+06 1.03398 -3596.03 0 0.939689 0.991591 454678 0.898063 3596.03 0.00515546 
0.3577 0.0108774 2.0251e+06 0 0 1.57656e+06 1.03801 -4024.21 0 0.928973 0.988708 448539 0.885959 4024.21 0.00593364 
0.36135 0.0108523 2.02505e+06 0 0 1.58168e+06 1.04141 -4382.45 0 0.919569 0.986233 443372 0.875775 4382.45 0.00662199 
0.365 0.0108411 2.025e+06 0 0 1.58485e+06 1.04353 -4604.15 0 0.913556 0.984665 440146 0.869425 4604.15 0.00706361 


0 0.0112 2.03e+06 0 0 1.5225e+06 1 0 0 1.01407 1.01407 507500 1 0 8.77098e-15 
0.00365 0.0112003 2.02995e+06 0 0 1.52246e+06 1 -2.33229e-07 0 1.01407 1.01407 507487 1 2.35602e-07 3.11491e-13 
0.0073 0.0112006 2.0299e+06 0 0 1.52242e+06 1 -5.85067e-07 0 1.01406 1.01406 507475 1 5.84596e-07 7.68989e-13 
0.01095 0.0112008 2.02985e+06 0 0 1.52239e+06 1 -1.08143e-06 0 1.01406 1.01406 507462 1 1.08442e-06 1.42406e-12 
0.0146 0.0112011 2.0298e+06 0 0 1.52235e+06 1 -1.7851e-06 0 1.01406 1.01406 507450 1 1.78719e-06 2.34196e-12 
0.01825 0.0112014 2.02975e+06 0 0 1.52231e+06 1 -2.7529e-06 0 1.01405 1.01405 507437 1 2.75558e-06 3.60474e-12 
0.0219 0.0112017 2.0297e+06 0 0 1.52227e+06 1 -4.07354e-06 0 1.01405 1.01405 507425 1 4.07483e-06 5.31836e-12 
0.02555 0.0112019 2.02965e+06 0 0 1.52224e+06 1 -5.84568e-06 0 1.01404 1.01404 507412 1 5.84701e-06 7.61719e-12 
0.0292 0.0112022 2.0296e+06 0 0 1.5222e+06 1 -8.20887e-06 0 1.01404 1.01404 507400 1 8.21089e-06 1.06714e-11 
0.03285 0.0112025 2.02955e+06 0 0 1.52216e+06 1 -1.13335e-05 0 1.01403 1.01403 507387 1 1.13352e-05 1.4696e-11 
0.0365 0.0112028 2.0295e+06 0 0 1.52212e+06 1 -1.5434e-05 0 1.01403 1.01403 507375 1 1.54344e-05 1.9963e-11 
0.04015 0.011203 2.02945e+06 0 0 1.52209e+06 1 -2.07793e-05 0 1.01402 1.01402 507362 1 2.07827e-05 2.68132e-11 
0.0438 0.0112033 2.0294e+06 0 0 1.52205e+06 1 -2.77184e-05 0 1.01402 1.01402 507350 1 2.77215e-05 3.56753e-11 
0.04745 0.0112036 2.02935e+06 0 0 1.52201e+06 1 -3.66798e-05 0 1.01401 1.01401 507337 1 3.66806e-05 4.70867e-11 
0.0511 0.0112039 2.0293e+06 0 0 1.52197e+06 1 -4.81977e-05 0 1.01401 1.01401 507325 1 4.82e-05 6.17192e-11 
0.05475 0.0112041 2.02925e+06 0 0 1.52194e+06 1 -6.2956e-05 0 1.014 1.014 507312 1 6.29583e-05 8.04127e-11 
0.0584 0.0112044 2.0292e+06 0 0 1.5219e+06 1 -8.17947e-05 0 1.014 1.014 507300 1 8.17966e-05 1.04215e-10 
0.06205 0.0112047 2.02915e+06 0 0 1.52186e+06 1 -0.000105769 0 1.01399 1.01399 507287 1 0.000105773 1.34432e-10 
0.0657 0.011205 2.0291e+06 0 0 1.52182e+06 1 -0.0001362 0 1.01399 1.01399 507275 1 0.000136202 1.72691e-10 
0.06935 0.0112052 2.02905e+06 0 0 1.52179e+06 1 -0.000174725 0 1.01398 1.01398 507262 1 0.000174727 2.21014e-10 
0.073 0.0112055 2.029e+06 0 0 1.52175e+06 1 -0.000223383 0 1.01398 1.01398 507250 1 0.000223384 2.81918e-10 
0.07665 0.0112058 2.02895e+06 0 0 1.52171e+06 1 -0.000284718 0 1.01397 1.01397 507237 1 0.000284721 3.58526e-10 
0.0803 0.0112061 2.0289e+06 0 0 1.52167e+06 1 -0.000361886 0 1.01397 1.01397 507225 1 0.000361889 4.54716e-10 
0.08395 0.0112063 2.02885e+06 0 0 1.52164e+06 1 -0.000458811 0 1.01396 1.01396 507212 1 0.000458812 5.75301e-10 
0.0876 0.0112066 2.0288e+06 0 0 1.5216e+06 1 -0.000580356 0 1.01396 1.01396 507200 1 0.000580359 7.26248e-10 
0.09125 0.0112069 2.02875e+06 0 0 1.52156e+06 1 -0.000732562 0 1.01395 1.01395 507187 1 0.000732565 9.14955e-10 
0.0949 0.0112072 2.0287e+06 0 0 1.52152e+06 1 -0.000922922 0 1.01395 1.01395 507175 1 0.000922924 1.15058e-09 
0.09855 0.0112075 2.02865e+06 0 0 1.52149e+06 1 -0.00116072 0 1.01394 1.01394 507162 1 0.00116072 1.44449e-09 
0.1022 0.0112077 2.0286e+06 0 0 1.52145e+06 1 -0.00145745 0 1.01394 1.01394 507150 1 0.00145745 1.81073e-09 
0.10585 0.011208 2.02855e+06 0 0 1.52141e+06 1 -0.00182736 0 1.01393 1.01393 507137 1 0.00182736 2.2667e-09 
0.1095 0.0112083 2.0285e+06 0 0 1.52137e+06 1 -0.00228811 0 1.01393 1.01393 507125 1 0.00228811 2.83394e-09 
0.11315 0.0112086 2.02845e+06 0 0 1.52134e+06 1 -0.00286153 0 1.01392 1.01392 507112 1 0.00286153 3.5391e-09 
0.1168 0.0112088 2.0284e+06 0 0 1.5213e+06 1 -0.00357465 0 1.01392 1.01392 507100 1 0.00357465 4.41514e-09 
0.12045 0.0112091 2.02835e+06 0 0 1.52126e+06 1 -0.00446094 0 1.01391 1.01391 507087 1 0.00446094 5.50285e-09 
0.1241 0.0112094 2.0283e+06 0 0 1.52122e+06 1 -0.00556177 0 1.01391 1.01391 507075 1 0.00556177 6.85265e-09 
0.12775 0.0112097 2.02825e+06 0 0 1.52119e+06 1 -0.00692834 0 1.0139 1.0139 507062 1 0.00692834 8.52691e-09 
0.1314 0.0112099 2.0282e+06 0 0 1.52115e+06 1 -0.00862397 0 1.0139 1.0139 507050 1 0.00862397 1.06028e-08 
0.13505 0.0112102 2.02815e+06 0 0 1.52111e+06 1 -0.010727 0 1.01389 1.01389 507037 1 0.010727 1.31755e-08 
0.1387 0.0112105 2.0281e+06 0 0 1.52108e+06 1 -0.0133342 0 1.01389 1.01389 507025 1 0.0133342 1.63631e-08 
0.14235 0.0112108 2.02805e+06 0 0 1.52104e+06 1 -0.0165653 0 1.01388 1.01388 507012 1 0.0165653 2.03113e-08 
0.146 0.011211 2.028e+06 0 0 1.521e+06 1 -0.0205683 0 1.01388 1.01388 507000 0.999999 0.0205683 2.52001e-08 
0.14965 0.0112113 2.02795e+06 0 0 1.52096e+06 1 -0.0255262 0 1.01387 1.01387 506987 0.999999 0.0255262 3.12522e-08 
0.1533 0.0112116 2.0279e+06 0 0 1.52093e+06 1 -0.0316651 0 1.01387 1.01387 506974 0.999999 0.0316651 3.87429e-08 
0.15695 0.0112119 2.02785e+06 0 0 1.52089e+06 1 -0.0392647 0 1.01386 1.01386 506962 0.999999 0.0392647 4.80122e-08 
0.1606 0.0112121 2.0278e+06 0 0 1.52085e+06 1 -0.0486704 0 1.01386 1.01386 506949 0.999999 0.0486704 5.94807e-08 
0.16425 0.0112124 2.02775e+06 0 0 1.52081e+06 1 -0.0603094 0 1.01385 1.01385 506937 0.999998 0.0603094 7.36678e-08 
0.1679 0.0112127 2.0277e+06 0 0 1.52078e+06 1 -0.0747095 0 1.01385 1.01385 506924 0.999998 0.0747095 9.12157e-08 
0.17155 0.011213 2.02765e+06 0 0 1.52074e+06 1 -0.092523 0 1.01384 1.01384 506911 0.999997 0.092523 1.12918e-07 
0.1752 0.0112132 2.0276e+06 0 0 1.5207e+06 1 -0.114556 0 1.01384 1.01384 506898 0.999997 0.114556 1.39755e-07 
0.17885 0.0112135 2.02755e+06 0 0 1.52066e+06 1 -0.141805 0 1.01383 1.01383 506885 0.999996 0.141805 1.7294e-07 
0.1825 0.0112138 2.0275e+06 0 0 1.52063e+06 1 -0.175501 0 1.01383 1.01383 506872 0.999995 0.175501 2.13969e-07 
0.18615 0.0112141 2.02745e+06 0 0 1.52059e+06 1 -0.217166 0 1.01382 1.01382 506859 0.999994 0.217166 2.64693e-07 
0.1898 0.0112143 2.0274e+06 0 0 1.52055e+06 1 -0.26868 0 1.01382 1.01382 506846 0.999992 0.26868 3.27401e-07 
0.19345 0.0112146 2.02735e+06 0 0 1.52052e+06 1 -0.332366 0 1.01381 1.01381 506833 0.99999 0.332366 4.04917e-07 
0.1971 0.0112149 2.0273e+06 0 0 1.52048e+06 1 -0.411095 0 1.0138 1.01381 506819 0.999988 0.411095 5.00736e-07 
0.20075 0.0112151 2.02725e+06 0 0 1.52044e+06 1 -0.508416 0 1.0138 1.0138 506805 0.999985 0.508416 6.19173e-07 
0.2044 0.0112154 2.0272e+06 0 0 1.52041e+06 1.00001 -0.628711 0 1.01379 1.0138 506791 0.999982 0.628711 7.6556e-07 
0.20805 0.0112157 2.02715e+06 0 0 1.52037e+06 1.00001 -0.7774 0 1.01378 1.01379 506776 0.999977 0.7774 9.4649e-07 
0.2117 0.0112159 2.0271e+06 0 0 1.52034e+06 1.00001 -0.961174 0 1.01377 1.01379 506761 0.999972 0.961174 1.17011e-06 
0.21535 0.0112162 2.02705e+06 0 0 1.5203e+06 1.00001 -1.18831 0 1.01377 1.01378 506745 0.999965 1.18831 1.44647e-06 
0.219 0.0112164 2.027e+06 0 0 1.52027e+06 1.00001 -1.46901 0 1.01376 1.01377 506728 0.999957 1.46901 1.78802e-06 
0.22265 0.0112167 2.02695e+06 0 0 1.52024e+06 1.00002 -1.81593 0 1.01374 1.01377 506710 0.999947 1.81593 2.21012e-06 
0.2263 0.0112169 2.0269e+06 0 0 1.52021e+06 1.00002 -2.24465 0 1.01373 1.01376 506692 0.999934 2.24465 2.73176e-06 
0.22995 0.0112171 2.02685e+06 0 0 1.52018e+06 1.00003 -2.77446 0 1.01372 1.01375 506671 0.999919 2.77446 3.37639e-06 
0.2336 0.0112174 2.0268e+06 0 0 1.52015e+06 1.00003 -3.42916 0 1.0137 1.01374 506649 0.9999 3.42916 4.17301e-06 
0.23725 0.0112176 2.02675e+06 0 0 1.52013e+06 1.00004 -4.23819 0 1.01368 1.01373 506625 0.999876 4.23819 5.15743e-06 
0.2409 0.0112177 2.0267e+06 0 0 1.5201e+06 1.00005 -5.2379 0 1.01366 1.01372 506597 0.999847 5.2379 6.3739e-06 
0.24455 0.0112179 2.02665e+06 0 0 1.52008e+06 1.00006 -6.47317 0 1.01363 1.01371 506566 0.999811 6.47317 7.87709e-06 
0.2482 0.011218 2.0266e+06 0 0 1.52007e+06 1.00008 -7.99946 0 1.0136 1.0137 506531 0.999766 7.99946 9.73454e-06 
0.25185 0.0112181 2.02655e+06 0 0 1.52006e+06 1.0001 -9.88525 0 1.01356 1.01368 506491 0.999711 9.88525 1.20297e-05 
0.2555 0.0112182 2.0265e+06 0 0 1.52006e+06 1.00012 -12.2151 0 1.01351 1.01366 506444 0.999643 12.2151 1.48656e-05 
0.25915 0.0112182 2.02645e+06 0 0 1.52006e+06 1.00015 -15.0933 0 1.01346 1.01364 506389 0.999558 15.0933 1.83695e-05 
0.2628 0.0112181 2.0264e+06 0 0 1.52008e+06 1.00018 -18.6488 0 1.01339 1.01362 506324 0.999455 18.6488 2.26985e-05 
0.26645 0.0112179 2.02635e+06 0 0 1.5201e+06 1.00022 -23.0403 0 1.0133 1.01358 506246 0.999326 23.0403 2.80469e-05 
0.2701 0.0112177 2.0263e+06 0 0 1.52015e+06 1.00028 -28.4638 0 1.0132 1.01355 506153 0.999168 28.4638 3.4654e-05 
0.27375 0.0112173 2.02625e+06 0 0 1.52021e+06 1.00034 -35.1606 0 1.01307 1.0135 506042 0.998972 35.1606 4.28155e-05 
0.2774 0.0112168 2.0262e+06 0 0 1.52029e+06 1.00042 -43.4278 0 1.01292 1.01345 505907 0.998731 43.4278 5.2896e-05 
0.28105 0.0112161 2.02615e+06 0 0 1.52041e+06 1.00052 -53.6308 0 1.01273 1.01339 505744 0.998434 53.6308 6.53453e-05 
0.2847 0.0112152 2.0261e+06 0 0 1.52055e+06 1.00064 -66.2185 0 1.0125 1.01331 505546 0.998068 66.2185 8.07173e-05 
0.28835 0.011214 2.02605e+06 0 0 1.52074e+06 1.00079 -81.7411 0 1.01221 1.01322 505305 0.997616 81.7411 9.96945e-05 
0.292 0.0112124 2.026e+06 0 0 1.52099e+06 1.00098 -100.872 0 1.01186 1.0131 505011 0.997061 100.872 0.000123116 
0.29565 0.0112104 2.02595e+06 0 0 1.5213e+06 1.00121 -124.433 0 1.01143 1.01296 504653 0.996377 124.433 0.000152015 
0.2993 0.0112079 2.0259e+06 0 0 1.52168e+06 1.00149 -153.421 0 1.0109 1.01279 504215 0.995538 153.421 0.000187655 
0.30295 0.0112048 2.02585e+06 0 0 1.52217e+06 1.00183 -189.046 0 1.01024 1.01258 503681 0.994509 189.046 0.000231589 
0.3066 0.011201 2.0258e+06 0 0 1.52277e+06 1.00225 -232.76 0 1.00944 1.01232 503031 0.993248 232.76 0.000285708 
0.31025 0.0111962 2.02575e+06 0 0 1.52351e+06 1.00276 -286.299 0 1.00846 1.01201 502238 0.991709 286.299 0.000352321 
0.3139 0.0111903 2.0257e+06 0 0 1.52442e+06 1.00339 -351.709 0 1.00725 1.01162 501276 0.989833 351.709 0.00043422 
0.31755 0.0111832 2.02565e+06 0 0 1.52554e+06 1.00415 -431.378 0 1.00577 1.01116 500110 0.987555 431.378 0.000534776 
0.3212 0.0111745 2.0256e+06 0 0 1.5269e+06 1.00507 -528.035 0 1.00397 1.0106 498703 0.9848 528.035 0.000658014 
0.32485 0.011164 2.02555e+06 0 0 1.52854e+06 1.00617 -644.718 0 1.00177 1.00992 497012 0.981486 644.718 0.000808691 
0.3285 0.0111515 2.0255e+06 0 0 1.53051e+06 1.00749 -784.684 0 0.999109 1.0091 494994 0.977525 784.684 0.000992337 
0.33215 0.0111368 2.02545e+06 0 0 1.53284e+06 1.00906 -951.221 0 0.995891 1.00812 492605 0.97283 951.221 0.00121521 
0.3358 0.0111195 2.0254e+06 0 0 1.5356e+06 1.01089 -1147.31 0 0.992033 1.00697 489804 0.967322 1147.31 0.00148413 
0.33945 0.0110997 2.02535e+06 0 0 1.53879e+06 1.01302 -1375.07 0 0.987449 1.00563 486564 0.960948 1375.07 0.00180595 
0.3431 0.0110775 2.0253e+06 0 0 1.54242e+06 1.01543 -1634.94 0 0.982071 1.00408 482881 0.953698 1634.94 0.00218658 
0.34675 0.011053 2.02525e+06 0 0 1.54646e+06 1.01812 -1924.43 0 0.975878 1.00234 478791 0.945643 1924.43 0.00262903 
0.3504 0.0110273 2.0252e+06 0 0 1.55081e+06 1.02101 -2236.48 0 0.96894 1.00045 474391 0.936977 2236.48 0.00312984 
0.35405 0.0110016 2.02515e+06 0 0 1.55528e+06 1.02398 -2557.28 0 0.961493 0.998468 469872 0.928073 2557.28 0.00367314 
0.3577 0.0109781 2.0251e+06 0 0 1.55955e+06 1.02681 -2863.86 0 0.954052 0.996548 465549 0.919558 2863.86 0.00422159 
0.36135 0.0109601 2.02505e+06 0 0 1.56314e+06 1.02921 -3121.5 0 0.947542 0.994907 461905 0.912383 3121.5 0.00470538 
0.365 0.0109521 2.025e+06 0 0 1.56537e+06 1.0307 -3281.86 0 0.943384 0.993869 459625 0.907902 3281.86 0.00501543 


0 0.0112 2.03e+06 0 0 1.5225e+06 1 0 0 1.01407 1.01407 507500 1 0 8.77098e-15 
0.00365 0.0112003 2.02995e+06 0 0 1.52246e+06 1 -1.67447e-07 0 1.01407 1.01407 507487 1 1.66954e-07 2.20352e-13 
0.0073 0.0112006 2.0299e+06 0 0 1.52242e+06 1 -4.1164e-07 0 1.01406 1.01406 507475 1 4.14104e-07 5.43207e-13 
0.01095 0.0112008 2.02985e+06 0 0 1.52239e+06 1 -7.63477e-07 0 1.01406 1.01406 507462 1 7.67399e-07 1.00607e-12 
0.0146 0.0112011 2.0298e+06 0 0 1.52235e+06 1 -1.26283e-06 0 1.01406 1.01406 507450 1 1.26432e-06 1.65492e-12 
0.01825 0.0112014 2.02975e+06 0 0 1.52231e+06 1 -1.94956e-06 0 1.01405 1.01405 507437 1 1.94935e-06 2.54752e-12 
0.0219 0.0112017 2.0297e+06 0 0 1.52227e+06 1 -2.88148e-06 0 1.01405 1.01405 507425 1 2.88426e-06 3.75967e-12 
0.02555 0.0112019 2.02965e+06 0 0 1.52224e+06 1 -4.13932e-06 0 1.01404 1.01404 507412 1 4.14006e-06 5.38615e-12 
0.0292 0.0112022 2.0296e+06 0 0 1.5222e+06 1 -5.8108e-06 0 1.01404 1.01404 507400 1 5.81354e-06 7.54812e-12 
0.03285 0.0112025 2.02955e+06 0 0 1.52216e+06 1 -8.02548e-06 0 1.01403 1.01403 507387 1 8.0283e-06 1.03983e-11 
0.0365 0.0112028 2.0295e+06 0 0 1.52212e+06 1 -1.09339e-05 0 1.01403 1.01403 507375 1 1.09344e-05 1.413e-11 
0.04015 0.011203 2.02945e+06 0 0 1.52209e+06 1 -1.47253e-05 0 1.01402 1.01402 507362 1 1.47274e-05 1.89855e-11 
0.0438 0.0112033 2.0294e+06 0 0 1.52205e+06 1 -1.96471e-05 0 1.01402 1.01402 507350 1 1.96491e-05 2.52698e-11 
0.04745 0.0112036 2.02935e+06 0 0 1.52201e+06 1 -2.60071e-05 0 1.01401 1.01401 507337 1 2.60085e-05 3.33653e-11 
0.0511 0.0112039 2.0293e+06 0 0 1.52197e+06 1 -3.4184e-05 0 1.01401 1.01401 507325 1 3.41876e-05 4.37505e-11 
0.05475 0.0112041 2.02925e+06 0 0 1.52194e+06 1 -4.46644e-05 0 1.014 1.014 507312 1 4.4667e-05 5.70228e-11 
0.0584 0.0112044 2.0292e+06 0 0 1.5219e+06 1 -5.80472e-05 0 1.014 1.014 507300 1 5.80491e-05 7.39294e-11 
0.06205 0.0112047 2.02915e+06 0 0 1.52186e+06 1 -7.50879e-05 0 1.01399 1.01399 507287 1 7.509e-05 9.5401e-11 
0.0657 0.011205 2.0291e+06 0 0 1.52182e+06 1 -9.67184e-05 0 1.01399 1.01399 507275 1 9.67201e-05 1.22597e-10 
0.06935 0.0112052 2.02905e+06 0 0 1.52179e+06 1 -0.000124116 0 1.01398 1.01398 507262 1 0.000124115 1.56959e-10 
0.073 0.0112055 2.029e+06 0 0 1.52175e+06 1 -0.000158724 0 1.01398 1.01398 507250 1 0.000158727 2.00281e-10 
0.07665 0.0112058 2.02895e+06 0 0 1.52171e+06 1 -0.000202369 0 1.01397 1.01397 507237 1 0.00020237 2.54793e-10 
0.0803 0.0112061 2.0289e+06 0 0 1.52167e+06 1 -0.00025729 0 1.01397 1.01397 507225 1 0.000257293 3.2326e-10 
0.08395 0.0112063 2.02885e+06 0 0 1.52164e+06 1 -0.000326292 0 1.01396 1.01396 507212 1 0.000326295 4.09117e-10 
0.0876 0.0112066 2.0288e+06 0 0 1.5216e+06 1 -0.00041285 0 1.01396 1.01396 507200 1 0.000412851 5.16622e-10 
0.09125 0.0112069 2.02875e+06 0 0 1.52156e+06 1 -0.000521267 0 1.01395 1.01395 507187 1 0.000521267 6.51056e-10 
0.0949 0.0112072 2.0287e+06 0 0 1.52152e+06 1 -0.000656888 0 1.01395 1.01395 507175 1 0.000656892 8.1896e-10 
0.09855 0.0112075 2.02865e+06 0 0 1.52149e+06 1 -0.000826346 0 1.01394 1.01394 507162 1 0.000826351 1.02844e-09 
0.1022 0.0112077 2.0286e+06 0 0 1.52145e+06 1 -0.00103785 0 1.01394 1.01394 507150 1 0.00103786 1.28954e-09 
0.10585 0.011208 2.02855e+06 0 0 1.52141e+06 1 -0.00130158 0 1.01393 1.01393 507137 1 0.00130158 1.61467e-09 
0.1095 0.0112083 2.0285e+06 0 0 1.52137e+06 1 -0.00163013 0 1.01393 1.01393 507125 1 0.00163013 2.01923e-09 
0.11315 0.0112086 2.02845e+06 0 0 1.52134e+06 1 -0.00203909 0 1.01392 1.01392 507112 1 0.00203909 2.52224e-09 
0.1168 0.0112088 2.0284e+06 0 0 1.5213e+06 1 -0.00254778 0 1.01392 1.01392 507100 1 0.00254778 3.14725e-09 
0.12045 0.0112091 2.02835e+06 0 0 1.52126e+06 1 -0.00318009 0 1.01391 1.01391 507087 1 0.00318009 3.9234e-09 
0.1241 0.0112094 2.0283e+06 0 0 1.52122e+06 1 -0.00396559 0 1.01391 1.01391 507075 1 0.00396559 4.88671e-09 
0.12775 0.0112097 2.02825e+06 0 0 1.52119e+06 1 -0.00494084 0 1.0139 1.0139 507062 1 0.00494084 6.08175e-09 
0.1314 0.0112099 2.0282e+06 0 0 1.52115e+06 1 -0.00615108 0 1.0139 1.0139 507050 1 0.00615109 7.56361e-09 
0.13505 0.0112102 2.02815e+06 0 0 1.52111e+06 1 -0.00765226 0 1.01389 1.01389 507037 1 0.00765227 9.40043e-09 
0.1387 0.0112105 2.0281e+06 0 0 1.52107e+06 1 -0.00951356 0 1.01389 1.01389 507025 1 0.00951356 1.16764e-08 
0.14235 0.0112108 2.02805e+06 0 0 1.52104e+06 1 -0.0118205 0 1.01388 1.01388 507012 1 0.0118205 1.44957e-08 
0.146 0.011211 2.028e+06 0 0 1.521e+06 1 -0.0146789 0 1.01388 1.01388 507000 1 0.0146789 1.79871e-08 
0.14965 0.0112113 2.02795e+06 0 0 1.52096e+06 1 -0.0182194 0 1.01387 1.01387 506987 0.999999 0.0182194 2.23096e-08 
0.1533 0.0112116 2.0279e+06 0 0 1.52093e+06 1 -0.0226037 0 1.01387 1.01387 506975 0.999999 0.0226037 2.76599e-08 
0.15695 0.0112119 2.02785e+06 0 0 1.52089e+06 1 -0.0280315 0 1.01386 1.01386 506962 0.999999 0.0280315 3.42811e-08 
0.1606 0.0112121 2.0278e+06 0 0 1.52085e+06 1 -0.0347498 0 1.01386 1.01386 506949 0.999999 0.0347498 4.24736e-08 
0.16425 0.0112124 2.02775e+06 0 0 1.52081e+06 1 -0.0430638 0 1.01385 1.01385 506937 0.999999 0.0430638 5.26088e-08 
0.1679 0.0112127 2.0277e+06 0 0 1.52078e+06 1 -0.0533506 0 1.01385 1.01385 506924 0.999998 0.0533506 6.51455e-08 
0.17155 0.011213 2.02765e+06 0 0 1.52074e+06 1 -0.0660766 0 1.01384 1.01384 506911 0.999998 0.0660766 8.0651e-08 
0.1752 0.0112133 2.0276e+06 0 0 1.5207e+06 1 -0.0818177 0 1.01384 1.01384 506899 0.999998 0.0818177 9.9826e-08 
0.17885 0.0112135 2.02755e+06 0 0 1.52066e+06 1 -0.101286 0 1.01383 1.01383 506886 0.999997 0.101286 1.23537e-07 
0.1825 0.0112138 2.0275e+06 0 0 1.52063e+06 1 -0.125362 0 1.01383 1.01383 506873 0.999996 0.125362 1.52854e-07 
0.18615 0.0112141 2.02745e+06 0 0 1.52059e+06 1 -0.155132 0 1.01382 1.01382 506860 0.999995 0.155132 1.891e-07 
0.1898 0.0112143 2.0274e+06 0 0 1.52055e+06 1 -0.19194 0 1.01382 1.01382 506847 0.999994 0.19194 2.33909e-07 
0.19345 0.0112146 2.02735e+06 0 0 1.52052e+06 1 -0.237447 0 1.01381 1.01381 506834 0.999993 0.237447 2.89303e-07 
0.1971 0.0112149 2.0273e+06 0 0 1.52048e+06 1 -0.293705 0 1.01381 1.01381 506821 0.999991 0.293705 3.57776e-07 
0.20075 0.0112152 2.02725e+06 0 0 1.52044e+06 1 -0.363249 0 1.0138 1.0138 506807 0.999989 0.363249 4.42414e-07 
0.2044 0.0112154 2.0272e+06 0 0 1.52041e+06 1 -0.449212 0 1.01379 1.0138 506793 0.999987 0.449212 5.47029e-07 
0.20805 0.0112157 2.02715e+06 0 0 1.52037e+06 1.00001 -0.555466 0 1.01379 1.01379 506779 0.999984 0.555466 6.7633e-07 
0.2117 0.011216 2.0271e+06 0 0 1.52033e+06 1.00001 -0.686794 0 1.01378 1.01379 506765 0.99998 0.686794 8.3614e-07 
0.21535 0.0112162 2.02705e+06 0 0 1.5203e+06 1.00001 -0.849107 0 1.01377 1.01378 506750 0.999975 0.849107 1.03365e-06 
0.219 0.0112165 2.027e+06 0 0 1.52027e+06 1.00001 -1.04971 0 1.01376 1.01378 506734 0.999969 1.04971 1.27775e-06 
0.22265 0.0112167 2.02695e+06 0 0 1.52023e+06 1.00001 -1.29762 0 1.01375 1.01377 506718 0.999962 1.29762 1.57942e-06 
0.2263 0.011217 2.0269e+06 0 0 1.5202e+06 1.00002 -1.604 0 1.01374 1.01376 506701 0.999953 1.604 1.95223e-06 
0.22995 0.0112172 2.02685e+06 0 0 1.52017e+06 1.00002 -1.98261 0 1.01373 1.01376 506683 0.999942 1.98261 2.41295e-06 
0.2336 0.0112174 2.0268e+06 0 0 1.52014e+06 1.00002 -2.45048 0 1.01372 1.01375 506664 0.999928 2.45048 2.9823e-06 
0.23725 0.0112177 2.02675e+06 0 0 1.52011e+06 1.00003 -3.02862 0 1.0137 1.01374 506643 0.999911 3.02862 3.68588e-06 
0.2409 0.0112179 2.0267e+06 0 0 1.52008e+06 1.00004 -3.743 0 1.01368 1.01373 506619 0.99989 3.743 4.55532e-06 
0.24455 0.0112181 2.02665e+06 0 0 1.52006e+06 1.00005 -4.6257 0 1.01366 1.01372 506594 0.999865 4.6257 5.6297e-06 
0.2482 0.0112182 2.0266e+06 0 0 1.52003e+06 1.00006 -5.71631 0 1.01364 1.01371 506565 0.999833 5.71631 6.95728e-06 
0.25185 0.0112184 2.02655e+06 0 0 1.52002e+06 1.00007 -7.06373 0 1.01361 1.0137 506533 0.999793 7.06373 8.59772e-06 
0.2555 0.0112185 2.0265e+06 0 0 1.52e+06 1.00009 -8.72835 0 1.01358 1.01368 506496 0.999745 8.72835 1.06247e-05 
0.25915 0.0112186 2.02645e+06 0 0 1.52e+06 1.00011 -10.7846 0 1.01353 1.01367 506453 0.999685 10.7846 1.31291e-05 
0.2628 0.0112186 2.0264e+06 0 0 1.52e+06 1.00013 -13.3245 0 1.01348 1.01365 506403 0.99961 13.3245 1.62234e-05 
0.26645 0.0112186 2.02635e+06 0 0 1.52001e+06 1.00016 -16.4613 0 1.01342 1.01362 506344 0.999519 16.4613 2.00463e-05 
0.2701 0.0112185 2.0263e+06 0 0 1.52003e+06 1.0002 -20.3347 0 1.01335 1.0136 506274 0.999406 20.3347 2.47689e-05 
0.27375 0.0112183 2.02625e+06 0 0 1.52006e+06 1.00024 -25.1168 0 1.01325 1.01356 506191 0.999266 25.1168 3.06026e-05 
0.2774 0.011218 2.0262e+06 0 0 1.52011e+06 1.0003 -31.0191 0 1.01314 1.01352 506091 0.999094 31.0191 3.78081e-05 
0.28105 0.0112176 2.02615e+06 0 0 1.52018e+06 1.00037 -38.3018 0 1.01301 1.01348 505971 0.998882 38.3018 4.67067e-05 
0.2847 0.011217 2.0261e+06 0 0 1.52027e+06 1.00046 -47.2842 0 1.01284 1.01342 505826 0.998621 47.2842 5.76944e-05 
0.28835 0.0112162 2.02605e+06 0 0 1.5204e+06 1.00057 -58.3573 0 1.01263 1.01335 505651 0.998299 58.3573 7.12587e-05 
0.292 0.0112152 2.026e+06 0 0 1.52056e+06 1.0007 -71.9993 0 1.01238 1.01327 505438 0.997903 71.9993 8.79996e-05 
0.29565 0.0112139 2.02595e+06 0 0 1.52077e+06 1.00086 -88.7925 0 1.01207 1.01317 505179 0.997416 88.7925 0.000108654 
0.2993 0.0112122 2.0259e+06 0 0 1.52104e+06 1.00106 -109.444 0 1.01169 1.01304 504864 0.996819 109.444 0.000134125 
0.30295 0.01121 2.02585e+06 0 0 1.52137e+06 1.0013 -134.809 0 1.01123 1.01289 504481 0.996087 134.809 0.000165518 
0.3066 0.0112074 2.0258e+06 0 0 1.52179e+06 1.0016 -165.912 0 1.01065 1.01271 504015 0.995191 165.912 0.000204185 
0.31025 0.011204 2.02575e+06 0 0 1.5223e+06 1.00197 -203.977 0 1.00995 1.01248 503448 0.994098 203.977 0.000251767 
0.3139 0.0112 2.0257e+06 0 0 1.52294e+06 1.00241 -250.445 0 1.00909 1.01221 502762 0.992767 250.445 0.000310251 
0.31755 0.011195 2.02565e+06 0 0 1.52372e+06 1.00295 -306.991 0 1.00804 1.01188 501932 0.991153 306.991 0.000382028 
0.3212 0.0111889 2.0256e+06 0 0 1.52467e+06 1.0036 -375.527 0 1.00676 1.01149 500932 0.989203 375.527 0.000469948 
0.32485 0.0111816 2.02555e+06 0 0 1.52582e+06 1.00438 -458.181 0 1.0052 1.01101 499734 0.986861 458.181 0.000577367 
0.3285 0.0111728 2.0255e+06 0 0 1.52719e+06 1.00531 -557.226 0 1.00331 1.01044 498306 0.984065 557.226 0.000708165 
0.33215 0.0111624 2.02545e+06 0 0 1.52883e+06 1.00642 -674.955 0 1.00103 1.00976 496617 0.980755 674.955 0.000866712 
0.3358 0.0111503 2.0254e+06 0 0 1.53076e+06 1.00771 -813.444 0 0.998308 1.00896 494642 0.976878 813.444 0.00105771 
0.33945 0.0111364 2.02535e+06 0 0 1.53299e+06 1.0092 -974.179 0 0.995081 1.00803 492361 0.972396 974.179 0.00128583 
0.3431 0.0111207 2.0253e+06 0 0 1.53553e+06 1.0109 -1157.47 0 0.991307 1.00696 489771 0.967306 1157.47 0.00155498 
0.34675 0.0111035 2.02525e+06 0 0 1.53835e+06 1.01278 -1361.62 0 0.986976 1.00577 486899 0.961657 1361.62 0.00186693 
0.3504 0.0110854 2.0252e+06 0 0 1.54139e+06 1.0148 -1581.72 0 0.982141 1.00448 483813 0.955585 1581.72 0.00221881 
0.35405 0.0110673 2.02515e+06 0 0 1.54451e+06 1.01688 -1808.2 0 0.976973 1.00313 480644 0.94935 1808.2 0.0025991 
0.3577 0.0110507 2.0251e+06 0 0 1.54749e+06 1.01887 -2024.98 0 0.971827 1.00184 477613 0.943387 2024.98 0.00298156 
0.36135 0.011038 2.02505e+06 0 0 1.54999e+06 1.02055 -2207.65 0 0.967339 1.00074 475057 0.938361 2207.65 0.00331789 
0.365 0.0110324 2.025e+06 0 0 1.55155e+06 1.02159 -2321.77 0 0.964476 1.00004 473454 0.935219 2321.77 0.00353316 


0 0.0112 2.03e+06 0 0 1.5225e+06 1 0 0 1.01407 1.01407 507500 1 0 8.77098e-15 
0.00365 0.0112003 2.02995e+06 0 0 1.52246e+06 1 -1.19605e-07 0 1.01407 1.01407 507487 1 1.19128e-07 1.55943e-13 
0.0073 0.0112006 2.0299e+06 0 0 1.52242e+06 1 -2.88048e-07 0 1.01406 1.01406 507475 1 2.93601e-07 3.84055e-13 
0.01095 0.0112008 2.02985e+06 0 0 1.52239e+06 1 -5.40215e-07 0 1.01406 1.01406 507462 1 5.41935e-07 7.11109e-13 
0.0146 0.0112011 2.0298e+06 0 0 1.52235e+06 1 -8.94046e-07 0 1.01406 1.01406 507450 1 8.94529e-07 1.16966e-12 
0.01825 0.0112014 2.02975e+06 0 0 1.52231e+06 1 -1.37745e-06 0 1.01405 1.01405 507437 1 1.38126e-06 1.80106e-12 
0.0219 0.0112017 2.0297e+06 0 0 1.52227e+06 1 -2.03926e-06 0 1.01405 1.01405 507425 1 2.0406e-06 2.65825e-12 
0.02555 0.0112019 2.02965e+06 0 0 1.52224e+06 1 -2.93032e-06 0 1.01404 1.01404 507412 1 2.93225e-06 3.80933e-12 
0.0292 0.0112022 2.0296e+06 0 0 1.5222e+06 1 -4.1154e-06 0 1.01404 1.01404 507400 1 4.11708e-06 5.33979e-12 
0.03285 0.0112025 2.02955e+06 0 0 1.52216e+06 1 -5.68422e-06 0 1.01403 1.01403 507387 1 5.6873e-06 7.35877e-12 
0.0365 0.0112028 2.0295e+06 0 0 1.52212e+06 1 -7.7464e-06 0 1.01403 1.01403 507375 1 7.74759e-06 1.00027e-11 
0.04015 0.011203 2.02945e+06 0 0 1.52209e+06 1 -1.04325e-05 0 1.01402 1.01402 507362 1 1.04375e-05 1.34446e-11 
0.0438 0.0112033 2.0294e+06 0 0 1.52205e+06 1 -1.393e-05 0 1.01402 1.01402 507350 1 1.3931e-05 1.79012e-11 
0.04745 0.0112036 2.02935e+06 0 0 1.52201e+06 1 -1.84421e-05 0 1.01401 1.01401 507337 1 1.84413e-05 2.36448e-11 
0.0511 0.0112039 2.0293e+06 0 0 1.52197e+06 1 -2.42479e-05 0 1.01401 1.01401 507325 1 2.42505e-05 3.10157e-11 
0.05475 0.0112041 2.02925e+06 0 0 1.52194e+06 1 -3.16903e-05 0 1.014 1.014 507312 1 3.16919e-05 4.04396e-11 
0.0584 0.0112044 2.0292e+06 0 0 1.5219e+06 1 -4.11999e-05 0 1.014 1.014 507300 1 4.12014e-05 5.24485e-11 
0.06205 0.0112047 2.02915e+06 0 0 1.52186e+06 1 -5.33079e-05 0 1.01399 1.01399 507287 1 5.33087e-05 6.77058e-11 
0.0657 0.011205 2.0291e+06 0 0 1.52182e+06 1 -6.8686e-05 0 1.01399 1.01399 507275 1 6.86867e-05 8.70375e-11 
0.06935 0.0112052 2.02905e+06 0 0 1.52179e+06 1 -8.81657e-05 0 1.01398 1.01398 507262 1 8.81673e-05 1.11472e-10 
0.073 0.0112055 2.029e+06 0 0 1.52175e+06 1 -0.000112786 0 1.01398 1.01398 507250 1 0.000112788 1.42289e-10 
0.07665 0.0112058 2.02895e+06 0 0 1.52171e+06 1 -0.000143841 0 1.01397 1.01397 507237 1 0.000143842 1.81077e-10 
0.0803 0.0112061 2.0289e+06 0 0 1.52167e+06 1 -0.00018293 0 1.01397 1.01397 507225 1 0.000182932 2.29811e-10 
0.08395 0.0112063 2.02885e+06 0 0 1.52164e+06 1 -0.000232054 0 1.01396 1.01396 507212 1 0.000232056 2.9094e-10 
0.0876 0.0112066 2.0288e+06 0 0 1.5216e+06 1 -0.000293691 0 1.01396 1.01396 507200 1 0.000293693 3.67505e-10 
0.09125 0.0112069 2.02875e+06 0 0 1.52156e+06 1 -0.000370915 0 1.01395 1.01395 507187 1 0.000370918 4.63273e-10 
0.0949 0.0112072 2.0287e+06 0 0 1.52152e+06 1 -0.000467541 0 1.01395 1.01395 507175 1 0.000467544 5.82915e-10 
0.09855 0.0112075 2.02865e+06 0 0 1.52149e+06 1 -0.000588301 0 1.01394 1.01394 507162 1 0.000588303 7.32218e-10 
0.1022 0.0112077 2.0286e+06 0 0 1.52145e+06 1 -0.000739058 0 1.01394 1.01394 507150 1 0.00073906 9.18349e-10 
0.10585 0.011208 2.02855e+06 0 0 1.52141e+06 1 -0.000927073 0 1.01393 1.01393 507137 1 0.000927075 1.15018e-09 
0.1095 0.0112083 2.0285e+06 0 0 1.52137e+06 1 -0.00116135 0 1.01393 1.01393 507125 1 0.00116135 1.4387e-09 
0.11315 0.0112086 2.02845e+06 0 0 1.52134e+06 1 -0.00145301 0 1.01392 1.01392 507112 1 0.00145302 1.79751e-09 
0.1168 0.0112088 2.0284e+06 0 0 1.5213e+06 1 -0.00181587 0 1.01392 1.01392 507100 1 0.00181587 2.24341e-09 
0.12045 0.0112091 2.02835e+06 0 0 1.52126e+06 1 -0.00226697 0 1.01391 1.01391 507087 1 0.00226698 2.79723e-09 
0.1241 0.0112094 2.0283e+06 0 0 1.52122e+06 1 -0.00282745 0 1.01391 1.01391 507075 1 0.00282745 3.4847e-09 
0.12775 0.0112097 2.02825e+06 0 0 1.52119e+06 1 -0.00352342 0 1.0139 1.0139 507062 1 0.00352342 4.33766e-09 
0.1314 0.0112099 2.0282e+06 0 0 1.52115e+06 1 -0.0043872 0 1.0139 1.0139 507050 1 0.0043872 5.39547e-09 
0.13505 0.0112102 2.02815e+06 0 0 1.52111e+06 1 -0.00545877 0 1.01389 1.01389 507037 1 0.00545877 6.70682e-09 
0.1387 0.0112105 2.0281e+06 0 0 1.52107e+06 1 -0.00678753 0 1.01389 1.01389 507025 1 0.00678753 8.33188e-09 
0.14235 0.0112108 2.02805e+06 0 0 1.52104e+06 1 -0.00843462 0 1.01388 1.01388 507012 1 0.00843463 1.03451e-08 
0.146 0.011211 2.028e+06 0 0 1.521e+06 1 -0.0104756 0 1.01388 1.01388 507000 1 0.0104756 1.28384e-08 
0.14965 0.0112113 2.02795e+06 0 0 1.52096e+06 1 -0.0130039 0 1.01387 1.01387 506987 1 0.0130039 1.59255e-08 
0.1533 0.0112116 2.0279e+06 0 0 1.52093e+06 1 -0.016135 0 1.01387 1.01387 506975 1 0.016135 1.97469e-08 
0.15695 0.0112119 2.02785e+06 0 0 1.52089e+06 1 -0.0200116 0 1.01386 1.01386 506962 0.999999 0.0200116 2.44764e-08 
0.1606 0.0112121 2.0278e+06 0 0 1.52085e+06 1 -0.0248102 0 1.01386 1.01386 506950 0.999999 0.0248102 3.03287e-08 
0.16425 0.0112124 2.02775e+06 0 0 1.52081e+06 1 -0.030749 0 1.01385 1.01385 506937 0.999999 0.030749 3.75691e-08 
0.1679 0.0112127 2.0277e+06 0 0 1.52078e+06 1 -0.0380974 0 1.01385 1.01385 506924 0.999999 0.0380974 4.65255e-08 
0.17155 0.011213 2.02765e+06 0 0 1.52074e+06 1 -0.0471887 0 1.01384 1.01385 506912 0.999999 0.0471887 5.76034e-08 
0.1752 0.0112133 2.0276e+06 0 0 1.5207e+06 1 -0.0584345 0 1.01384 1.01384 506899 0.999998 0.0584345 7.13036e-08 
0.17885 0.0112135 2.02755e+06 0 0 1.52066e+06 1 -0.0723437 0 1.01383 1.01384 506886 0.999998 0.0723437 8.82452e-08 
0.1825 0.0112138 2.0275e+06 0 0 1.52063e+06 1 -0.0895452 0 1.01383 1.01383 506874 0.999997 0.0895452 1.09193e-07 
0.18615 0.0112141 2.02745e+06 0 0 1.52059e+06 1 -0.110816 0 1.01382 1.01383 506861 0.999997 0.110816 1.35093e-07 
0.1898 0.0112144 2.0274e+06 0 0 1.52055e+06 1 -0.137117 0 1.01382 1.01382 506848 0.999996 0.137117 1.67113e-07 
0.19345 0.0112146 2.02735e+06 0 0 1.52051e+06 1 -0.169633 0 1.01381 1.01382 506835 0.999995 0.169633 2.06696e-07 
0.1971 0.0112149 2.0273e+06 0 0 1.52048e+06 1 -0.209833 0 1.01381 1.01381 506822 0.999994 0.209833 2.55628e-07 
0.20075 0.0112152 2.02725e+06 0 0 1.52044e+06 1 -0.259527 0 1.0138 1.0138 506809 0.999992 0.259527 3.16111e-07 
0.2044 0.0112154 2.0272e+06 0 0 1.5204e+06 1 -0.320956 0 1.0138 1.0138 506795 0.999991 0.320956 3.90872e-07 
0.20805 0.0112157 2.02715e+06 0 0 1.52037e+06 1 -0.396884 0 1.01379 1.01379 506782 0.999988 0.396884 4.83277e-07 
0.2117 0.011216 2.0271e+06 0 0 1.52033e+06 1 -0.490732 0 1.01378 1.01379 506768 0.999986 0.490732 5.97485e-07 
0.21535 0.0112162 2.02705e+06 0 0 1.5203e+06 1.00001 -0.606723 0 1.01378 1.01378 506753 0.999982 0.606723 7.38638e-07 
0.219 0.0112165 2.027e+06 0 0 1.52026e+06 1.00001 -0.750077 0 1.01377 1.01378 506739 0.999978 0.750077 9.13087e-07 
0.22265 0.0112168 2.02695e+06 0 0 1.52023e+06 1.00001 -0.92724 0 1.01376 1.01377 506724 0.999973 0.92724 1.12868e-06 
0.2263 0.011217 2.0269e+06 0 0 1.52019e+06 1.00001 -1.14618 0 1.01375 1.01377 506708 0.999966 1.14618 1.39512e-06 
0.22995 0.0112173 2.02685e+06 0 0 1.52016e+06 1.00001 -1.41674 0 1.01374 1.01376 506691 0.999959 1.41674 1.72439e-06 
0.2336 0.0112175 2.0268e+06 0 0 1.52013e+06 1.00002 -1.75107 0 1.01373 1.01375 506674 0.999949 1.75107 2.1313e-06 
0.23725 0.0112178 2.02675e+06 0 0 1.52009e+06 1.00002 -2.1642 0 1.01372 1.01374 506655 0.999937 2.1642 2.63414e-06 
0.2409 0.011218 2.0267e+06 0 0 1.52006e+06 1.00003 -2.67467 0 1.0137 1.01374 506635 0.999922 2.67467 3.25552e-06 
0.24455 0.0112182 2.02665e+06 0 0 1.52004e+06 1.00003 -3.30539 0 1.01369 1.01373 506613 0.999903 3.30539 4.02336e-06 
0.2482 0.0112184 2.0266e+06 0 0 1.52001e+06 1.00004 -4.08463 0 1.01367 1.01372 506589 0.999881 4.08463 4.97218e-06 
0.25185 0.0112186 2.02655e+06 0 0 1.51999e+06 1.00005 -5.04732 0 1.01365 1.01371 506563 0.999852 5.04732 6.14457e-06 
0.2555 0.0112187 2.0265e+06 0 0 1.51997e+06 1.00006 -6.23654 0 1.01362 1.0137 506533 0.999818 6.23654 7.59319e-06 
0.25915 0.0112189 2.02645e+06 0 0 1.51995e+06 1.00008 -7.70546 0 1.01359 1.01368 506498 0.999775 7.70546 9.38305e-06 
0.2628 0.011219 2.0264e+06 0 0 1.51994e+06 1.00009 -9.51964 0 1.01355 1.01367 506459 0.999722 9.51964 1.15944e-05 
0.26645 0.011219 2.02635e+06 0 0 1.51994e+06 1.00011 -11.7599 0 1.01351 1.01365 506413 0.999656 11.7599 1.43264e-05 
0.2701 0.011219 2.0263e+06 0 0 1.51994e+06 1.00014 -14.5258 0 1.01345 1.01363 506360 0.999576 14.5258 1.77013e-05 
0.27375 0.011219 2.02625e+06 0 0 1.51995e+06 1.00017 -17.9399 0 1.01338 1.0136 506297 0.999476 17.9399 2.18701e-05 
0.2774 0.0112189 2.0262e+06 0 0 1.51998e+06 1.00022 -22.1528 0 1.0133 1.01358 506222 0.999353 22.1528 2.70188e-05 
0.28105 0.0112186 2.02615e+06 0 0 1.52002e+06 1.00027 -27.3497 0 1.0132 1.01354 506133 0.999202 27.3497 3.33769e-05 
0.2847 0.0112183 2.0261e+06 0 0 1.52007e+06 1.00033 -33.7575 0 1.01308 1.0135 506026 0.999016 33.7575 4.1227e-05 
0.28835 0.0112178 2.02605e+06 0 0 1.52015e+06 1.0004 -41.6538 0 1.01294 1.01345 505898 0.998786 41.6538 5.0917e-05 
0.292 0.0112172 2.026e+06 0 0 1.52026e+06 1.0005 -51.3777 0 1.01275 1.01339 505742 0.998504 51.3777 6.28744e-05 
0.29565 0.0112163 2.02595e+06 0 0 1.5204e+06 1.00061 -63.3418 0 1.01253 1.01331 505554 0.998158 63.3418 7.76241e-05 
0.2993 0.0112152 2.0259e+06 0 0 1.52057e+06 1.00076 -78.0463 0 1.01226 1.01322 505327 0.997733 78.0463 9.58095e-05 
0.30295 0.0112137 2.02585e+06 0 0 1.5208e+06 1.00093 -96.0944 0 1.01193 1.01312 505050 0.997212 96.0944 0.000118217 
0.3066 0.0112119 2.0258e+06 0 0 1.52108e+06 1.00114 -118.209 0 1.01152 1.01298 504716 0.996576 118.209 0.000145806 
0.31025 0.0112097 2.02575e+06 0 0 1.52144e+06 1.0014 -145.251 0 1.01101 1.01282 504310 0.9958 145.251 0.000179739 
0.3139 0.0112068 2.0257e+06 0 0 1.52188e+06 1.00171 -178.229 0 1.0104 1.01263 503820 0.994856 178.229 0.000221424 
0.31755 0.0112034 2.02565e+06 0 0 1.52242e+06 1.0021 -218.319 0 1.00965 1.0124 503229 0.993713 218.319 0.000272546 
0.3212 0.0111991 2.0256e+06 0 0 1.52308e+06 1.00256 -266.854 0 1.00874 1.01212 502518 0.992334 266.854 0.000335109 
0.32485 0.011194 2.02555e+06 0 0 1.52388e+06 1.00311 -325.313 0 1.00764 1.01178 501667 0.990679 325.313 0.000411462 
0.3285 0.0111879 2.0255e+06 0 0 1.52484e+06 1.00376 -395.276 0 1.0063 1.01138 500656 0.988706 395.276 0.000504306 
0.33215 0.0111807 2.02545e+06 0 0 1.52599e+06 1.00454 -478.326 0 1.00469 1.0109 499463 0.986374 478.326 0.000616657 
0.3358 0.0111722 2.0254e+06 0 0 1.52733e+06 1.00545 -575.893 0 1.00277 1.01034 498070 0.983647 575.893 0.000751729 
0.33945 0.0111625 2.02535e+06 0 0 1.52889e+06 1.0065 -688.991 0 1.00051 1.00969 496464 0.9805 688.991 0.000912658 
0.3431 0.0111515 2.0253e+06 0 0 1.53066e+06 1.00769 -817.817 0 0.997864 1.00896 494644 0.97693 817.817 0.00110198 
0.34675 0.0111395 2.02525e+06 0 0 1.53262e+06 1.00901 -961.172 0 0.994841 1.00813 492629 0.972974 961.172 0.00132067 
0.3504 0.0111268 2.0252e+06 0 0 1.53473e+06 1.01042 -1115.65 0 0.99148 1.00725 490466 0.968727 1115.65 0.00156641 
0.35405 0.0111141 2.02515e+06 0 0 1.5369e+06 1.01188 -1274.6 0 0.987901 1.00633 488248 0.964369 1274.6 0.00183093 
0.3577 0.0111026 2.0251e+06 0 0 1.53897e+06 1.01327 -1426.83 0 0.984351 1.00545 486128 0.960205 1426.83 0.00209591 
0.36135 0.0110937 2.02505e+06 0 0 1.54071e+06 1.01444 -1555.29 0 0.981264 1.0047 484339 0.956695 1555.29 0.0023282 
0.365 0.0110898 2.025e+06 0 0 1.54178e+06 1.01517 -1635.73 0 0.979297 1.00422 483217 0.954502 1635.73 0.00247668 


0 0.0112 2.03e+06 0 0 1.5225e+06 1 0 0 1.01407 1.01407 507500 1 0 8.77098e-15 
0.00365 0.0112003 2.02995e+06 0 0 1.52246e+06 1 -8.27266e-08 0 1.01407 1.01407 507487 1 8.44331e-08 1.10747e-13 
0.0073 0.0112006 2.0299e+06 0 0 1.52242e+06 1 -2.04325e-07 0 1.01406 1.01406 507475 1 2.07648e-07 2.71681e-13 
0.01095 0.0112008 2.02985e+06 0 0 1.52239e+06 1 -3.81739e-07 0 1.01406 1.01406 507462 1 3.84648e-07 5.0276e-13 
0.0146 0.0112011 2.0298e+06 0 0 1.52235e+06 1 -6.32909e-07 0 1.01406 1.01406 507450 1 6.33302e-07 8.26935e-13 
0.01825 0.0112014 2.02975e+06 0 0 1.52231e+06 1 -9.74779e-07 0 1.01405 1.01405 507437 1 9.76724e-07 1.27355e-12 
0.0219 0.0112017 2.0297e+06 0 0 1.52227e+06 1 -1.44522e-06 0 1.01405 1.01405 507425 1 1.44581e-06 1.88022e-12 
0.02555 0.0112019 2.02965e+06 0 0 1.52224e+06 1 -2.07315e-06 0 1.01404 1.01404 507412 1 2.076e-06 2.6946e-12 
0.0292 0.0112022 2.0296e+06 0 0 1.5222e+06 1 -2.91537e-06 0 1.01404 1.01404 507400 1 2.91663e-06 3.77845e-12 
0.03285 0.0112025 2.02955e+06 0 0 1.52216e+06 1 -4.02769e-06 0 1.01403 1.01403 507387 1 4.02844e-06 5.2084e-12 
0.0365 0.0112028 2.0295e+06 0 0 1.52212e+06 1 -5.48687e-06 0 1.01403 1.01403 507375 1 5.49051e-06 7.0821e-12 
0.04015 0.011203 2.02945e+06 0 0 1.52209e+06 1 -7.39656e-06 0 1.01402 1.01402 507362 1 7.39841e-06 9.52221e-12 
0.0438 0.0112033 2.0294e+06 0 0 1.52205e+06 1 -9.87337e-06 0 1.01402 1.01402 507350 1 9.87614e-06 1.26829e-11 
0.04745 0.0112036 2.02935e+06 0 0 1.52201e+06 1 -1.30778e-05 0 1.01401 1.01401 507337 1 1.3079e-05 1.67581e-11 
0.0511 0.0112039 2.0293e+06 0 0 1.52197e+06 1 -1.71982e-05 0 1.01401 1.01401 507325 1 1.72014e-05 2.19897e-11 
0.05475 0.0112041 2.02925e+06 0 0 1.52194e+06 1 -2.24877e-05 0 1.014 1.014 507312 1 2.24888e-05 2.86812e-11 
0.0584 0.0112044 2.0292e+06 0 0 1.5219e+06 1 -2.92414e-05 0 1.014 1.014 507300 1 2.92427e-05 3.72119e-11 
0.06205 0.0112047 2.02915e+06 0 0 1.52186e+06 1 -3.78449e-05 0 1.01399 1.01399 507287 1 3.78492e-05 4.80533e-11 
0.0657 0.011205 2.0291e+06 0 0 1.52182e+06 1 -4.87808e-05 0 1.01399 1.01399 507275 1 4.8781e-05 6.17952e-11 
0.06935 0.0112052 2.02905e+06 0 0 1.52179e+06 1 -6.2631e-05 0 1.01398 1.01398 507262 1 6.26333e-05 7.91705e-11 
0.073 0.0112055 2.029e+06 0 0 1.52175e+06 1 -8.01442e-05 0 1.01398 1.01398 507250 1 8.01478e-05 1.01091e-10 
0.07665 0.0112058 2.02895e+06 0 0 1.52171e+06 1 -0.000102241 0 1.01397 1.01397 507237 1 0.000102242 1.28691e-10 
0.0803 0.0112061 2.0289e+06 0 0 1.52167e+06 1 -0.000130062 0 1.01397 1.01397 507225 1 0.000130065 1.63379e-10 
0.08395 0.0112063 2.02885e+06 0 0 1.52164e+06 1 -0.000165036 0 1.01396 1.01396 507212 1 0.000165038 2.06902e-10 
0.0876 0.0112066 2.0288e+06 0 0 1.5216e+06 1 -0.00020893 0 1.01396 1.01396 507200 1 0.00020893 2.6143e-10 
0.09125 0.0112069 2.02875e+06 0 0 1.52156e+06 1 -0.000263932 0 1.01395 1.01395 507187 1 0.000263935 3.29651e-10 
0.0949 0.0112072 2.0287e+06 0 0 1.52152e+06 1 -0.000332775 0 1.01395 1.01395 507175 1 0.000332777 4.14902e-10 
0.09855 0.0112075 2.02865e+06 0 0 1.52149e+06 1 -0.000418828 0 1.01394 1.01394 507162 1 0.000418832 5.21312e-10 
0.1022 0.0112077 2.0286e+06 0 0 1.52145e+06 1 -0.000526282 0 1.01394 1.01394 507150 1 0.000526284 6.54e-10 
0.10585 0.011208 2.02855e+06 0 0 1.52141e+06 1 -0.000660319 0 1.01393 1.01393 507137 1 0.000660321 8.19302e-10 
0.1095 0.0112083 2.0285e+06 0 0 1.52137e+06 1 -0.000827366 0 1.01393 1.01393 507125 1 0.000827368 1.02506e-09 
0.11315 0.0112086 2.02845e+06 0 0 1.52134e+06 1 -0.00103538 0 1.01392 1.01392 507112 1 0.00103538 1.28099e-09 
0.1168 0.0112088 2.0284e+06 0 0 1.5213e+06 1 -0.0012942 0 1.01392 1.01392 507100 1 0.0012942 1.59911e-09 
0.12045 0.0112091 2.02835e+06 0 0 1.52126e+06 1 -0.00161602 0 1.01391 1.01391 507087 1 0.00161602 1.99427e-09 
0.1241 0.0112094 2.0283e+06 0 0 1.52122e+06 1 -0.00201593 0 1.01391 1.01391 507075 1 0.00201593 2.48487e-09 
0.12775 0.0112097 2.02825e+06 0 0 1.52119e+06 1 -0.00251259 0 1.0139 1.0139 507062 1 0.00251258 3.09366e-09 
0.1314 0.0112099 2.0282e+06 0 0 1.52115e+06 1 -0.00312907 0 1.0139 1.0139 507050 1 0.00312908 3.84875e-09 
0.13505 0.0112102 2.02815e+06 0 0 1.52111e+06 1 -0.00389395 0 1.01389 1.01389 507037 1 0.00389395 4.78493e-09 
0.1387 0.0112105 2.0281e+06 0 0 1.52107e+06 1 -0.00484253 0 1.01389 1.01389 507025 1 0.00484253 5.9452e-09 
0.14235 0.0112108 2.02805e+06 0 0 1.52104e+06 1 -0.00601848 0 1.01388 1.01388 507012 1 0.00601848 7.38272e-09 
0.146 0.011211 2.028e+06 0 0 1.521e+06 1 -0.00747579 0 1.01388 1.01388 507000 1 0.00747579 9.16323e-09 
0.14965 0.0112113 2.02795e+06 0 0 1.52096e+06 1 -0.0092812 0 1.01387 1.01387 506987 1 0.00928121 1.1368e-08 
0.1533 0.0112116 2.0279e+06 0 0 1.52093e+06 1 -0.0115173 0 1.01387 1.01387 506975 1 0.0115173 1.40974e-08 
0.15695 0.0112119 2.02785e+06 0 0 1.52089e+06 1 -0.014286 0 1.01386 1.01386 506962 1 0.014286 1.74756e-08 
0.1606 0.0112122 2.0278e+06 0 0 1.52085e+06 1 -0.0177134 0 1.01386 1.01386 506950 0.999999 0.0177134 2.1656e-08 
0.16425 0.0112124 2.02775e+06 0 0 1.52081e+06 1 -0.0219554 0 1.01385 1.01385 506937 0.999999 0.0219554 2.68284e-08 
0.1679 0.0112127 2.0277e+06 0 0 1.52078e+06 1 -0.0272047 0 1.01385 1.01385 506925 0.999999 0.0272047 3.32269e-08 
0.17155 0.011213 2.02765e+06 0 0 1.52074e+06 1 -0.0336993 0 1.01384 1.01385 506912 0.999999 0.0336993 4.11414e-08 
0.1752 0.0112133 2.0276e+06 0 0 1.5207e+06 1 -0.0417334 0 1.01384 1.01384 506899 0.999999 0.0417334 5.09299e-08 
0.17885 0.0112135 2.02755e+06 0 0 1.52066e+06 1 -0.0516707 0 1.01383 1.01384 506887 0.999998 0.0516707 6.30346e-08 
0.1825 0.0112138 2.0275e+06 0 0 1.52063e+06 1 -0.0639607 0 1.01383 1.01383 506874 0.999998 0.0639607 7.80024e-08 
0.18615 0.0112141 2.02745e+06 0 0 1.52059e+06 1 -0.0791586 0 1.01382 1.01383 506861 0.999998 0.0791586 9.65089e-08 
0.1898 0.0112144 2.0274e+06 0 0 1.52055e+06 1 -0.0979507 0 1.01382 1.01382 506848 0.999997 0.0979507 1.19389e-07 
0.19345 0.0112146 2.02735e+06 0 0 1.52051e+06 1 -0.121185 0 1.01381 1.01382 506836 0.999996 0.121185 1.47675e-07 
0.1971 0.0112149 2.0273e+06 0 0 1.52048e+06 1 -0.14991 0 1.01381 1.01381 506823 0.999996 0.14991 1.82641e-07 
0.20075 0.0112152 2.02725e+06 0 0 1.52044e+06 1 -0.18542 0 1.0138 1.01381 506810 0.999995 0.18542 2.25864e-07 
0.2044 0.0112154 2.0272e+06 0 0 1.5204e+06 1 -0.229315 0 1.0138 1.0138 506797 0.999993 0.229315 2.7929e-07 
0.20805 0.0112157 2.02715e+06 0 0 1.52037e+06 1 -0.283573 0 1.01379 1.01379 506783 0.999992 0.283573 3.45325e-07 
0.2117 0.011216 2.0271e+06 0 0 1.52033e+06 1 -0.350636 0 1.01379 1.01379 506770 0.99999 0.350636 4.26943e-07 
0.21535 0.0112163 2.02705e+06 0 0 1.52029e+06 1 -0.433523 0 1.01378 1.01378 506756 0.999987 0.433523 5.27818e-07 
0.219 0.0112165 2.027e+06 0 0 1.52026e+06 1.00001 -0.535964 0 1.01377 1.01378 506742 0.999984 0.535964 6.52489e-07 
0.22265 0.0112168 2.02695e+06 0 0 1.52022e+06 1.00001 -0.662564 0 1.01376 1.01377 506728 0.999981 0.662564 8.06567e-07 
0.2263 0.0112171 2.0269e+06 0 0 1.52019e+06 1.00001 -0.819018 0 1.01376 1.01377 506713 0.999976 0.819018 9.96982e-07 
0.22995 0.0112173 2.02685e+06 0 0 1.52015e+06 1.00001 -1.01235 0 1.01375 1.01376 506697 0.99997 1.01235 1.2323e-06 
0.2336 0.0112176 2.0268e+06 0 0 1.52012e+06 1.00001 -1.25126 0 1.01374 1.01376 506681 0.999963 1.25126 1.5231e-06 
0.23725 0.0112178 2.02675e+06 0 0 1.52009e+06 1.00002 -1.54646 0 1.01373 1.01375 506664 0.999955 1.54646 1.88246e-06 
0.2409 0.0112181 2.0267e+06 0 0 1.52005e+06 1.00002 -1.91121 0 1.01372 1.01374 506647 0.999944 1.91121 2.32654e-06 
0.24455 0.0112183 2.02665e+06 0 0 1.52002e+06 1.00002 -2.36186 0 1.0137 1.01373 506627 0.999931 2.36186 2.87528e-06 
0.2482 0.0112185 2.0266e+06 0 0 1.51999e+06 1.00003 -2.9186 0 1.01369 1.01373 506607 0.999915 2.9186 3.55335e-06 
0.25185 0.0112187 2.02655e+06 0 0 1.51997e+06 1.00004 -3.60636 0 1.01367 1.01372 506584 0.999895 3.60636 4.39118e-06 
0.2555 0.0112189 2.0265e+06 0 0 1.51994e+06 1.00004 -4.4559 0 1.01365 1.01371 506559 0.99987 4.4559 5.42639e-06 
0.25915 0.0112191 2.02645e+06 0 0 1.51992e+06 1.00005 -5.50513 0 1.01363 1.0137 506531 0.999839 5.50513 6.70542e-06 
0.2628 0.0112192 2.0264e+06 0 0 1.5199e+06 1.00007 -6.80082 0 1.0136 1.01368 506499 0.999801 6.80082 8.2856e-06 
0.26645 0.0112194 2.02635e+06 0 0 1.51989e+06 1.00008 -8.4006 0 1.01357 1.01367 506463 0.999755 8.4006 1.02377e-05 
0.2701 0.0112194 2.0263e+06 0 0 1.51988e+06 1.0001 -10.3754 0 1.01353 1.01365 506421 0.999697 10.3754 1.2649e-05 
0.27375 0.0112195 2.02625e+06 0 0 1.51988e+06 1.00012 -12.8125 0 1.01348 1.01363 506373 0.999626 12.8125 1.56274e-05 
0.2774 0.0112195 2.0262e+06 0 0 1.51988e+06 1.00015 -15.8191 0 1.01342 1.01361 506316 0.999538 15.8191 1.93054e-05 
0.28105 0.0112194 2.02615e+06 0 0 1.5199e+06 1.00019 -19.5268 0 1.01335 1.01359 506249 0.99943 19.5268 2.38469e-05 
0.2847 0.0112192 2.0261e+06 0 0 1.51993e+06 1.00023 -24.0968 0 1.01326 1.01355 506169 0.999298 24.0968 2.94533e-05 
0.28835 0.011219 2.02605e+06 0 0 1.51998e+06 1.00029 -29.7263 0 1.01315 1.01352 506074 0.999134 29.7263 3.63723e-05 
0.292 0.0112186 2.026e+06 0 0 1.52004e+06 1.00036 -36.6554 0 1.01302 1.01347 505960 0.998933 36.6554 4.49084e-05 
0.29565 0.0112181 2.02595e+06 0 0 1.52013e+06 1.00044 -45.1763 0 1.01286 1.01342 505822 0.998687 45.1763 5.5435e-05 
0.2993 0.0112173 2.0259e+06 0 0 1.52024e+06 1.00054 -55.6424 0 1.01266 1.01335 505657 0.998384 55.6424 6.8409e-05 
0.30295 0.0112164 2.02585e+06 0 0 1.52039e+06 1.00066 -68.4792 0 1.01243 1.01328 505457 0.998014 68.4792 8.43884e-05 
0.3066 0.0112152 2.0258e+06 0 0 1.52058e+06 1.00081 -84.1958 0 1.01213 1.01318 505215 0.997562 84.1958 0.000104052 
0.31025 0.0112136 2.02575e+06 0 0 1.52083e+06 1.001 -103.396 0 1.01178 1.01307 504924 0.997012 103.396 0.000128223 
0.3139 0.0112117 2.0257e+06 0 0 1.52113e+06 1.00122 -126.788 0 1.01134 1.01293 504573 0.996343 126.788 0.000157892 
0.31755 0.0112094 2.02565e+06 0 0 1.5215e+06 1.00149 -155.192 0 1.01081 1.01276 504150 0.995533 155.192 0.000194244 
0.3212 0.0112064 2.0256e+06 0 0 1.52196e+06 1.00181 -189.537 0 1.01016 1.01256 503644 0.994557 189.537 0.000238681 
0.32485 0.0112029 2.02555e+06 0 0 1.52251e+06 1.0022 -230.85 0 1.00937 1.01232 503039 0.993388 230.85 0.000292839 
0.3285 0.0111987 2.0255e+06 0 0 1.52318e+06 1.00267 -280.223 0 1.00843 1.01204 502322 0.991997 280.223 0.000358586 
0.33215 0.0111937 2.02545e+06 0 0 1.52397e+06 1.00321 -338.744 0 1.00729 1.0117 501479 0.990355 338.744 0.000437992 
0.3358 0.0111878 2.0254e+06 0 0 1.5249e+06 1.00385 -407.391 0 1.00594 1.01131 500495 0.988437 407.391 0.000533234 
0.33945 0.011181 2.02535e+06 0 0 1.52599e+06 1.00459 -486.846 0 1.00435 1.01086 499364 0.986228 486.846 0.000646401 
0.3431 0.0111734 2.0253e+06 0 0 1.52721e+06 1.00542 -577.224 0 1.0025 1.01035 498085 0.983726 577.224 0.000779118 
0.34675 0.011165 2.02525e+06 0 0 1.52858e+06 1.00635 -677.668 0 1.0004 1.00978 496671 0.980957 677.668 0.000931868 
0.3504 0.0111562 2.0252e+06 0 0 1.53004e+06 1.00734 -785.799 0 0.998064 1.00916 495156 0.977989 785.799 0.00110285 
0.35405 0.0111474 2.02515e+06 0 0 1.53155e+06 1.00835 -896.989 0 0.995588 1.00853 493604 0.974947 896.989 0.00128614 
0.3577 0.0111394 2.0251e+06 0 0 1.53298e+06 1.00932 -1003.48 0 0.993141 1.00793 492121 0.972043 1003.48 0.00146902 
0.36135 0.0111332 2.02505e+06 0 0 1.53418e+06 1.01013 -1093.39 0 0.991019 1.00741 490870 0.969597 1093.39 0.00162884 
0.365 0.0111306 2.025e+06 0 0 1.53491e+06 1.01064 -1149.78 0 0.98967 1.00709 490086 0.968071 1149.78 0.00173086 


0 0.0112 2.03e+06 0 0 1.5225e+06 1 0 0 1.01407 1.01407 507500 1 0 8.77098e-15 
0.00365 0.0112003 2.02995e+06 0 0 1.52246e+06 1 -5.98024e-08 0 1.01407 1.01407 507487 1 5.9768e-08 7.86311e-14 
0.0073 0.0112006 2.0299e+06 0 0 1.52242e+06 1 -1.44522e-07 0 1.01406 1.01406 507475 1 1.46781e-07 1.92456e-13 
0.01095 0.0112008 2.02985e+06 0 0 1.52239e+06 1 -2.71104e-07 0 1.01406 1.01406 507462 1 2.71765e-07 3.55719e-13 
0.0146 0.0112011 2.0298e+06 0 0 1.52235e+06 1 -4.47521e-07 0 1.01406 1.01406 507450 1 4.48832e-07 5.84864e-13 
0.01825 0.0112014 2.02975e+06 0 0 1.52231e+06 1 -6.90718e-07 0 1.01405 1.01405 507437 1 6.92217e-07 9.00839e-13 
0.0219 0.0112017 2.0297e+06 0 0 1.52227e+06 1 -1.02063e-06 0 1.01405 1.01405 507425 1 1.02308e-06 1.33018e-12 
0.02555 0.0112019 2.02965e+06 0 0 1.52224e+06 1 -1.46715e-06 0 1.01404 1.01404 507412 1 1.47066e-06 1.90662e-12 
0.0292 0.0112022 2.0296e+06 0 0 1.5222e+06 1 -2.06318e-06 0 1.01404 1.01404 507400 1 2.06623e-06 2.67418e-12 
0.03285 0.0112025 2.02955e+06 0 0 1.52216e+06 1 -2.85357e-06 0 1.01403 1.01403 507387 1 2.85487e-06 3.68722e-12 
0.0365 0.0112028 2.0295e+06 0 0 1.52212e+06 1 -3.88716e-06 0 1.01403 1.01403 507375 1 3.89057e-06 5.01498e-12 
0.04015 0.011203 2.02945e+06 0 0 1.52209e+06 1 -5.24567e-06 0 1.01402 1.01402 507362 1 5.24519e-06 6.74511e-12 
0.0438 0.0112033 2.0294e+06 0 0 1.52205e+06 1 -7.00186e-06 0 1.01402 1.01402 507350 1 7.00183e-06 8.98665e-12 
0.04745 0.0112036 2.02935e+06 0 0 1.52201e+06 1 -9.27336e-06 0 1.01401 1.01401 507337 1 9.27647e-06 1.18782e-11 
0.0511 0.0112039 2.0293e+06 0 0 1.52197e+06 1 -1.22007e-05 0 1.01401 1.01401 507325 1 1.22032e-05 1.55918e-11 
0.05475 0.0112041 2.02925e+06 0 0 1.52194e+06 1 -1.59553e-05 0 1.014 1.014 507312 1 1.59579e-05 2.03433e-11 
0.0584 0.0112044 2.0292e+06 0 0 1.5219e+06 1 -2.07544e-05 0 1.014 1.014 507300 1 2.07581e-05 2.64032e-11 
0.06205 0.0112047 2.02915e+06 0 0 1.52186e+06 1 -2.68692e-05 0 1.01399 1.01399 507287 1 2.68734e-05 3.41071e-11 
0.0657 0.011205 2.0291e+06 0 0 1.52182e+06 1 -3.46455e-05 0 1.01399 1.01399 507275 1 3.46462e-05 4.38756e-11 
0.06935 0.0112052 2.02905e+06 0 0 1.52179e+06 1 -4.4496e-05 0 1.01398 1.01398 507262 1 4.44966e-05 5.62312e-11 
0.073 0.0112055 2.029e+06 0 0 1.52175e+06 1 -5.69528e-05 0 1.01398 1.01398 507250 1 5.69539e-05 7.18242e-11 
0.07665 0.0112058 2.02895e+06 0 0 1.52171e+06 1 -7.26749e-05 0 1.01397 1.01397 507237 1 7.26772e-05 9.14628e-11 
0.0803 0.0112061 2.0289e+06 0 0 1.52167e+06 1 -9.24764e-05 0 1.01397 1.01397 507225 1 9.24776e-05 1.16153e-10 
0.08395 0.0112063 2.02885e+06 0 0 1.52164e+06 1 -0.000117374 0 1.01396 1.01396 507212 1 0.000117377 1.4714e-10 
0.0876 0.0112066 2.0288e+06 0 0 1.5216e+06 1 -0.00014863 0 1.01396 1.01396 507200 1 0.000148632 1.85973e-10 
0.09125 0.0112069 2.02875e+06 0 0 1.52156e+06 1 -0.000187809 0 1.01395 1.01395 507187 1 0.000187811 2.34571e-10 
0.0949 0.0112072 2.0287e+06 0 0 1.52152e+06 1 -0.000236855 0 1.01395 1.01395 507175 1 0.000236856 2.95314e-10 
0.09855 0.0112075 2.02865e+06 0 0 1.52149e+06 1 -0.000298176 0 1.01394 1.01394 507162 1 0.000298179 3.71153e-10 
0.1022 0.0112077 2.0286e+06 0 0 1.52145e+06 1 -0.000374763 0 1.01394 1.01394 507150 1 0.000374766 4.6574e-10 
0.10585 0.011208 2.02855e+06 0 0 1.52141e+06 1 -0.000470316 0 1.01393 1.01393 507137 1 0.000470319 5.83601e-10 
0.1095 0.0112083 2.0285e+06 0 0 1.52137e+06 1 -0.000589426 0 1.01393 1.01393 507125 1 0.000589428 7.30338e-10 
0.11315 0.0112086 2.02845e+06 0 0 1.52134e+06 1 -0.000737769 0 1.01392 1.01392 507112 1 0.000737772 9.12886e-10 
0.1168 0.0112088 2.0284e+06 0 0 1.5213e+06 1 -0.000922384 0 1.01392 1.01392 507100 1 0.000922384 1.13983e-09 
0.12045 0.0112091 2.02835e+06 0 0 1.52126e+06 1 -0.00115197 0 1.01391 1.01391 507087 1 0.00115197 1.42178e-09 
0.1241 0.0112094 2.0283e+06 0 0 1.52122e+06 1 -0.0014373 0 1.01391 1.01391 507075 1 0.0014373 1.77188e-09 
0.12775 0.0112097 2.02825e+06 0 0 1.52119e+06 1 -0.00179172 0 1.0139 1.0139 507062 1 0.00179172 2.20638e-09 
0.1314 0.0112099 2.0282e+06 0 0 1.52115e+06 1 -0.0022317 0 1.0139 1.0139 507050 1 0.0022317 2.74537e-09 
0.13505 0.0112102 2.02815e+06 0 0 1.52111e+06 1 -0.00277766 0 1.01389 1.01389 507037 1 0.00277766 3.41369e-09 
0.1387 0.0112105 2.0281e+06 0 0 1.52107e+06 1 -0.00345481 0 1.01389 1.01389 507025 1 0.00345482 4.24209e-09 
0.14235 0.0112108 2.02805e+06 0 0 1.52104e+06 1 -0.00429437 0 1.01388 1.01388 507012 1 0.00429437 5.26853e-09 
0.146 0.011211 2.028e+06 0 0 1.521e+06 1 -0.0053349 0 1.01388 1.01388 507000 1 0.0053349 6.54e-09 
0.14965 0.0112113 2.02795e+06 0 0 1.52096e+06 1 -0.0066241 0 1.01387 1.01387 506987 1 0.00662411 8.11455e-09 
0.1533 0.0112116 2.0279e+06 0 0 1.52092e+06 1 -0.00822095 0 1.01387 1.01387 506975 1 0.00822095 1.00639e-08 
0.15695 0.0112119 2.02785e+06 0 0 1.52089e+06 1 -0.0101983 0 1.01386 1.01386 506962 1 0.0101983 1.24769e-08 
0.1606 0.0112122 2.0278e+06 0 0 1.52085e+06 1 -0.0126463 0 1.01386 1.01386 506950 1 0.0126463 1.54631e-08 
0.16425 0.0112124 2.02775e+06 0 0 1.52081e+06 1 -0.0156763 0 1.01385 1.01386 506937 1 0.0156763 1.9158e-08 
0.1679 0.0112127 2.0277e+06 0 0 1.52078e+06 1 -0.019426 0 1.01385 1.01385 506925 0.999999 0.019426 2.37291e-08 
0.17155 0.011213 2.02765e+06 0 0 1.52074e+06 1 -0.0240655 0 1.01384 1.01385 506912 0.999999 0.0240655 2.93835e-08 
0.1752 0.0112133 2.0276e+06 0 0 1.5207e+06 1 -0.0298051 0 1.01384 1.01384 506899 0.999999 0.0298051 3.63769e-08 
0.17885 0.0112135 2.02755e+06 0 0 1.52066e+06 1 -0.0369047 0 1.01383 1.01384 506887 0.999999 0.0369047 4.50256e-08 
0.1825 0.0112138 2.0275e+06 0 0 1.52063e+06 1 -0.0456854 0 1.01383 1.01383 506874 0.999999 0.0456854 5.57203e-08 
0.18615 0.0112141 2.02745e+06 0 0 1.52059e+06 1 -0.056544 0 1.01382 1.01383 506862 0.999998 0.056544 6.89439e-08 
0.1898 0.0112144 2.0274e+06 0 0 1.52055e+06 1 -0.0699712 0 1.01382 1.01382 506849 0.999998 0.0699712 8.52931e-08 
0.19345 0.0112146 2.02735e+06 0 0 1.52051e+06 1 -0.0865728 0 1.01381 1.01382 506836 0.999997 0.0865728 1.05505e-07 
0.1971 0.0112149 2.0273e+06 0 0 1.52048e+06 1 -0.107098 0 1.01381 1.01381 506823 0.999997 0.107098 1.30492e-07 
0.20075 0.0112152 2.02725e+06 0 0 1.52044e+06 1 -0.132472 0 1.0138 1.01381 506810 0.999996 0.132472 1.61379e-07 
0.2044 0.0112155 2.0272e+06 0 0 1.5204e+06 1 -0.163838 0 1.0138 1.0138 506798 0.999995 0.163838 1.99558e-07 
0.20805 0.0112157 2.02715e+06 0 0 1.52037e+06 1 -0.202609 0 1.01379 1.0138 506784 0.999994 0.202609 2.46749e-07 
0.2117 0.011216 2.0271e+06 0 0 1.52033e+06 1 -0.250532 0 1.01379 1.01379 506771 0.999993 0.250532 3.05076e-07 
0.21535 0.0112163 2.02705e+06 0 0 1.52029e+06 1 -0.309762 0 1.01378 1.01378 506758 0.999991 0.309762 3.77165e-07 
0.219 0.0112165 2.027e+06 0 0 1.52026e+06 1 -0.382964 0 1.01377 1.01378 506744 0.999989 0.382964 4.66261e-07 
0.22265 0.0112168 2.02695e+06 0 0 1.52022e+06 1 -0.473431 0 1.01377 1.01377 506730 0.999986 0.473431 5.76372e-07 
0.2263 0.0112171 2.0269e+06 0 0 1.52018e+06 1.00001 -0.585229 0 1.01376 1.01377 506716 0.999983 0.585229 7.12452e-07 
0.22995 0.0112173 2.02685e+06 0 0 1.52015e+06 1.00001 -0.723382 0 1.01375 1.01376 506702 0.999979 0.723382 8.80622e-07 
0.2336 0.0112176 2.0268e+06 0 0 1.52011e+06 1.00001 -0.894093 0 1.01375 1.01376 506687 0.999974 0.894093 1.08844e-06 
0.23725 0.0112179 2.02675e+06 0 0 1.52008e+06 1.00001 -1.10502 0 1.01374 1.01375 506671 0.999968 1.10502 1.34526e-06 
0.2409 0.0112181 2.0267e+06 0 0 1.52004e+06 1.00001 -1.36564 0 1.01373 1.01374 506655 0.99996 1.36564 1.66261e-06 
0.24455 0.0112184 2.02665e+06 0 0 1.52001e+06 1.00002 -1.68761 0 1.01372 1.01374 506637 0.999951 1.68761 2.05475e-06 
0.2482 0.0112186 2.0266e+06 0 0 1.51998e+06 1.00002 -2.08536 0 1.01371 1.01373 506619 0.999939 2.08536 2.5393e-06 
0.25185 0.0112188 2.02655e+06 0 0 1.51995e+06 1.00003 -2.57668 0 1.01369 1.01372 506599 0.999925 2.57668 3.13801e-06 
0.2555 0.011219 2.0265e+06 0 0 1.51992e+06 1.00003 -3.18351 0 1.01368 1.01371 506578 0.999907 3.18351 3.87773e-06 
0.25915 0.0112192 2.02645e+06 0 0 1.5199e+06 1.00004 -3.93291 0 1.01366 1.01371 506554 0.999885 3.93291 4.79164e-06 
0.2628 0.0112194 2.0264e+06 0 0 1.51987e+06 1.00005 -4.85822 0 1.01364 1.0137 506528 0.999858 4.85822 5.92066e-06 
0.26645 0.0112196 2.02635e+06 0 0 1.51985e+06 1.00006 -6.0005 0 1.01361 1.01368 506499 0.999825 6.0005 7.31531e-06 
0.2701 0.0112197 2.0263e+06 0 0 1.51983e+06 1.00007 -7.41029 0 1.01358 1.01367 506465 0.999784 7.41029 9.03793e-06 
0.27375 0.0112198 2.02625e+06 0 0 1.51982e+06 1.00009 -9.14972 0 1.01354 1.01366 506427 0.999733 9.14972 1.11653e-05 
0.2774 0.0112199 2.0262e+06 0 0 1.51982e+06 1.00011 -11.2951 0 1.0135 1.01364 506383 0.99967 11.2951 1.37923e-05 
0.28105 0.0112199 2.02615e+06 0 0 1.51982e+06 1.00014 -13.9399 0 1.01345 1.01362 506331 0.999593 13.9399 1.70353e-05 
0.2847 0.0112199 2.0261e+06 0 0 1.51983e+06 1.00017 -17.1987 0 1.01338 1.01359 506271 0.999499 17.1987 2.10379e-05 
0.28835 0.0112198 2.02605e+06 0 0 1.51985e+06 1.00021 -21.2112 0 1.0133 1.01357 506200 0.999382 21.2112 2.59766e-05 
0.292 0.0112196 2.026e+06 0 0 1.51989e+06 1.00025 -26.1478 0 1.01321 1.01353 506115 0.999239 26.1478 3.20677e-05 
0.29565 0.0112193 2.02595e+06 0 0 1.51994e+06 1.00031 -32.2149 0 1.0131 1.01349 506013 0.999064 32.2149 3.95764e-05 
0.2993 0.0112189 2.0259e+06 0 0 1.52001e+06 1.00038 -39.6623 0 1.01295 1.01345 505892 0.998849 39.6623 4.88269e-05 
0.30295 0.0112183 2.02585e+06 0 0 1.5201e+06 1.00047 -48.79 0 1.01278 1.01339 505746 0.998586 48.79 6.02144e-05 
0.3066 0.0112175 2.0258e+06 0 0 1.52023e+06 1.00058 -59.956 0 1.01257 1.01332 505571 0.998265 59.956 7.42187e-05 
0.31025 0.0112165 2.02575e+06 0 0 1.52039e+06 1.00071 -73.5843 0 1.01232 1.01324 505361 0.997874 73.5843 9.14199e-05 
0.3139 0.0112152 2.0257e+06 0 0 1.52059e+06 1.00087 -90.1707 0 1.01201 1.01314 505108 0.9974 90.1707 0.000112515 
0.31755 0.0112136 2.02565e+06 0 0 1.52084e+06 1.00106 -110.287 0 1.01163 1.01302 504805 0.996827 110.287 0.000138333 
0.3212 0.0112116 2.0256e+06 0 0 1.52116e+06 1.00129 -134.581 0 1.01117 1.01288 504444 0.996137 134.581 0.000169854 
0.32485 0.0112092 2.02555e+06 0 0 1.52154e+06 1.00156 -163.764 0 1.01061 1.01271 504013 0.995311 163.764 0.000208211 
0.3285 0.0112063 2.0255e+06 0 0 1.522e+06 1.00189 -198.588 0 1.00994 1.01251 503504 0.99433 198.588 0.000254693 
0.33215 0.0112029 2.02545e+06 0 0 1.52254e+06 1.00228 -239.801 0 1.00914 1.01227 502906 0.993174 239.801 0.000310713 
0.3358 0.0111988 2.0254e+06 0 0 1.52319e+06 1.00272 -288.069 0 1.00819 1.01199 502211 0.991825 288.069 0.00037774 
0.33945 0.0111941 2.02535e+06 0 0 1.52394e+06 1.00324 -343.847 0 1.00708 1.01168 501413 0.990275 343.847 0.000457157 
0.3431 0.0111889 2.0253e+06 0 0 1.52479e+06 1.00383 -407.193 0 1.00578 1.01132 500513 0.988521 407.193 0.00054999 
0.34675 0.0111831 2.02525e+06 0 0 1.52573e+06 1.00447 -477.493 0 1.00431 1.01092 499520 0.986584 477.493 0.00065645 
0.3504 0.011177 2.0252e+06 0 0 1.52674e+06 1.00516 -553.078 0 1.00269 1.0105 498457 0.98451 553.078 0.000775146 
0.35405 0.0111709 2.02515e+06 0 0 1.52778e+06 1.00587 -630.728 0 1.00098 1.01006 497371 0.982388 630.728 0.00090187 
0.3577 0.0111654 2.0251e+06 0 0 1.52877e+06 1.00655 -705.06 0 0.999296 1.00964 496334 0.980364 705.06 0.00102783 
0.36135 0.0111612 2.02505e+06 0 0 1.52959e+06 1.00711 -767.828 0 0.997838 1.00929 495460 0.978662 767.828 0.00113756 
0.365 0.0111595 2.025e+06 0 0 1.53009e+06 1.00747 -807.227 0 0.996912 1.00907 494911 0.977602 807.227 0.00120752 


0 0.0112 2.03e+06 0 0 1.5225e+06 1 0 0 1.01407 1.01407 507500 1 0 8.77098e-15 
0.00365 0.0112003 2.02995e+06 0 0 1.52246e+06 1 -4.18617e-08 0 1.01407 1.01407 507487 1 4.24504e-08 5.64508e-14 
0.0073 0.0112006 2.0299e+06 0 0 1.52242e+06 1 -1.01664e-07 0 1.01406 1.01406 507475 1 1.04446e-07 1.36489e-13 
0.01095 0.0112008 2.02985e+06 0 0 1.52239e+06 1 -1.90371e-07 0 1.01406 1.01406 507462 1 1.92787e-07 2.5194e-13 
0.0146 0.0112011 2.0298e+06 0 0 1.52235e+06 1 -3.13963e-07 0 1.01406 1.01406 507450 1 3.18155e-07 4.13863e-13 
0.01825 0.0112014 2.02975e+06 0 0 1.52231e+06 1 -4.89383e-07 0 1.01405 1.01405 507437 1 4.89877e-07 6.37292e-13 
0.0219 0.0112017 2.0297e+06 0 0 1.52227e+06 1 -7.23609e-07 0 1.01405 1.01405 507425 1 7.25393e-07 9.41199e-13 
0.02555 0.0112019 2.02965e+06 0 0 1.52224e+06 1 -1.03956e-06 0 1.01404 1.01404 507412 1 1.04074e-06 1.34946e-12 
0.0292 0.0112022 2.0296e+06 0 0 1.5222e+06 1 -1.46217e-06 0 1.01404 1.01404 507400 1 1.46401e-06 1.89295e-12 
0.03285 0.0112025 2.02955e+06 0 0 1.52216e+06 1 -2.02132e-06 0 1.01403 1.01403 507387 1 2.02381e-06 2.61076e-12 
0.0365 0.0112028 2.0295e+06 0 0 1.52212e+06 1 -2.75589e-06 0 1.01403 1.01403 507375 1 2.75803e-06 3.55168e-12 
0.04015 0.011203 2.02945e+06 0 0 1.52209e+06 1 -3.71672e-06 0 1.01402 1.01402 507362 1 3.7174e-06 4.77836e-12 
0.0438 0.0112033 2.0294e+06 0 0 1.52205e+06 1 -4.96559e-06 0 1.01402 1.01402 507350 1 4.96641e-06 6.36857e-12 
0.04745 0.0112036 2.02935e+06 0 0 1.52201e+06 1 -6.57926e-06 0 1.01401 1.01401 507337 1 6.57943e-06 8.42032e-12 
0.0511 0.0112039 2.0293e+06 0 0 1.52197e+06 1 -8.6554e-06 0 1.01401 1.01401 507325 1 8.65844e-06 1.10563e-11 
0.05475 0.0112041 2.02925e+06 0 0 1.52194e+06 1 -1.13226e-05 0 1.014 1.014 507312 1 1.1326e-05 1.44306e-11 
0.0584 0.0112044 2.0292e+06 0 0 1.5219e+06 1 -1.47343e-05 0 1.014 1.014 507300 1 1.47343e-05 1.87352e-11 
0.06205 0.0112047 2.02915e+06 0 0 1.52186e+06 1 -1.908e-05 0 1.01399 1.01399 507287 1 1.9082e-05 2.42097e-11 
0.0657 0.011205 2.0291e+06 0 0 1.52182e+06 1 -2.46047e-05 0 1.01399 1.01399 507275 1 2.46071e-05 3.1154e-11 
0.06935 0.0112052 2.02905e+06 0 0 1.52179e+06 1 -3.16105e-05 0 1.01398 1.01398 507262 1 3.1613e-05 3.994e-11 
0.073 0.0112055 2.029e+06 0 0 1.52175e+06 1 -4.04743e-05 0 1.01398 1.01398 507250 1 4.04754e-05 5.10319e-11 
0.07665 0.0112058 2.02895e+06 0 0 1.52171e+06 1 -5.16593e-05 0 1.01397 1.01397 507237 1 5.16613e-05 6.50057e-11 
0.0803 0.0112061 2.0289e+06 0 0 1.52167e+06 1 -6.57517e-05 0 1.01397 1.01397 507225 1 6.57551e-05 8.25791e-11 
0.08395 0.0112063 2.02885e+06 0 0 1.52164e+06 1 -8.34792e-05 0 1.01396 1.01396 507212 1 8.34812e-05 1.04641e-10 
0.0876 0.0112066 2.0288e+06 0 0 1.5216e+06 1 -0.000105735 0 1.01396 1.01396 507200 1 0.000105738 1.32296e-10 
0.09125 0.0112069 2.02875e+06 0 0 1.52156e+06 1 -0.000133641 0 1.01395 1.01395 507187 1 0.000133643 1.66915e-10 
0.0949 0.0112072 2.0287e+06 0 0 1.52152e+06 1 -0.000168584 0 1.01395 1.01395 507175 1 0.000168586 2.10195e-10 
0.09855 0.0112075 2.02865e+06 0 0 1.52149e+06 1 -0.000212279 0 1.01394 1.01394 507162 1 0.000212281 2.64244e-10 
0.1022 0.0112077 2.0286e+06 0 0 1.52145e+06 1 -0.000266868 0 1.01394 1.01394 507150 1 0.000266869 3.31669e-10 
0.10585 0.011208 2.02855e+06 0 0 1.52141e+06 1 -0.000334985 0 1.01393 1.01393 507137 1 0.000334987 4.15703e-10 
0.1095 0.0112083 2.0285e+06 0 0 1.52137e+06 1 -0.000419908 0 1.01393 1.01393 507125 1 0.000419913 5.20344e-10 
0.11315 0.0112086 2.02845e+06 0 0 1.52134e+06 1 -0.000525703 0 1.01392 1.01392 507112 1 0.000525704 6.50548e-10 
0.1168 0.0112088 2.0284e+06 0 0 1.5213e+06 1 -0.000657379 0 1.01392 1.01392 507100 1 0.000657381 8.12442e-10 
0.12045 0.0112091 2.02835e+06 0 0 1.52126e+06 1 -0.00082116 0 1.01391 1.01391 507087 1 0.000821161 1.01361e-09 
0.1241 0.0112094 2.0283e+06 0 0 1.52122e+06 1 -0.00102474 0 1.01391 1.01391 507075 1 0.00102474 1.26344e-09 
0.12775 0.0112097 2.02825e+06 0 0 1.52119e+06 1 -0.00127764 0 1.0139 1.0139 507062 1 0.00127765 1.57354e-09 
0.1314 0.0112099 2.0282e+06 0 0 1.52115e+06 1 -0.00159166 0 1.0139 1.0139 507050 1 0.00159166 1.95826e-09 
0.13505 0.0112102 2.02815e+06 0 0 1.52111e+06 1 -0.00198134 0 1.01389 1.01389 507037 1 0.00198134 2.43537e-09 
0.1387 0.0112105 2.0281e+06 0 0 1.52107e+06 1 -0.00246473 0 1.01389 1.01389 507025 1 0.00246473 3.0268e-09 
0.14235 0.0112108 2.02805e+06 0 0 1.52104e+06 1 -0.00306411 0 1.01388 1.01388 507012 1 0.00306411 3.75971e-09 
0.146 0.011211 2.028e+06 0 0 1.521e+06 1 -0.00380704 0 1.01388 1.01388 507000 1 0.00380704 4.66765e-09 
0.14965 0.0112113 2.02795e+06 0 0 1.52096e+06 1 -0.00472761 0 1.01387 1.01387 506987 1 0.00472761 5.79211e-09 
0.1533 0.0112116 2.0279e+06 0 0 1.52092e+06 1 -0.00586795 0 1.01387 1.01387 506975 1 0.00586795 7.18439e-09 
0.15695 0.0112119 2.02785e+06 0 0 1.52089e+06 1 -0.00728014 0 1.01386 1.01386 506962 1 0.00728014 8.90786e-09 
0.1606 0.0112122 2.0278e+06 0 0 1.52085e+06 1 -0.00902857 0 1.01386 1.01386 506950 1 0.00902857 1.10409e-08 
0.16425 0.0112124 2.02775e+06 0 0 1.52081e+06 1 -0.0111928 0 1.01385 1.01386 506937 1 0.0111928 1.36803e-08 
0.1679 0.0112127 2.0277e+06 0 0 1.52078e+06 1 -0.0138713 0 1.01385 1.01385 506925 1 0.0138713 1.69459e-08 
0.17155 0.011213 2.02765e+06 0 0 1.52074e+06 1 -0.0171856 0 1.01385 1.01385 506912 0.999999 0.0171856 2.09855e-08 
0.1752 0.0112133 2.0276e+06 0 0 1.5207e+06 1 -0.0212859 0 1.01384 1.01384 506900 0.999999 0.0212859 2.5982e-08 
0.17885 0.0112135 2.02755e+06 0 0 1.52066e+06 1 -0.0263579 0 1.01384 1.01384 506887 0.999999 0.0263579 3.21613e-08 
0.1825 0.0112138 2.0275e+06 0 0 1.52063e+06 1 -0.0326313 0 1.01383 1.01383 506874 0.999999 0.0326313 3.98027e-08 
0.18615 0.0112141 2.02745e+06 0 0 1.52059e+06 1 -0.0403895 0 1.01383 1.01383 506862 0.999999 0.0403896 4.92514e-08 
0.1898 0.0112144 2.0274e+06 0 0 1.52055e+06 1 -0.0499832 0 1.01382 1.01382 506849 0.999999 0.0499832 6.09337e-08 
0.19345 0.0112146 2.02735e+06 0 0 1.52051e+06 1 -0.0618454 0 1.01381 1.01382 506837 0.999998 0.0618454 7.53767e-08 
0.1971 0.0112149 2.0273e+06 0 0 1.52048e+06 1 -0.0765112 0 1.01381 1.01381 506824 0.999998 0.0765112 9.32316e-08 
0.20075 0.0112152 2.02725e+06 0 0 1.52044e+06 1 -0.0946421 0 1.0138 1.01381 506811 0.999997 0.0946421 1.15303e-07 
0.2044 0.0112155 2.0272e+06 0 0 1.5204e+06 1 -0.117055 0 1.0138 1.0138 506798 0.999997 0.117055 1.42586e-07 
0.20805 0.0112157 2.02715e+06 0 0 1.52036e+06 1 -0.14476 0 1.01379 1.0138 506785 0.999996 0.14476 1.7631e-07 
0.2117 0.011216 2.0271e+06 0 0 1.52033e+06 1 -0.179004 0 1.01379 1.01379 506772 0.999995 0.179004 2.17992e-07 
0.21535 0.0112163 2.02705e+06 0 0 1.52029e+06 1 -0.221328 0 1.01378 1.01379 506759 0.999994 0.221328 2.69509e-07 
0.219 0.0112166 2.027e+06 0 0 1.52025e+06 1 -0.273637 0 1.01378 1.01378 506746 0.999992 0.273637 3.3318e-07 
0.22265 0.0112168 2.02695e+06 0 0 1.52022e+06 1 -0.338282 0 1.01377 1.01377 506732 0.99999 0.338282 4.11869e-07 
0.2263 0.0112171 2.0269e+06 0 0 1.52018e+06 1 -0.418168 0 1.01376 1.01377 506719 0.999988 0.418168 5.09117e-07 
0.22995 0.0112174 2.02685e+06 0 0 1.52014e+06 1.00001 -0.516885 0 1.01376 1.01376 506705 0.999985 0.516885 6.29297e-07 
0.2336 0.0112176 2.0268e+06 0 0 1.52011e+06 1.00001 -0.638863 0 1.01375 1.01376 506690 0.999981 0.638863 7.77812e-07 
0.23725 0.0112179 2.02675e+06 0 0 1.52007e+06 1.00001 -0.789575 0 1.01374 1.01375 506676 0.999977 0.789575 9.61337e-07 
0.2409 0.0112181 2.0267e+06 0 0 1.52004e+06 1.00001 -0.975777 0 1.01373 1.01375 506660 0.999971 0.975777 1.18812e-06 
0.24455 0.0112184 2.02665e+06 0 0 1.52001e+06 1.00001 -1.20581 0 1.01373 1.01374 506645 0.999965 1.20581 1.46834e-06 
0.2482 0.0112186 2.0266e+06 0 0 1.51997e+06 1.00001 -1.48996 0 1.01372 1.01373 506628 0.999956 1.48996 1.81459e-06 
0.25185 0.0112189 2.02655e+06 0 0 1.51994e+06 1.00002 -1.84093 0 1.0137 1.01373 506610 0.999946 1.84093 2.24239e-06 
0.2555 0.0112191 2.0265e+06 0 0 1.51991e+06 1.00002 -2.27436 0 1.01369 1.01372 506591 0.999934 2.27436 2.77093e-06 
0.25915 0.0112194 2.02645e+06 0 0 1.51988e+06 1.00003 -2.80957 0 1.01368 1.01371 506571 0.999918 2.80957 3.42389e-06 
0.2628 0.0112196 2.0264e+06 0 0 1.51985e+06 1.00003 -3.47031 0 1.01366 1.0137 506549 0.999899 3.47031 4.23048e-06 
0.26645 0.0112198 2.02635e+06 0 0 1.51983e+06 1.00004 -4.28586 0 1.01364 1.01369 506524 0.999875 4.28586 5.22677e-06 
0.2701 0.0112199 2.0263e+06 0 0 1.5198e+06 1.00005 -5.2922 0 1.01362 1.01368 506497 0.999845 5.2922 6.45719e-06 
0.27375 0.0112201 2.02625e+06 0 0 1.51978e+06 1.00006 -6.53356 0 1.01359 1.01367 506466 0.999809 6.53356 7.97656e-06 
0.2774 0.0112202 2.0262e+06 0 0 1.51977e+06 1.00008 -8.06419 0 1.01356 1.01366 506431 0.999765 8.06419 9.85236e-06 
0.28105 0.0112203 2.02615e+06 0 0 1.51976e+06 1.0001 -9.95056 0 1.01352 1.01364 506390 0.99971 9.95056 1.21677e-05 
0.2847 0.0112204 2.0261e+06 0 0 1.51976e+06 1.00012 -12.274 0 1.01347 1.01362 506344 0.999642 12.274 1.50246e-05 
0.28835 0.0112204 2.02605e+06 0 0 1.51976e+06 1.00015 -15.1335 0 1.01341 1.0136 506289 0.999559 15.1335 1.85486e-05 
0.292 0.0112203 2.026e+06 0 0 1.51977e+06 1.00018 -18.6499 0 1.01335 1.01358 506225 0.999458 18.6499 2.28935e-05 
0.29565 0.0112202 2.02595e+06 0 0 1.5198e+06 1.00022 -22.9691 0 1.01326 1.01355 506149 0.999333 22.9691 2.82473e-05 
0.2993 0.01122 2.0259e+06 0 0 1.51984e+06 1.00027 -28.2674 0 1.01316 1.01351 506059 0.99918 28.2674 3.48399e-05 
0.30295 0.0112196 2.02585e+06 0 0 1.5199e+06 1.00034 -34.7562 0 1.01304 1.01347 505952 0.998993 34.7562 4.29506e-05 
0.3066 0.0112191 2.0258e+06 0 0 1.51998e+06 1.00041 -42.6876 0 1.01289 1.01342 505824 0.998765 42.6876 5.29181e-05 
0.31025 0.0112185 2.02575e+06 0 0 1.52008e+06 1.0005 -52.3587 0 1.0127 1.01336 505671 0.998488 52.3587 6.51509e-05 
0.3139 0.0112177 2.0257e+06 0 0 1.52021e+06 1.00062 -64.1168 0 1.01248 1.01329 505489 0.998152 64.1168 8.01377e-05 
0.31755 0.0112166 2.02565e+06 0 0 1.52038e+06 1.00075 -78.361 0 1.01221 1.0132 505271 0.997746 78.361 9.84593e-05 
0.3212 0.0112153 2.0256e+06 0 0 1.52059e+06 1.00091 -95.541 0 1.01188 1.0131 505011 0.997258 95.541 0.000120796 
0.32485 0.0112137 2.02555e+06 0 0 1.52085e+06 1.00111 -116.15 0 1.01149 1.01298 504704 0.996675 116.15 0.000147935 
0.3285 0.0112117 2.0255e+06 0 0 1.52116e+06 1.00134 -140.707 0 1.01102 1.01284 504341 0.995983 140.707 0.000180759 
0.33215 0.0112094 2.02545e+06 0 0 1.52153e+06 1.00161 -169.724 0 1.01045 1.01267 503916 0.995169 169.724 0.000220233 
0.3358 0.0112066 2.0254e+06 0 0 1.52198e+06 1.00193 -203.653 0 1.00978 1.01247 503424 0.994221 203.653 0.000267345 
0.33945 0.0112034 2.02535e+06 0 0 1.52249e+06 1.00229 -242.797 0 1.009 1.01225 502860 0.993132 242.797 0.000323004 
0.3431 0.0111998 2.0253e+06 0 0 1.52307e+06 1.0027 -287.18 0 1.0081 1.012 502225 0.991904 287.18 0.000387855 
0.34675 0.0111958 2.02525e+06 0 0 1.52372e+06 1.00315 -336.359 0 1.00707 1.01172 501527 0.990548 336.359 0.000461958 
0.3504 0.0111916 2.0252e+06 0 0 1.52442e+06 1.00363 -389.162 0 1.00595 1.01143 500781 0.989099 389.162 0.00054426 
0.35405 0.0111875 2.02515e+06 0 0 1.52513e+06 1.00413 -443.347 0 1.00476 1.01112 500019 0.987619 443.347 0.00063178 
0.3577 0.0111837 2.0251e+06 0 0 1.52581e+06 1.0046 -495.178 0 1.0036 1.01083 499293 0.98621 495.178 0.000718445 
0.36135 0.0111809 2.02505e+06 0 0 1.52637e+06 1.00499 -538.935 0 1.0026 1.01059 498682 0.985026 538.935 0.000793724 
0.365 0.0111798 2.025e+06 0 0 1.5267e+06 1.00524 -566.412 0 1.00196 1.01043 498298 0.984292 566.412 0.000841655 


0 0.0112 2.03e+06 0 0 1.5225e+06 1 0 0 1.01407 1.01407 507500 1 0 8.77098e-15 
0.00365 0.0112003 2.02995e+06 0 0 1.52246e+06 1 -2.79078e-08 0 1.01407 1.01407 507487 1 2.93164e-08 4.04916e-14 
0.0073 0.0112006 2.0299e+06 0 0 1.52242e+06 1 -7.07662e-08 0 1.01406 1.01406 507475 1 7.4333e-08 9.68325e-14 
0.01095 0.0112008 2.02985e+06 0 0 1.52239e+06 1 -1.35552e-07 0 1.01406 1.01406 507462 1 1.36729e-07 1.78585e-13 
0.0146 0.0112011 2.0298e+06 0 0 1.52235e+06 1 -2.23262e-07 0 1.01406 1.01406 507450 1 2.24848e-07 2.93092e-13 
0.01825 0.0112014 2.02975e+06 0 0 1.52231e+06 1 -3.43864e-07 0 1.01405 1.01405 507437 1 3.47833e-07 4.51079e-13 
0.0219 0.0112017 2.0297e+06 0 0 1.52227e+06 1 -5.1131e-07 0 1.01405 1.01405 507425 1 5.14372e-07 6.66199e-13 
0.02555 0.0112019 2.02965e+06 0 0 1.52224e+06 1 -7.37563e-07 0 1.01404 1.01404 507412 1 7.38283e-07 9.55246e-13 
0.0292 0.0112022 2.0296e+06 0 0 1.5222e+06 1 -1.03757e-06 0 1.01404 1.01404 507400 1 1.03619e-06 1.3404e-12 
0.03285 0.0112025 2.02955e+06 0 0 1.52216e+06 1 -1.43326e-06 0 1.01403 1.01403 507387 1 1.43432e-06 1.84898e-12 
0.0365 0.0112028 2.0295e+06 0 0 1.52212e+06 1 -1.95255e-06 0 1.01403 1.01403 507375 1 1.95462e-06 2.51591e-12 
0.04015 0.011203 2.02945e+06 0 0 1.52209e+06 1 -2.6333e-06 0 1.01402 1.01402 507362 1 2.63701e-06 3.38578e-12 
0.0438 0.0112033 2.0294e+06 0 0 1.52205e+06 1 -3.51937e-06 0 1.01402 1.01402 507350 1 3.52145e-06 4.51372e-12 
0.04745 0.0112036 2.02935e+06 0 0 1.52201e+06 1 -4.66459e-06 0 1.01401 1.01401 507337 1 4.66749e-06 5.96957e-12 
0.0511 0.0112039 2.0293e+06 0 0 1.52197e+06 1 -6.1427e-06 0 1.01401 1.01401 507325 1 6.14277e-06 7.84084e-12 
0.05475 0.0112041 2.02925e+06 0 0 1.52194e+06 1 -8.03644e-06 0 1.014 1.014 507312 1 8.03838e-06 1.02372e-11 
0.0584 0.0112044 2.0292e+06 0 0 1.5219e+06 1 -1.04594e-05 0 1.014 1.014 507300 1 1.04606e-05 1.3295e-11 
0.06205 0.0112047 2.02915e+06 0 0 1.52186e+06 1 -1.35502e-05 0 1.01399 1.01399 507287 1 1.35496e-05 1.71855e-11 
0.0657 0.011205 2.0291e+06 0 0 1.52182e+06 1 -1.74763e-05 0 1.01399 1.01399 507275 1 1.74794e-05 2.2122e-11 
0.06935 0.0112052 2.02905e+06 0 0 1.52179e+06 1 -2.24578e-05 0 1.01398 1.01398 507262 1 2.24595e-05 2.83697e-11 
0.073 0.0112055 2.029e+06 0 0 1.52175e+06 1 -2.8763e-05 0 1.01398 1.01398 507250 1 2.87653e-05 3.62598e-11 
0.07665 0.0112058 2.02895e+06 0 0 1.52171e+06 1 -3.67217e-05 0 1.01397 1.01397 507237 1 3.67245e-05 4.62031e-11 
0.0803 0.0112061 2.0289e+06 0 0 1.52167e+06 1 -4.67535e-05 0 1.01397 1.01397 507225 1 4.67553e-05 5.87111e-11 
0.08395 0.0112063 2.02885e+06 0 0 1.52164e+06 1 -5.93708e-05 0 1.01396 1.01396 507212 1 5.93741e-05 7.44182e-11 
0.0876 0.0112066 2.0288e+06 0 0 1.5216e+06 1 -7.52224e-05 0 1.01396 1.01396 507200 1 7.52232e-05 9.41128e-11 
0.09125 0.0112069 2.02875e+06 0 0 1.52156e+06 1 -9.50988e-05 0 1.01395 1.01395 507187 1 9.50997e-05 1.18773e-10 
0.0949 0.0112072 2.0287e+06 0 0 1.52152e+06 1 -0.000119991 0 1.01395 1.01395 507175 1 0.000119992 1.4961e-10 
0.09855 0.0112075 2.02865e+06 0 0 1.52149e+06 1 -0.000151129 0 1.01394 1.01394 507162 1 0.00015113 1.88129e-10 
0.1022 0.0112077 2.0286e+06 0 0 1.52145e+06 1 -0.000190033 0 1.01394 1.01394 507150 1 0.000190036 2.36191e-10 
0.10585 0.011208 2.02855e+06 0 0 1.52141e+06 1 -0.000238595 0 1.01393 1.01393 507137 1 0.000238595 2.96104e-10 
0.1095 0.0112083 2.0285e+06 0 0 1.52137e+06 1 -0.000299146 0 1.01393 1.01393 507125 1 0.000299148 3.70725e-10 
0.11315 0.0112086 2.02845e+06 0 0 1.52134e+06 1 -0.000374588 0 1.01392 1.01392 507112 1 0.00037459 4.63591e-10 
0.1168 0.0112088 2.0284e+06 0 0 1.5213e+06 1 -0.000468506 0 1.01392 1.01392 507100 1 0.000468508 5.7908e-10 
0.12045 0.0112091 2.02835e+06 0 0 1.52126e+06 1 -0.000585341 0 1.01391 1.01391 507087 1 0.000585344 7.2261e-10 
0.1241 0.0112094 2.0283e+06 0 0 1.52122e+06 1 -0.000730592 0 1.01391 1.01391 507075 1 0.000730594 9.00884e-10 
0.12775 0.0112097 2.02825e+06 0 0 1.52119e+06 1 -0.000911057 0 1.0139 1.0139 507062 1 0.000911058 1.12219e-09 
0.1314 0.0112099 2.0282e+06 0 0 1.52115e+06 1 -0.00113516 0 1.0139 1.0139 507050 1 0.00113516 1.3968e-09 
0.13505 0.0112102 2.02815e+06 0 0 1.52111e+06 1 -0.00141329 0 1.01389 1.01389 507037 1 0.0014133 1.73738e-09 
0.1387 0.0112105 2.0281e+06 0 0 1.52107e+06 1 -0.00175835 0 1.01389 1.01389 507025 1 0.00175835 2.15962e-09 
0.14235 0.0112108 2.02805e+06 0 0 1.52104e+06 1 -0.00218625 0 1.01388 1.01388 507012 1 0.00218626 2.68293e-09 
0.146 0.011211 2.028e+06 0 0 1.521e+06 1 -0.0027167 0 1.01388 1.01388 507000 1 0.0027167 3.33126e-09 
0.14965 0.0112113 2.02795e+06 0 0 1.52096e+06 1 -0.00337402 0 1.01387 1.01387 506987 1 0.00337403 4.13429e-09 
0.1533 0.0112116 2.0279e+06 0 0 1.52092e+06 1 -0.00418835 0 1.01387 1.01387 506975 1 0.00418835 5.12864e-09 
0.15695 0.0112119 2.02785e+06 0 0 1.52089e+06 1 -0.00519689 0 1.01386 1.01386 506962 1 0.00519689 6.35962e-09 
0.1606 0.0112122 2.0278e+06 0 0 1.52085e+06 1 -0.00644564 0 1.01386 1.01386 506950 1 0.00644564 7.88323e-09 
0.16425 0.0112124 2.02775e+06 0 0 1.52081e+06 1 -0.00799149 0 1.01385 1.01386 506937 1 0.00799149 9.76867e-09 
0.1679 0.0112127 2.0277e+06 0 0 1.52077e+06 1 -0.00990473 0 1.01385 1.01385 506925 1 0.00990474 1.21015e-08 
0.17155 0.011213 2.02765e+06 0 0 1.52074e+06 1 -0.0122722 0 1.01385 1.01385 506912 1 0.0122723 1.49874e-08 
0.1752 0.0112133 2.0276e+06 0 0 1.5207e+06 1 -0.0152014 0 1.01384 1.01384 506900 1 0.0152014 1.85571e-08 
0.17885 0.0112135 2.02755e+06 0 0 1.52066e+06 1 -0.018825 0 1.01384 1.01384 506887 0.999999 0.018825 2.29721e-08 
0.1825 0.0112138 2.0275e+06 0 0 1.52063e+06 1 -0.0233069 0 1.01383 1.01383 506875 0.999999 0.0233069 2.84319e-08 
0.18615 0.0112141 2.02745e+06 0 0 1.52059e+06 1 -0.0288499 0 1.01383 1.01383 506862 0.999999 0.0288499 3.51831e-08 
0.1898 0.0112144 2.0274e+06 0 0 1.52055e+06 1 -0.0357045 0 1.01382 1.01382 506849 0.999999 0.0357045 4.35306e-08 
0.19345 0.0112146 2.02735e+06 0 0 1.52051e+06 1 -0.0441801 0 1.01382 1.01382 506837 0.999999 0.0441801 5.38509e-08 
0.1971 0.0112149 2.0273e+06 0 0 1.52048e+06 1 -0.0546592 0 1.01381 1.01381 506824 0.999998 0.0546592 6.66096e-08 
0.20075 0.0112152 2.02725e+06 0 0 1.52044e+06 1 -0.0676144 0 1.01381 1.01381 506811 0.999998 0.0676144 8.23818e-08 
0.2044 0.0112155 2.0272e+06 0 0 1.5204e+06 1 -0.0836295 0 1.0138 1.0138 506799 0.999998 0.0836295 1.01878e-07 
0.20805 0.0112157 2.02715e+06 0 0 1.52036e+06 1 -0.103426 0 1.01379 1.0138 506786 0.999997 0.103426 1.25977e-07 
0.2117 0.011216 2.0271e+06 0 0 1.52033e+06 1 -0.127896 0 1.01379 1.01379 506773 0.999996 0.127896 1.55764e-07 
0.21535 0.0112163 2.02705e+06 0 0 1.52029e+06 1 -0.158139 0 1.01378 1.01379 506760 0.999995 0.158139 1.92579e-07 
0.219 0.0112166 2.027e+06 0 0 1.52025e+06 1 -0.195517 0 1.01378 1.01378 506747 0.999994 0.195517 2.3808e-07 
0.22265 0.0112168 2.02695e+06 0 0 1.52022e+06 1 -0.241709 0 1.01377 1.01378 506734 0.999993 0.241709 2.94313e-07 
0.2263 0.0112171 2.0269e+06 0 0 1.52018e+06 1 -0.298791 0 1.01377 1.01377 506720 0.999991 0.298791 3.63809e-07 
0.22995 0.0112174 2.02685e+06 0 0 1.52014e+06 1 -0.369327 0 1.01376 1.01377 506707 0.999989 0.369327 4.49691e-07 
0.2336 0.0112176 2.0268e+06 0 0 1.52011e+06 1 -0.456482 0 1.01375 1.01376 506693 0.999987 0.456482 5.55822e-07 
0.23725 0.0112179 2.02675e+06 0 0 1.52007e+06 1.00001 -0.564163 0 1.01375 1.01375 506679 0.999983 0.564163 6.86969e-07 
0.2409 0.0112182 2.0267e+06 0 0 1.52004e+06 1.00001 -0.697195 0 1.01374 1.01375 506665 0.99998 0.697195 8.49024e-07 
0.24455 0.0112184 2.02665e+06 0 0 1.52e+06 1.00001 -0.861531 0 1.01373 1.01374 506650 0.999975 0.861531 1.04926e-06 
0.2482 0.0112187 2.0266e+06 0 0 1.51997e+06 1.00001 -1.06452 0 1.01372 1.01374 506634 0.999969 1.06452 1.29667e-06 
0.25185 0.0112189 2.02655e+06 0 0 1.51993e+06 1.00001 -1.31521 0 1.01371 1.01373 506618 0.999962 1.31521 1.60234e-06 
0.2555 0.0112192 2.0265e+06 0 0 1.5199e+06 1.00002 -1.62478 0 1.0137 1.01372 506601 0.999953 1.62478 1.97996e-06 
0.25915 0.0112194 2.02645e+06 0 0 1.51987e+06 1.00002 -2.00699 0 1.01369 1.01372 506583 0.999941 2.00699 2.44644e-06 
0.2628 0.0112197 2.0264e+06 0 0 1.51984e+06 1.00002 -2.47878 0 1.01368 1.01371 506563 0.999928 2.47878 3.02264e-06 
0.26645 0.0112199 2.02635e+06 0 0 1.51981e+06 1.00003 -3.061 0 1.01366 1.0137 506542 0.999911 3.061 3.73426e-06 
0.2701 0.0112201 2.0263e+06 0 0 1.51978e+06 1.00004 -3.77928 0 1.01365 1.01369 506519 0.99989 3.77928 4.61302e-06 
0.27375 0.0112203 2.02625e+06 0 0 1.51976e+06 1.00005 -4.66509 0 1.01362 1.01368 506493 0.999864 4.66509 5.69798e-06 
0.2774 0.0112205 2.0262e+06 0 0 1.51973e+06 1.00006 -5.75701 0 1.0136 1.01367 506465 0.999832 5.75701 7.0372e-06 
0.28105 0.0112206 2.02615e+06 0 0 1.51972e+06 1.00007 -7.10227 0 1.01357 1.01366 506433 0.999793 7.10227 8.68985e-06 
0.2847 0.0112207 2.0261e+06 0 0 1.5197e+06 1.00009 -8.75856 0 1.01354 1.01364 506396 0.999745 8.75856 1.07286e-05 
0.28835 0.0112208 2.02605e+06 0 0 1.5197e+06 1.0001 -10.7962 0 1.01349 1.01363 506353 0.999686 10.7962 1.32425e-05 
0.292 0.0112208 2.026e+06 0 0 1.5197e+06 1.00013 -13.3005 0 1.01344 1.01361 506304 0.999613 13.3005 1.63408e-05 
0.29565 0.0112208 2.02595e+06 0 0 1.5197e+06 1.00016 -16.3748 0 1.01338 1.01358 506246 0.999524 16.3748 2.0157e-05 
0.2993 0.0112207 2.0259e+06 0 0 1.51972e+06 1.00019 -20.1436 0 1.01331 1.01356 506179 0.999416 20.1436 2.48535e-05 
0.30295 0.0112206 2.02585e+06 0 0 1.51975e+06 1.00024 -24.7559 0 1.01322 1.01353 506099 0.999283 24.7559 3.06278e-05 
0.3066 0.0112203 2.0258e+06 0 0 1.51979e+06 1.00029 -30.3887 0 1.01311 1.01349 506005 0.999121 30.3887 3.77188e-05 
0.31025 0.01122 2.02575e+06 0 0 1.51986e+06 1.00036 -37.2507 0 1.01298 1.01345 505893 0.998924 37.2507 4.64136e-05 
0.3139 0.0112194 2.0257e+06 0 0 1.51994e+06 1.00044 -45.5848 0 1.01282 1.01339 505760 0.998686 45.5848 5.70548e-05 
0.31755 0.0112188 2.02565e+06 0 0 1.52005e+06 1.00053 -55.6694 0 1.01263 1.01333 505602 0.998399 55.6694 7.0048e-05 
0.3212 0.0112179 2.0256e+06 0 0 1.52019e+06 1.00065 -67.8173 0 1.01239 1.01326 505414 0.998054 67.8173 8.58663e-05 
0.32485 0.0112169 2.02555e+06 0 0 1.52036e+06 1.00079 -82.3701 0 1.01211 1.01317 505193 0.997642 82.3701 0.000105053 
0.3285 0.0112156 2.0255e+06 0 0 1.52057e+06 1.00095 -99.6855 0 1.01178 1.01307 504934 0.997154 99.6855 0.000128216 
0.33215 0.011214 2.02545e+06 0 0 1.52082e+06 1.00114 -120.114 0 1.01138 1.01295 504631 0.996581 120.114 0.000156009 
0.3358 0.0112121 2.0254e+06 0 0 1.52112e+06 1.00136 -143.963 0 1.01091 1.01281 504281 0.995914 143.963 0.000189097 
0.33945 0.01121 2.02535e+06 0 0 1.52147e+06 1.00162 -171.432 0 1.01036 1.01266 503882 0.99515 171.432 0.000228076 
0.3431 0.0112075 2.0253e+06 0 0 1.52187e+06 1.0019 -202.527 0 1.00973 1.01248 503433 0.994289 202.527 0.000273348 
0.34675 0.0112048 2.02525e+06 0 0 1.52231e+06 1.00222 -236.928 0 1.00901 1.01228 502941 0.99334 236.928 0.000324897 
0.3504 0.011202 2.0252e+06 0 0 1.52278e+06 1.00256 -273.81 0 1.00823 1.01208 502416 0.992328 273.81 0.000381935 
0.35405 0.0111991 2.02515e+06 0 0 1.52327e+06 1.0029 -311.612 0 1.00741 1.01186 501881 0.991296 311.612 0.000442357 
0.3577 0.0111966 2.0251e+06 0 0 1.52373e+06 1.00323 -347.738 0 1.00661 1.01166 501371 0.990315 347.738 0.000501975 
0.36135 0.0111947 2.02505e+06 0 0 1.52411e+06 1.0035 -378.225 0 1.00592 1.01149 500943 0.989492 378.225 0.000553613 
0.365 0.0111941 2.025e+06 0 0 1.52433e+06 1.00367 -397.37 0 1.00548 1.01138 500674 0.988986 397.37 0.000586452 


0 0.0112 2.03e+06 0 0 1.5225e+06 1 0 0 1.01407 1.01407 507500 1 0 8.77098e-15 
0.00365 0.0112003 2.02995e+06 0 0 1.52246e+06 1 -2.19275e-08 0 1.01407 1.01407 507487 1 2.10203e-08 2.90168e-14 
0.0073 0.0112006 2.0299e+06 0 0 1.52242e+06 1 -4.98353e-08 0 1.01406 1.01406 507475 1 5.28636e-08 6.91347e-14 
0.01095 0.0112008 2.02985e+06 0 0 1.52239e+06 1 -9.76772e-08 0 1.01406 1.01406 507462 1 9.71922e-08 1.26773e-13 
0.0146 0.0112011 2.0298e+06 0 0 1.52235e+06 1 -1.5748e-07 0 1.01406 1.01406 507450 1 1.59586e-07 2.07734e-13 
0.01825 0.0112014 2.02975e+06 0 0 1.52231e+06 1 -2.46187e-07 0 1.01405 1.01405 507437 1 2.45681e-07 3.1947e-13 
0.0219 0.0112017 2.0297e+06 0 0 1.52227e+06 1 -3.60808e-07 0 1.01405 1.01405 507425 1 3.64281e-07 4.71743e-13 
0.02555 0.0112019 2.02965e+06 0 0 1.52224e+06 1 -5.20281e-07 0 1.01404 1.01404 507412 1 5.22213e-07 6.76509e-13 
0.0292 0.0112022 2.0296e+06 0 0 1.5222e+06 1 -7.33576e-07 0 1.01404 1.01404 507400 1 7.36156e-07 9.49267e-13 
0.03285 0.0112025 2.02955e+06 0 0 1.52216e+06 1 -1.01365e-06 0 1.01403 1.01403 507387 1 1.01662e-06 1.30965e-12 
0.0365 0.0112028 2.0295e+06 0 0 1.52212e+06 1 -1.38343e-06 0 1.01403 1.01403 507375 1 1.3852e-06 1.78273e-12 
0.04015 0.011203 2.02945e+06 0 0 1.52209e+06 1 -1.86783e-06 0 1.01402 1.01402 507362 1 1.87108e-06 2.3992e-12 
0.0438 0.0112033 2.0294e+06 0 0 1.52205e+06 1 -2.49476e-06 0 1.01402 1.01402 507350 1 2.49747e-06 3.19947e-12 
0.04745 0.0112036 2.02935e+06 0 0 1.52201e+06 1 -3.30907e-06 0 1.01401 1.01401 507337 1 3.31036e-06 4.23274e-12 
0.0511 0.0112039 2.0293e+06 0 0 1.52197e+06 1 -4.3576e-06 0 1.01401 1.01401 507325 1 4.36e-06 5.56109e-12 
0.05475 0.0112041 2.02925e+06 0 0 1.52194e+06 1 -5.70216e-06 0 1.014 1.014 507312 1 5.70548e-06 7.26297e-12 
0.0584 0.0112044 2.0292e+06 0 0 1.5219e+06 1 -7.42646e-06 0 1.014 1.014 507300 1 7.42619e-06 9.43531e-12 
0.06205 0.0112047 2.02915e+06 0 0 1.52186e+06 1 -9.62021e-06 0 1.01399 1.01399 507287 1 9.62257e-06 1.22001e-11 
0.0657 0.011205 2.0291e+06 0 0 1.52182e+06 1 -1.2413e-05 0 1.01399 1.01399 507275 1 1.24151e-05 1.57094e-11 
0.06935 0.0112052 2.02905e+06 0 0 1.52179e+06 1 -1.59563e-05 0 1.01398 1.01398 507262 1 1.59581e-05 2.01523e-11 
0.073 0.0112055 2.029e+06 0 0 1.52175e+06 1 -2.04425e-05 0 1.01398 1.01398 507250 1 2.04426e-05 2.57648e-11 
0.07665 0.0112058 2.02895e+06 0 0 1.52171e+06 1 -2.61077e-05 0 1.01397 1.01397 507237 1 2.61068e-05 3.28401e-11 
0.0803 0.0112061 2.0289e+06 0 0 1.52167e+06 1 -3.32441e-05 0 1.01397 1.01397 507225 1 3.3246e-05 4.17427e-11 
0.08395 0.0112063 2.02885e+06 0 0 1.52164e+06 1 -4.22275e-05 0 1.01396 1.01396 507212 1 4.22303e-05 5.29251e-11 
0.0876 0.0112066 2.0288e+06 0 0 1.5216e+06 1 -5.35142e-05 0 1.01396 1.01396 507200 1 5.35149e-05 6.69505e-11 
0.09125 0.0112069 2.02875e+06 0 0 1.52156e+06 1 -6.76694e-05 0 1.01395 1.01395 507187 1 6.76723e-05 8.45162e-11 
0.0949 0.0112072 2.0287e+06 0 0 1.52152e+06 1 -8.54048e-05 0 1.01395 1.01395 507175 1 8.54076e-05 1.06488e-10 
0.09855 0.0112075 2.02865e+06 0 0 1.52149e+06 1 -0.000107592 0 1.01394 1.01394 507162 1 0.000107594 1.33939e-10 
0.1022 0.0112077 2.0286e+06 0 0 1.52145e+06 1 -0.00013532 0 1.01394 1.01394 507150 1 0.000135323 1.68198e-10 
0.10585 0.011208 2.02855e+06 0 0 1.52141e+06 1 -0.000169939 0 1.01393 1.01393 507137 1 0.00016994 2.10913e-10 
0.1095 0.0112083 2.0285e+06 0 0 1.52137e+06 1 -0.000213111 0 1.01393 1.01393 507125 1 0.000213112 2.64124e-10 
0.11315 0.0112086 2.02845e+06 0 0 1.52134e+06 1 -0.000266909 0 1.01392 1.01392 507112 1 0.000266912 3.30358e-10 
0.1168 0.0112088 2.0284e+06 0 0 1.5213e+06 1 -0.000333895 0 1.01392 1.01392 507100 1 0.000333897 4.12742e-10 
0.12045 0.0112091 2.02835e+06 0 0 1.52126e+06 1 -0.000417241 0 1.01391 1.01391 507087 1 0.000417243 5.15144e-10 
0.1241 0.0112094 2.0283e+06 0 0 1.52122e+06 1 -0.000520869 0 1.01391 1.01391 507075 1 0.000520871 6.42353e-10 
0.12775 0.0112097 2.02825e+06 0 0 1.52119e+06 1 -0.000649642 0 1.0139 1.0139 507062 1 0.000649644 8.00294e-10 
0.1314 0.0112099 2.0282e+06 0 0 1.52115e+06 1 -0.000809567 0 1.0139 1.0139 507050 1 0.00080957 9.96294e-10 
0.13505 0.0112102 2.02815e+06 0 0 1.52111e+06 1 -0.00100809 0 1.01389 1.01389 507037 1 0.00100809 1.23941e-09 
0.1387 0.0112105 2.0281e+06 0 0 1.52107e+06 1 -0.0012544 0 1.01389 1.01389 507025 1 0.0012544 1.54086e-09 
0.14235 0.0112108 2.02805e+06 0 0 1.52104e+06 1 -0.00155987 0 1.01388 1.01388 507012 1 0.00155988 1.9145e-09 
0.146 0.011211 2.028e+06 0 0 1.521e+06 1 -0.00193859 0 1.01388 1.01388 507000 1 0.00193859 2.37745e-09 
0.14965 0.0112113 2.02795e+06 0 0 1.52096e+06 1 -0.00240795 0 1.01387 1.01387 506987 1 0.00240795 2.9509e-09 
0.1533 0.0112116 2.0279e+06 0 0 1.52092e+06 1 -0.00298945 0 1.01387 1.01387 506975 1 0.00298945 3.66105e-09 
0.15695 0.0112119 2.02785e+06 0 0 1.52089e+06 1 -0.0037097 0 1.01386 1.01386 506962 1 0.0037097 4.54026e-09 
0.1606 0.0112122 2.0278e+06 0 0 1.52085e+06 1 -0.00460157 0 1.01386 1.01386 506950 1 0.00460157 5.62854e-09 
0.16425 0.0112124 2.02775e+06 0 0 1.52081e+06 1 -0.00570569 0 1.01386 1.01386 506937 1 0.00570569 6.97535e-09 
0.1679 0.0112127 2.0277e+06 0 0 1.52077e+06 1 -0.0070723 0 1.01385 1.01385 506925 1 0.0070723 8.64184e-09 
0.17155 0.011213 2.02765e+06 0 0 1.52074e+06 1 -0.0087635 0 1.01385 1.01385 506912 1 0.0087635 1.07035e-08 
0.1752 0.0112133 2.0276e+06 0 0 1.5207e+06 1 -0.010856 0 1.01384 1.01384 506900 1 0.010856 1.32539e-08 
0.17885 0.0112135 2.02755e+06 0 0 1.52066e+06 1 -0.0134447 0 1.01384 1.01384 506887 1 0.0134447 1.64082e-08 
0.1825 0.0112138 2.0275e+06 0 0 1.52063e+06 1 -0.0166467 0 1.01383 1.01383 506875 1 0.0166467 2.03091e-08 
0.18615 0.0112141 2.02745e+06 0 0 1.52059e+06 1 -0.0206069 0 1.01383 1.01383 506862 0.999999 0.0206069 2.51329e-08 
0.1898 0.0112144 2.0274e+06 0 0 1.52055e+06 1 -0.0255044 0 1.01382 1.01382 506850 0.999999 0.0255044 3.10975e-08 
0.19345 0.0112146 2.02735e+06 0 0 1.52051e+06 1 -0.0315601 0 1.01382 1.01382 506837 0.999999 0.0315601 3.84719e-08 
0.1971 0.0112149 2.0273e+06 0 0 1.52048e+06 1 -0.0390476 0 1.01381 1.01381 506824 0.999999 0.0390476 4.75888e-08 
0.20075 0.0112152 2.02725e+06 0 0 1.52044e+06 1 -0.0483044 0 1.01381 1.01381 506812 0.999999 0.0483045 5.88593e-08 
0.2044 0.0112155 2.0272e+06 0 0 1.5204e+06 1 -0.0597479 0 1.0138 1.0138 506799 0.999998 0.0597479 7.27913e-08 
0.20805 0.0112157 2.02715e+06 0 0 1.52036e+06 1 -0.0738935 0 1.0138 1.0138 506786 0.999998 0.0738935 9.00123e-08 
0.2117 0.011216 2.0271e+06 0 0 1.52033e+06 1 -0.0913781 0 1.01379 1.01379 506774 0.999997 0.0913781 1.11298e-07 
0.21535 0.0112163 2.02705e+06 0 0 1.52029e+06 1 -0.112988 0 1.01378 1.01379 506761 0.999997 0.112988 1.37607e-07 
0.219 0.0112166 2.027e+06 0 0 1.52025e+06 1 -0.139697 0 1.01378 1.01378 506748 0.999996 0.139697 1.70122e-07 
0.22265 0.0112168 2.02695e+06 0 0 1.52021e+06 1 -0.172703 0 1.01377 1.01378 506735 0.999995 0.172703 2.10307e-07 
0.2263 0.0112171 2.0269e+06 0 0 1.52018e+06 1 -0.21349 0 1.01377 1.01377 506722 0.999994 0.21349 2.59969e-07 
0.22995 0.0112174 2.02685e+06 0 0 1.52014e+06 1 -0.263888 0 1.01376 1.01377 506709 0.999992 0.263888 3.21341e-07 
0.2336 0.0112177 2.0268e+06 0 0 1.5201e+06 1 -0.326159 0 1.01376 1.01376 506695 0.99999 0.326159 3.97181e-07 
0.23725 0.0112179 2.02675e+06 0 0 1.52007e+06 1 -0.403093 0 1.01375 1.01376 506681 0.999988 0.403093 4.90896e-07 
0.2409 0.0112182 2.0267e+06 0 0 1.52003e+06 1 -0.498134 0 1.01374 1.01375 506668 0.999985 0.498134 6.06694e-07 
0.24455 0.0112185 2.02665e+06 0 0 1.52e+06 1.00001 -0.615533 0 1.01374 1.01374 506653 0.999982 0.615533 7.49771e-07 
0.2482 0.0112187 2.0266e+06 0 0 1.51996e+06 1.00001 -0.76053 0 1.01373 1.01374 506639 0.999978 0.76053 9.26544e-07 
0.25185 0.011219 2.02655e+06 0 0 1.51993e+06 1.00001 -0.93959 0 1.01372 1.01373 506623 0.999973 0.93959 1.14493e-06 
0.2555 0.0112192 2.0265e+06 0 0 1.51989e+06 1.00001 -1.16068 0 1.01371 1.01373 506608 0.999966 1.16068 1.41472e-06 
0.25915 0.0112195 2.02645e+06 0 0 1.51986e+06 1.00001 -1.43361 0 1.0137 1.01372 506591 0.999958 1.43361 1.74796e-06 
0.2628 0.0112197 2.0264e+06 0 0 1.51983e+06 1.00002 -1.77045 0 1.01369 1.01371 506574 0.999948 1.77045 2.15953e-06 
0.26645 0.01122 2.02635e+06 0 0 1.51979e+06 1.00002 -2.18607 0 1.01368 1.01371 506555 0.999936 2.18607 2.66778e-06 
0.2701 0.0112202 2.0263e+06 0 0 1.51976e+06 1.00003 -2.6987 0 1.01366 1.0137 506535 0.999921 2.6987 3.29532e-06 
0.27375 0.0112204 2.02625e+06 0 0 1.51974e+06 1.00003 -3.33074 0 1.01365 1.01369 506513 0.999903 3.33074 4.06996e-06 
0.2774 0.0112206 2.0262e+06 0 0 1.51971e+06 1.00004 -4.10961 0 1.01363 1.01368 506489 0.99988 4.10961 5.02596e-06 
0.28105 0.0112208 2.02615e+06 0 0 1.51969e+06 1.00005 -5.06887 0 1.01361 1.01367 506463 0.999852 5.06887 6.2054e-06 
0.2847 0.011221 2.0261e+06 0 0 1.51967e+06 1.00006 -6.24946 0 1.01358 1.01366 506433 0.999818 6.24946 7.65995e-06 
0.28835 0.0112211 2.02605e+06 0 0 1.51965e+06 1.00007 -7.70121 0 1.01355 1.01364 506399 0.999776 7.70121 9.45294e-06 
0.292 0.0112212 2.026e+06 0 0 1.51964e+06 1.00009 -9.48456 0 1.01351 1.01363 506360 0.999724 9.48456 1.16618e-05 
0.29565 0.0112213 2.02595e+06 0 0 1.51963e+06 1.00011 -11.6726 0 1.01347 1.01361 506316 0.999661 11.6726 1.43811e-05 
0.2993 0.0112213 2.0259e+06 0 0 1.51964e+06 1.00014 -14.353 0 1.01341 1.01359 506264 0.999584 14.353 1.77259e-05 
0.30295 0.0112213 2.02585e+06 0 0 1.51965e+06 1.00017 -17.631 0 1.01335 1.01357 506204 0.999489 17.631 2.18355e-05 
0.3066 0.0112212 2.0258e+06 0 0 1.51967e+06 1.00021 -21.6309 0 1.01327 1.01354 506133 0.999374 21.6309 2.68781e-05 
0.31025 0.011221 2.02575e+06 0 0 1.5197e+06 1.00026 -26.4992 0 1.01318 1.01351 506050 0.999235 26.4992 3.30556e-05 
0.3139 0.0112207 2.0257e+06 0 0 1.51975e+06 1.00031 -32.4059 0 1.01306 1.01347 505952 0.999066 32.4059 4.0608e-05 
0.31755 0.0112203 2.02565e+06 0 0 1.51981e+06 1.00038 -39.5451 0 1.01292 1.01342 505836 0.998863 39.5451 4.98181e-05 
0.3212 0.0112198 2.0256e+06 0 0 1.5199e+06 1.00046 -48.1345 0 1.01276 1.01337 505700 0.998619 48.1345 6.10147e-05 
0.32485 0.0112191 2.02555e+06 0 0 1.52001e+06 1.00056 -58.4107 0 1.01256 1.01331 505541 0.998328 58.4107 7.45728e-05 
0.3285 0.0112183 2.0255e+06 0 0 1.52015e+06 1.00067 -70.6202 0 1.01232 1.01323 505354 0.997984 70.6202 9.09093e-05 
0.33215 0.0112173 2.02545e+06 0 0 1.52031e+06 1.00081 -85.0035 0 1.01204 1.01315 505137 0.99758 85.0035 0.000110469 
0.3358 0.011216 2.0254e+06 0 0 1.52051e+06 1.00096 -101.768 0 1.01171 1.01305 504887 0.997111 101.768 0.000133697 
0.33945 0.0112146 2.02535e+06 0 0 1.52075e+06 1.00114 -121.047 0 1.01132 1.01294 504603 0.996575 121.047 0.000160985 
0.3431 0.011213 2.0253e+06 0 0 1.52101e+06 1.00134 -142.835 0 1.01088 1.01281 504285 0.995971 142.835 0.00019258 
0.34675 0.0112111 2.02525e+06 0 0 1.52131e+06 1.00156 -166.902 0 1.01038 1.01268 503936 0.995307 166.902 0.000228433 
0.3504 0.0112092 2.0252e+06 0 0 1.52163e+06 1.0018 -192.668 0 1.00983 1.01253 503566 0.9946 192.668 0.000267962 
0.35405 0.0112074 2.02515e+06 0 0 1.52196e+06 1.00204 -219.042 0 1.00926 1.01238 503189 0.99388 219.042 0.000309682 
0.3577 0.0112057 2.0251e+06 0 0 1.52227e+06 1.00227 -244.223 0 1.00871 1.01224 502831 0.993197 244.223 0.000350705 
0.36135 0.0112045 2.02505e+06 0 0 1.52252e+06 1.00246 -265.461 0 1.00823 1.01212 502530 0.992627 265.461 0.000386143 
0.365 0.0112041 2.025e+06 0 0 1.52266e+06 1.00257 -278.796 0 1.00793 1.01205 502341 0.992279 278.796 0.000408652 


0 0.0112 2.03e+06 0 0 1.5225e+06 1 0 0 1.01407 1.01407 507500 1 0 8.77098e-15 
0.00365 0.0112003 2.02995e+06 0 0 1.52246e+06 1 -1.09638e-08 0 1.01407 1.01407 507487 1 1.62223e-08 2.11691e-14 
0.0073 0.0112006 2.0299e+06 0 0 1.52242e+06 1 -3.58814e-08 0 1.01406 1.01406 507475 1 3.7241e-08 4.93945e-14 
0.01095 0.0112008 2.02985e+06 0 0 1.52239e+06 1 -6.67793e-08 0 1.01406 1.01406 507462 1 6.93034e-08 9.01499e-14 
0.0146 0.0112011 2.0298e+06 0 0 1.52235e+06 1 -1.10634e-07 0 1.01406 1.01406 507450 1 1.12275e-07 1.47458e-13 
0.01825 0.0112014 2.02975e+06 0 0 1.52231e+06 1 -1.73427e-07 0 1.01405 1.01405 507437 1 1.74769e-07 2.26485e-13 
0.0219 0.0112017 2.0297e+06 0 0 1.52227e+06 1 -2.5416e-07 0 1.01405 1.01405 507425 1 2.57498e-07 3.34353e-13 
0.02555 0.0112019 2.02965e+06 0 0 1.52224e+06 1 -3.71772e-07 0 1.01404 1.01404 507412 1 3.71206e-07 4.79129e-13 
0.0292 0.0112022 2.0296e+06 0 0 1.5222e+06 1 -5.19284e-07 0 1.01404 1.01404 507400 1 5.20774e-07 6.7242e-13 
0.03285 0.0112025 2.02955e+06 0 0 1.52216e+06 1 -7.18625e-07 0 1.01403 1.01403 507387 1 7.20847e-07 9.279e-13 
0.0365 0.0112028 2.0295e+06 0 0 1.52212e+06 1 -9.82753e-07 0 1.01403 1.01403 507375 1 9.82128e-07 1.26344e-12 
0.04015 0.011203 2.02945e+06 0 0 1.52209e+06 1 -1.32462e-06 0 1.01402 1.01402 507362 1 1.32656e-06 1.70063e-12 
0.0438 0.0112033 2.0294e+06 0 0 1.52205e+06 1 -1.76816e-06 0 1.01402 1.01402 507350 1 1.77168e-06 2.26841e-12 
0.04745 0.0112036 2.02935e+06 0 0 1.52201e+06 1 -2.34525e-06 0 1.01401 1.01401 507337 1 2.34842e-06 3.00155e-12 
0.0511 0.0112039 2.0293e+06 0 0 1.52197e+06 1 -3.09378e-06 0 1.01401 1.01401 507325 1 3.09398e-06 3.94466e-12 
0.05475 0.0112041 2.02925e+06 0 0 1.52194e+06 1 -4.05062e-06 0 1.014 1.014 507312 1 4.05033e-06 5.15329e-12 
0.0584 0.0112044 2.0292e+06 0 0 1.5219e+06 1 -5.26959e-06 0 1.014 1.014 507300 1 5.27192e-06 6.6965e-12 
0.06205 0.0112047 2.02915e+06 0 0 1.52186e+06 1 -6.83242e-06 0 1.01399 1.01399 507287 1 6.83479e-06 8.66138e-12 
0.0657 0.011205 2.0291e+06 0 0 1.52182e+06 1 -8.81687e-06 0 1.01399 1.01399 507275 1 8.81903e-06 1.11564e-11 
0.06935 0.0112052 2.02905e+06 0 0 1.52179e+06 1 -1.13365e-05 0 1.01398 1.01398 507262 1 1.13396e-05 1.43158e-11 
0.073 0.0112055 2.029e+06 0 0 1.52175e+06 1 -1.4528e-05 0 1.01398 1.01398 507250 1 1.4529e-05 1.83079e-11 
0.07665 0.0112058 2.02895e+06 0 0 1.52171e+06 1 -1.85567e-05 0 1.01397 1.01397 507237 1 1.85593e-05 2.33426e-11 
0.0803 0.0112061 2.0289e+06 0 0 1.52167e+06 1 -2.36429e-05 0 1.01397 1.01397 507225 1 2.36416e-05 2.96791e-11 
0.08395 0.0112063 2.02885e+06 0 0 1.52164e+06 1 -3.00328e-05 0 1.01396 1.01396 507212 1 3.00361e-05 3.76402e-11 
0.0876 0.0112066 2.0288e+06 0 0 1.5216e+06 1 -3.80732e-05 0 1.01396 1.01396 507200 1 3.8073e-05 4.76282e-11 
0.09125 0.0112069 2.02875e+06 0 0 1.52156e+06 1 -4.81539e-05 0 1.01395 1.01395 507187 1 4.81573e-05 6.01402e-11 
0.0949 0.0112072 2.0287e+06 0 0 1.52152e+06 1 -6.07871e-05 0 1.01395 1.01395 507175 1 6.07889e-05 7.57945e-11 
0.09855 0.0112075 2.02865e+06 0 0 1.52149e+06 1 -7.65989e-05 0 1.01394 1.01394 507162 1 7.66011e-05 9.53572e-11 
0.1022 0.0112077 2.0286e+06 0 0 1.52145e+06 1 -9.63616e-05 0 1.01394 1.01394 507150 1 9.63632e-05 1.19777e-10 
0.10585 0.011208 2.02855e+06 0 0 1.52141e+06 1 -0.000121037 0 1.01393 1.01393 507137 1 0.000121038 1.5023e-10 
0.1095 0.0112083 2.0285e+06 0 0 1.52137e+06 1 -0.000151819 0 1.01393 1.01393 507125 1 0.000151821 1.88174e-10 
0.11315 0.0112086 2.02845e+06 0 0 1.52134e+06 1 -0.000190182 0 1.01392 1.01392 507112 1 0.000190185 2.35413e-10 
0.1168 0.0112088 2.0284e+06 0 0 1.5213e+06 1 -0.000237959 0 1.01392 1.01392 507100 1 0.000237961 2.94178e-10 
0.12045 0.0112091 2.02835e+06 0 0 1.52126e+06 1 -0.000297408 0 1.01391 1.01391 507087 1 0.000297412 3.67236e-10 
0.1241 0.0112094 2.0283e+06 0 0 1.52122e+06 1 -0.000371346 0 1.01391 1.01391 507075 1 0.000371347 4.58006e-10 
0.12775 0.0112097 2.02825e+06 0 0 1.52119e+06 1 -0.000463231 0 1.0139 1.0139 507062 1 0.000463231 5.7072e-10 
0.1314 0.0112099 2.0282e+06 0 0 1.52115e+06 1 -0.000577358 0 1.0139 1.0139 507050 1 0.00057736 7.10612e-10 
0.13505 0.0112102 2.02815e+06 0 0 1.52111e+06 1 -0.000719046 0 1.01389 1.01389 507037 1 0.000719048 8.84157e-10 
0.1387 0.0112105 2.0281e+06 0 0 1.52107e+06 1 -0.000894861 0 1.01389 1.01389 507025 1 0.000894864 1.09936e-09 
0.14235 0.0112108 2.02805e+06 0 0 1.52104e+06 1 -0.00111294 0 1.01388 1.01388 507012 1 0.00111294 1.36613e-09 
0.146 0.011211 2.028e+06 0 0 1.521e+06 1 -0.00138333 0 1.01388 1.01388 507000 1 0.00138333 1.6967e-09 
0.14965 0.0112113 2.02795e+06 0 0 1.52096e+06 1 -0.00171846 0 1.01387 1.01387 506987 1 0.00171846 2.10621e-09 
0.1533 0.0112116 2.0279e+06 0 0 1.52092e+06 1 -0.00213369 0 1.01387 1.01387 506975 1 0.0021337 2.61337e-09 
0.15695 0.0112119 2.02785e+06 0 0 1.52089e+06 1 -0.00264805 0 1.01386 1.01386 506962 1 0.00264805 3.24131e-09 
0.1606 0.0112122 2.0278e+06 0 0 1.52085e+06 1 -0.00328501 0 1.01386 1.01386 506950 1 0.00328501 4.01864e-09 
0.16425 0.0112124 2.02775e+06 0 0 1.52081e+06 1 -0.00407362 0 1.01386 1.01386 506937 1 0.00407362 4.98069e-09 
0.1679 0.0112127 2.0277e+06 0 0 1.52077e+06 1 -0.00504977 0 1.01385 1.01385 506925 1 0.00504977 6.17114e-09 
0.17155 0.011213 2.02765e+06 0 0 1.52074e+06 1 -0.00625783 0 1.01385 1.01385 506912 1 0.00625783 7.644e-09 
0.1752 0.0112133 2.0276e+06 0 0 1.5207e+06 1 -0.00775263 0 1.01384 1.01384 506900 1 0.00775263 9.466e-09 
0.17885 0.0112135 2.02755e+06 0 0 1.52066e+06 1 -0.00960194 0 1.01384 1.01384 506887 1 0.00960195 1.17196e-08 
0.1825 0.0112138 2.0275e+06 0 0 1.52062e+06 1 -0.0118895 0 1.01383 1.01383 506875 1 0.0118895 1.45067e-08 
0.18615 0.0112141 2.02745e+06 0 0 1.52059e+06 1 -0.0147189 0 1.01383 1.01383 506862 1 0.0147189 1.79534e-08 
0.1898 0.0112144 2.0274e+06 0 0 1.52055e+06 1 -0.018218 0 1.01382 1.01382 506850 0.999999 0.018218 2.22152e-08 
0.19345 0.0112146 2.02735e+06 0 0 1.52051e+06 1 -0.0225447 0 1.01382 1.01382 506837 0.999999 0.0225447 2.74845e-08 
0.1971 0.0112149 2.0273e+06 0 0 1.52048e+06 1 -0.0278946 0 1.01381 1.01381 506825 0.999999 0.0278946 3.39991e-08 
0.20075 0.0112152 2.02725e+06 0 0 1.52044e+06 1 -0.0345087 0 1.01381 1.01381 506812 0.999999 0.0345087 4.20526e-08 
0.2044 0.0112155 2.0272e+06 0 0 1.5204e+06 1 -0.0426854 0 1.0138 1.0138 506799 0.999999 0.0426854 5.20082e-08 
0.20805 0.0112157 2.02715e+06 0 0 1.52036e+06 1 -0.0527929 0 1.0138 1.0138 506787 0.999998 0.0527929 6.43142e-08 
0.2117 0.011216 2.0271e+06 0 0 1.52033e+06 1 -0.0652863 0 1.01379 1.01379 506774 0.999998 0.0652863 7.95249e-08 
0.21535 0.0112163 2.02705e+06 0 0 1.52029e+06 1 -0.0807277 0 1.01379 1.01379 506761 0.999998 0.0807277 9.8325e-08 
0.219 0.0112166 2.027e+06 0 0 1.52025e+06 1 -0.0998115 0 1.01378 1.01378 506748 0.999997 0.0998115 1.21561e-07 
0.22265 0.0112168 2.02695e+06 0 0 1.52021e+06 1 -0.123395 0 1.01377 1.01378 506736 0.999996 0.123395 1.50277e-07 
0.2263 0.0112171 2.0269e+06 0 0 1.52018e+06 1 -0.152538 0 1.01377 1.01377 506723 0.999996 0.152538 1.85765e-07 
0.22995 0.0112174 2.02685e+06 0 0 1.52014e+06 1 -0.188547 0 1.01376 1.01377 506710 0.999994 0.188547 2.29621e-07 
0.2336 0.0112177 2.0268e+06 0 0 1.5201e+06 1 -0.233038 0 1.01376 1.01376 506696 0.999993 0.233038 2.83814e-07 
0.23725 0.0112179 2.02675e+06 0 0 1.52007e+06 1 -0.288002 0 1.01375 1.01376 506683 0.999992 0.288002 3.50779e-07 
0.2409 0.0112182 2.0267e+06 0 0 1.52003e+06 1 -0.355899 0 1.01375 1.01375 506670 0.99999 0.355899 4.33521e-07 
0.24455 0.0112185 2.02665e+06 0 0 1.51999e+06 1 -0.439763 0 1.01374 1.01375 506656 0.999987 0.439763 5.35751e-07 
0.2482 0.0112187 2.0266e+06 0 0 1.51996e+06 1.00001 -0.543333 0 1.01373 1.01374 506642 0.999984 0.543333 6.62051e-07 
0.25185 0.011219 2.02655e+06 0 0 1.51992e+06 1.00001 -0.671222 0 1.01373 1.01373 506627 0.99998 0.671222 8.18075e-07 
0.2555 0.0112193 2.0265e+06 0 0 1.51989e+06 1.00001 -0.82911 0 1.01372 1.01373 506613 0.999976 0.82911 1.0108e-06 
0.25915 0.0112195 2.02645e+06 0 0 1.51985e+06 1.00001 -1.02399 0 1.01371 1.01372 506597 0.99997 1.02399 1.24884e-06 
0.2628 0.0112198 2.0264e+06 0 0 1.51982e+06 1.00001 -1.26448 0 1.0137 1.01372 506581 0.999963 1.26448 1.5428e-06 
0.26645 0.01122 2.02635e+06 0 0 1.51979e+06 1.00002 -1.56114 0 1.01369 1.01371 506564 0.999954 1.56114 1.90577e-06 
0.2701 0.0112203 2.0263e+06 0 0 1.51975e+06 1.00002 -1.92697 0 1.01368 1.0137 506546 0.999944 1.92697 2.35385e-06 
0.27375 0.0112205 2.02625e+06 0 0 1.51972e+06 1.00002 -2.3779 0 1.01367 1.01369 506527 0.999931 2.3779 2.90688e-06 
0.2774 0.0112207 2.0262e+06 0 0 1.51969e+06 1.00003 -2.93342 0 1.01365 1.01369 506507 0.999914 2.93342 3.58922e-06 
0.28105 0.0112209 2.02615e+06 0 0 1.51967e+06 1.00004 -3.61737 0 1.01363 1.01368 506484 0.999895 3.61737 4.43082e-06 
0.2847 0.0112211 2.0261e+06 0 0 1.51964e+06 1.00004 -4.45879 0 1.01361 1.01367 506459 0.99987 4.45879 5.46841e-06 
0.28835 0.0112213 2.02605e+06 0 0 1.51962e+06 1.00005 -5.49301 0 1.01359 1.01366 506431 0.99984 5.49301 6.74695e-06 
0.292 0.0112215 2.026e+06 0 0 1.5196e+06 1.00007 -6.76281 0 1.01356 1.01365 506400 0.999803 6.76281 8.32138e-06 
0.29565 0.0112216 2.02595e+06 0 0 1.51958e+06 1.00008 -8.31984 0 1.01353 1.01363 506365 0.999758 8.31984 1.02586e-05 
0.2993 0.0112217 2.0259e+06 0 0 1.51957e+06 1.0001 -10.2261 0 1.01349 1.01362 506325 0.999703 10.2261 1.26401e-05 
0.30295 0.0112217 2.02585e+06 0 0 1.51957e+06 1.00012 -12.5555 0 1.01344 1.0136 506278 0.999636 12.5555 1.5564e-05 
0.3066 0.0112218 2.0258e+06 0 0 1.51958e+06 1.00015 -15.3957 0 1.01338 1.01358 506224 0.999555 15.3957 1.9149e-05 
0.31025 0.0112217 2.02575e+06 0 0 1.51959e+06 1.00018 -18.8493 0 1.01331 1.01355 506162 0.999456 18.8493 2.35366e-05 
0.3139 0.0112216 2.0257e+06 0 0 1.51961e+06 1.00022 -23.0353 0 1.01323 1.01352 506089 0.999336 23.0353 2.88949e-05 
0.31755 0.0112214 2.02565e+06 0 0 1.51965e+06 1.00027 -28.0893 0 1.01313 1.01349 506003 0.999192 28.0893 3.54212e-05 
0.3212 0.0112211 2.0256e+06 0 0 1.5197e+06 1.00033 -34.1626 0 1.01301 1.01345 505904 0.99902 34.1626 4.33437e-05 
0.32485 0.0112207 2.02555e+06 0 0 1.51976e+06 1.0004 -41.4192 0 1.01287 1.0134 505787 0.998814 41.4192 5.29213e-05 
0.3285 0.0112202 2.0255e+06 0 0 1.51985e+06 1.00048 -50.0291 0 1.0127 1.01335 505652 0.998572 50.0291 6.44399e-05 
0.33215 0.0112196 2.02545e+06 0 0 1.51995e+06 1.00057 -60.1573 0 1.0125 1.01329 505495 0.998287 60.1573 7.82017e-05 
0.3358 0.0112188 2.0254e+06 0 0 1.52008e+06 1.00068 -71.9443 0 1.01227 1.01322 505316 0.997958 71.9443 9.45048e-05 
0.33945 0.0112179 2.02535e+06 0 0 1.52024e+06 1.00081 -85.4777 0 1.012 1.01314 505112 0.997581 85.4777 0.000113606 
0.3431 0.0112168 2.0253e+06 0 0 1.52041e+06 1.00095 -100.749 0 1.01169 1.01305 504886 0.997158 100.749 0.000135655 
0.34675 0.0112156 2.02525e+06 0 0 1.52061e+06 1.0011 -117.591 0 1.01134 1.01295 504638 0.996693 117.591 0.000160595 
0.3504 0.0112144 2.0252e+06 0 0 1.52082e+06 1.00127 -135.596 0 1.01096 1.01285 504375 0.996199 135.596 0.000187997 
0.35405 0.0112131 2.02515e+06 0 0 1.52104e+06 1.00143 -154.004 0 1.01056 1.01275 504109 0.995697 154.004 0.000216818 
0.3577 0.0112121 2.0251e+06 0 0 1.52124e+06 1.00159 -171.561 0 1.01018 1.01265 503856 0.995222 171.561 0.000245065 
0.36135 0.0112113 2.02505e+06 0 0 1.52141e+06 1.00172 -186.358 0 1.00985 1.01256 503644 0.994827 186.358 0.000269404 
0.365 0.0112112 2.025e+06 0 0 1.52149e+06 1.0018 -195.648 0 1.00964 1.01251 503511 0.994589 195.648 0.000284845 


0 0.0112 2.03e+06 0 0 1.5225e+06 1 0 0 1.01407 1.01407 507500 1 0 8.77098e-15 
0.00365 0.0112003 2.02995e+06 0 0 1.52246e+06 1 -9.96707e-09 0 1.01407 1.01407 507487 1 1.07037e-08 1.54097e-14 
0.0073 0.0112006 2.0299e+06 0 0 1.52242e+06 1 -2.3921e-08 0 1.01406 1.01406 507475 1 2.73454e-08 3.59852e-14 
0.01095 0.0112008 2.02985e+06 0 0 1.52239e+06 1 -4.58485e-08 0 1.01406 1.01406 507462 1 4.81004e-08 6.40787e-14 
0.0146 0.0112011 2.0298e+06 0 0 1.52235e+06 1 -7.87398e-08 0 1.01406 1.01406 507450 1 8.04086e-08 1.04834e-13 
0.01825 0.0112014 2.02975e+06 0 0 1.52231e+06 1 -1.21598e-07 0 1.01405 1.01405 507437 1 1.23546e-07 1.60845e-13 
0.0219 0.0112017 2.0297e+06 0 0 1.52227e+06 1 -1.81401e-07 0 1.01405 1.01405 507425 1 1.82974e-07 2.37014e-13 
0.02555 0.0112019 2.02965e+06 0 0 1.52224e+06 1 -2.64127e-07 0 1.01404 1.01404 507412 1 2.63327e-07 3.39606e-13 
0.0292 0.0112022 2.0296e+06 0 0 1.5222e+06 1 -3.65791e-07 0 1.01404 1.01404 507400 1 3.68196e-07 4.76601e-13 
0.03285 0.0112025 2.02955e+06 0 0 1.52216e+06 1 -5.09317e-07 0 1.01403 1.01403 507387 1 5.10952e-07 6.57626e-13 
0.0365 0.0112028 2.0295e+06 0 0 1.52212e+06 1 -6.96698e-07 0 1.01403 1.01403 507375 1 6.97317e-07 8.95498e-13 
0.04015 0.011203 2.02945e+06 0 0 1.52209e+06 1 -9.36904e-07 0 1.01402 1.01402 507362 1 9.40712e-07 1.20547e-12 
0.0438 0.0112033 2.0294e+06 0 0 1.52205e+06 1 -1.25386e-06 0 1.01402 1.01402 507350 1 1.2563e-06 1.60865e-12 
0.04745 0.0112036 2.02935e+06 0 0 1.52201e+06 1 -1.6655e-06 0 1.01401 1.01401 507337 1 1.66773e-06 2.12876e-12 
0.0511 0.0112039 2.0293e+06 0 0 1.52197e+06 1 -2.19375e-06 0 1.01401 1.01401 507325 1 2.19501e-06 2.79834e-12 
0.05475 0.0112041 2.02925e+06 0 0 1.52194e+06 1 -2.8735e-06 0 1.014 1.014 507312 1 2.87508e-06 3.65677e-12 
0.0584 0.0112044 2.0292e+06 0 0 1.5219e+06 1 -3.74064e-06 0 1.014 1.014 507300 1 3.74413e-06 4.75315e-12 
0.06205 0.0112047 2.02915e+06 0 0 1.52186e+06 1 -4.85396e-06 0 1.01399 1.01399 507287 1 4.85341e-06 6.14965e-12 
0.0657 0.011205 2.0291e+06 0 0 1.52182e+06 1 -6.26231e-06 0 1.01399 1.01399 507275 1 6.2653e-06 7.92321e-12 
0.06935 0.0112052 2.02905e+06 0 0 1.52179e+06 1 -8.05439e-06 0 1.01398 1.01398 507262 1 8.05786e-06 1.01701e-11 
0.073 0.0112055 2.029e+06 0 0 1.52175e+06 1 -1.03249e-05 0 1.01398 1.01398 507250 1 1.03264e-05 1.30099e-11 
0.07665 0.0112058 2.02895e+06 0 0 1.52171e+06 1 -1.31914e-05 0 1.01397 1.01397 507237 1 1.31937e-05 1.65925e-11 
0.0803 0.0112061 2.0289e+06 0 0 1.52167e+06 1 -1.68095e-05 0 1.01397 1.01397 507225 1 1.68126e-05 2.11022e-11 
0.08395 0.0112063 2.02885e+06 0 0 1.52164e+06 1 -2.13614e-05 0 1.01396 1.01396 507212 1 2.13633e-05 2.677e-11 
0.0876 0.0112066 2.0288e+06 0 0 1.5216e+06 1 -2.70875e-05 0 1.01396 1.01396 507200 1 2.70877e-05 3.38828e-11 
0.09125 0.0112069 2.02875e+06 0 0 1.52156e+06 1 -3.42638e-05 0 1.01395 1.01395 507187 1 3.42673e-05 4.27953e-11 
0.0949 0.0112072 2.0287e+06 0 0 1.52152e+06 1 -4.3269e-05 0 1.01395 1.01395 507175 1 4.32699e-05 5.39485e-11 
0.09855 0.0112075 2.02865e+06 0 0 1.52149e+06 1 -5.45348e-05 0 1.01394 1.01394 507162 1 5.45353e-05 6.78893e-11 
0.1022 0.0112077 2.0286e+06 0 0 1.52145e+06 1 -6.86183e-05 0 1.01394 1.01394 507150 1 6.86184e-05 8.52953e-11 
0.10585 0.011208 2.02855e+06 0 0 1.52141e+06 1 -8.62081e-05 0 1.01393 1.01393 507137 1 8.62101e-05 1.07006e-10 
0.1095 0.0112083 2.0285e+06 0 0 1.52137e+06 1 -0.000108153 0 1.01393 1.01393 507125 1 0.000108155 1.34063e-10 
0.11315 0.0112086 2.02845e+06 0 0 1.52134e+06 1 -0.000135512 0 1.01392 1.01392 507112 1 0.000135513 1.67753e-10 
0.1168 0.0112088 2.0284e+06 0 0 1.5213e+06 1 -0.000169586 0 1.01392 1.01392 507100 1 0.000169587 2.09671e-10 
0.12045 0.0112091 2.02835e+06 0 0 1.52126e+06 1 -0.000211997 0 1.01391 1.01391 507087 1 0.000211996 2.61792e-10 
0.1241 0.0112094 2.0283e+06 0 0 1.52122e+06 1 -0.000264738 0 1.01391 1.01391 507075 1 0.000264742 3.26559e-10 
0.12775 0.0112097 2.02825e+06 0 0 1.52119e+06 1 -0.000330303 0 1.0139 1.0139 507062 1 0.000330304 4.06995e-10 
0.1314 0.0112099 2.0282e+06 0 0 1.52115e+06 1 -0.000411749 0 1.0139 1.0139 507050 1 0.00041175 5.06839e-10 
0.13505 0.0112102 2.02815e+06 0 0 1.52111e+06 1 -0.00051287 0 1.01389 1.01389 507037 1 0.000512872 6.30717e-10 
0.1387 0.0112105 2.0281e+06 0 0 1.52107e+06 1 -0.000638367 0 1.01389 1.01389 507025 1 0.000638369 7.84349e-10 
0.14235 0.0112108 2.02805e+06 0 0 1.52104e+06 1 -0.000794045 0 1.01388 1.01388 507012 1 0.000794048 9.7481e-10 
0.146 0.011211 2.028e+06 0 0 1.521e+06 1 -0.000987087 0 1.01388 1.01388 507000 1 0.000987089 1.21085e-09 
0.14965 0.0112113 2.02795e+06 0 0 1.52096e+06 1 -0.00122637 0 1.01387 1.01387 506987 1 0.00122637 1.50327e-09 
0.1533 0.0112116 2.0279e+06 0 0 1.52092e+06 1 -0.00152288 0 1.01387 1.01387 506975 1 0.00152288 1.86547e-09 
0.15695 0.0112119 2.02785e+06 0 0 1.52089e+06 1 -0.0018902 0 1.01386 1.01386 506962 1 0.0018902 2.31395e-09 
0.1606 0.0112122 2.0278e+06 0 0 1.52085e+06 1 -0.0023451 0 1.01386 1.01386 506950 1 0.0023451 2.86916e-09 
0.16425 0.0112124 2.02775e+06 0 0 1.52081e+06 1 -0.00290834 0 1.01386 1.01386 506937 1 0.00290835 3.55635e-09 
0.1679 0.0112127 2.0277e+06 0 0 1.52077e+06 1 -0.00360558 0 1.01385 1.01385 506925 1 0.00360558 4.40674e-09 
0.17155 0.011213 2.02765e+06 0 0 1.52074e+06 1 -0.0044685 0 1.01385 1.01385 506912 1 0.00446851 5.45892e-09 
0.1752 0.0112133 2.0276e+06 0 0 1.5207e+06 1 -0.00553631 0 1.01384 1.01384 506900 1 0.00553631 6.76057e-09 
0.17885 0.0112135 2.02755e+06 0 0 1.52066e+06 1 -0.00685743 0 1.01384 1.01384 506887 1 0.00685743 8.37064e-09 
0.1825 0.0112138 2.0275e+06 0 0 1.52062e+06 1 -0.0084917 0 1.01383 1.01383 506875 1 0.0084917 1.0362e-08 
0.18615 0.0112141 2.02745e+06 0 0 1.52059e+06 1 -0.0105131 0 1.01383 1.01383 506862 1 0.0105131 1.28246e-08 
0.1898 0.0112144 2.0274e+06 0 0 1.52055e+06 1 -0.013013 0 1.01382 1.01382 506850 1 0.013013 1.58697e-08 
0.19345 0.0112146 2.02735e+06 0 0 1.52051e+06 1 -0.0161044 0 1.01382 1.01382 506837 1 0.0161044 1.96348e-08 
0.1971 0.0112149 2.0273e+06 0 0 1.52048e+06 1 -0.0199268 0 1.01381 1.01381 506825 0.999999 0.0199268 2.42898e-08 
0.20075 0.0112152 2.02725e+06 0 0 1.52044e+06 1 -0.0246527 0 1.01381 1.01381 506812 0.999999 0.0246527 3.00445e-08 
0.2044 0.0112155 2.0272e+06 0 0 1.5204e+06 1 -0.030495 0 1.0138 1.0138 506799 0.999999 0.030495 3.71585e-08 
0.20805 0.0112157 2.02715e+06 0 0 1.52036e+06 1 -0.0377171 0 1.0138 1.0138 506787 0.999999 0.0377171 4.59521e-08 
0.2117 0.011216 2.0271e+06 0 0 1.52033e+06 1 -0.0466439 0 1.01379 1.01379 506774 0.999999 0.0466439 5.68215e-08 
0.21535 0.0112163 2.02705e+06 0 0 1.52029e+06 1 -0.0576771 0 1.01379 1.01379 506762 0.999998 0.0576771 7.02559e-08 
0.219 0.0112166 2.027e+06 0 0 1.52025e+06 1 -0.0713128 0 1.01378 1.01378 506749 0.999998 0.0713128 8.68598e-08 
0.22265 0.0112168 2.02695e+06 0 0 1.52021e+06 1 -0.0881636 0 1.01378 1.01378 506736 0.999997 0.0881636 1.0738e-07 
0.2263 0.0112171 2.0269e+06 0 0 1.52018e+06 1 -0.108986 0 1.01377 1.01377 506723 0.999997 0.108986 1.32739e-07 
0.22995 0.0112174 2.02685e+06 0 0 1.52014e+06 1 -0.134714 0 1.01376 1.01377 506710 0.999996 0.134714 1.64077e-07 
0.2336 0.0112177 2.0268e+06 0 0 1.5201e+06 1 -0.1665 0 1.01376 1.01376 506697 0.999995 0.1665 2.02802e-07 
0.23725 0.0112179 2.02675e+06 0 0 1.52007e+06 1 -0.205767 0 1.01375 1.01376 506684 0.999994 0.205767 2.5065e-07 
0.2409 0.0112182 2.0267e+06 0 0 1.52003e+06 1 -0.254271 0 1.01375 1.01375 506671 0.999993 0.254271 3.0977e-07 
0.24455 0.0112185 2.02665e+06 0 0 1.51999e+06 1 -0.314176 0 1.01374 1.01375 506658 0.999991 0.314176 3.82812e-07 
0.2482 0.0112188 2.0266e+06 0 0 1.51996e+06 1 -0.388152 0 1.01374 1.01374 506644 0.999989 0.388152 4.73046e-07 
0.25185 0.011219 2.02655e+06 0 0 1.51992e+06 1 -0.479489 0 1.01373 1.01374 506630 0.999986 0.479489 5.8451e-07 
0.2555 0.0112193 2.0265e+06 0 0 1.51988e+06 1.00001 -0.592237 0 1.01372 1.01373 506616 0.999983 0.592237 7.22183e-07 
0.25915 0.0112196 2.02645e+06 0 0 1.51985e+06 1.00001 -0.731383 0 1.01371 1.01372 506602 0.999979 0.731383 8.92207e-07 
0.2628 0.0112198 2.0264e+06 0 0 1.51981e+06 1.00001 -0.903058 0 1.01371 1.01372 506587 0.999974 0.903058 1.10215e-06 
0.26645 0.0112201 2.02635e+06 0 0 1.51978e+06 1.00001 -1.1148 0 1.0137 1.01371 506571 0.999967 1.1148 1.36134e-06 
0.2701 0.0112203 2.0263e+06 0 0 1.51975e+06 1.00001 -1.37585 0 1.01369 1.01371 506555 0.99996 1.37585 1.68126e-06 
0.27375 0.0112206 2.02625e+06 0 0 1.51971e+06 1.00002 -1.69753 0 1.01368 1.0137 506537 0.99995 1.69753 2.07602e-06 
0.2774 0.0112208 2.0262e+06 0 0 1.51968e+06 1.00002 -2.09372 0 1.01367 1.01369 506519 0.999939 2.09372 2.56298e-06 
0.28105 0.011221 2.02615e+06 0 0 1.51965e+06 1.00003 -2.58133 0 1.01365 1.01368 506499 0.999925 2.58133 3.16343e-06 
0.2847 0.0112213 2.0261e+06 0 0 1.51962e+06 1.00003 -3.18097 0 1.01364 1.01368 506478 0.999907 3.18097 3.90348e-06 
0.28835 0.0112215 2.02605e+06 0 0 1.51959e+06 1.00004 -3.91767 0 1.01362 1.01367 506455 0.999886 3.91767 4.81502e-06 
0.292 0.0112217 2.026e+06 0 0 1.51957e+06 1.00005 -4.82172 0 1.0136 1.01366 506429 0.99986 4.82172 5.93702e-06 
0.29565 0.0112218 2.02595e+06 0 0 1.51955e+06 1.00006 -5.92962 0 1.01357 1.01365 506400 0.999828 5.92962 7.31687e-06 
0.2993 0.011222 2.0259e+06 0 0 1.51953e+06 1.00007 -7.28514 0 1.01354 1.01363 506368 0.999789 7.28514 9.01206e-06 
0.30295 0.0112221 2.02585e+06 0 0 1.51952e+06 1.00009 -8.94037 0 1.01351 1.01362 506331 0.999741 8.94037 1.1092e-05 
0.3066 0.0112222 2.0258e+06 0 0 1.51951e+06 1.00011 -10.9569 0 1.01346 1.0136 506289 0.999683 10.9569 1.364e-05 
0.31025 0.0112222 2.02575e+06 0 0 1.51951e+06 1.00013 -13.4068 0 1.01341 1.01358 506241 0.999613 13.4068 1.67556e-05 
0.3139 0.0112222 2.0257e+06 0 0 1.51951e+06 1.00016 -16.3734 0 1.01335 1.01356 506186 0.999528 16.3734 2.05563e-05 
0.31755 0.0112222 2.02565e+06 0 0 1.51953e+06 1.00019 -19.9512 0 1.01328 1.01354 506122 0.999426 19.9512 2.51796e-05 
0.3212 0.011222 2.0256e+06 0 0 1.51955e+06 1.00023 -24.2456 0 1.0132 1.01351 506048 0.999304 24.2456 3.07841e-05 
0.32485 0.0112219 2.02555e+06 0 0 1.51959e+06 1.00028 -29.3704 0 1.0131 1.01347 505962 0.999159 29.3704 3.75485e-05 
0.3285 0.0112216 2.0255e+06 0 0 1.51964e+06 1.00034 -35.4427 0 1.01297 1.01343 505863 0.998988 35.4427 4.56687e-05 
0.33215 0.0112212 2.02545e+06 0 0 1.5197e+06 1.0004 -42.5758 0 1.01283 1.01339 505749 0.998788 42.5758 5.535e-05 
0.3358 0.0112207 2.0254e+06 0 0 1.51978e+06 1.00048 -50.865 0 1.01267 1.01334 505619 0.998556 50.865 6.67924e-05 
0.33945 0.0112202 2.02535e+06 0 0 1.51988e+06 1.00057 -60.368 0 1.01247 1.01328 505472 0.998291 60.368 8.01634e-05 
0.3431 0.0112195 2.0253e+06 0 0 1.51999e+06 1.00067 -71.0749 0 1.01226 1.01322 505309 0.997995 71.0749 9.55543e-05 
0.34675 0.0112188 2.02525e+06 0 0 1.52012e+06 1.00078 -82.866 0 1.01201 1.01315 505132 0.997669 82.866 0.000112909 
0.3504 0.011218 2.0252e+06 0 0 1.52025e+06 1.00089 -95.4537 0 1.01175 1.01307 504945 0.997324 95.4537 0.000131914 
0.35405 0.0112172 2.02515e+06 0 0 1.52039e+06 1.00101 -108.306 0 1.01147 1.013 504756 0.996975 108.306 0.000151838 
0.3577 0.0112165 2.0251e+06 0 0 1.52052e+06 1.00112 -120.553 0 1.0112 1.01293 504576 0.996645 120.553 0.000171305 
0.36135 0.0112161 2.02505e+06 0 0 1.52062e+06 1.00121 -130.867 0 1.01098 1.01287 504426 0.996372 130.867 0.000188037 
0.365 0.0112161 2.025e+06 0 0 1.52067e+06 1.00126 -137.341 0 1.01083 1.01283 504332 0.996211 137.341 0.000198641 


0 0.0112 2.03e+06 0 0 1.5225e+06 1 0 0 1.01407 1.01407 507500 1 0 8.77098e-15 
0.00365 0.0112003 2.02995e+06 0 0 1.52246e+06 1 -9.96707e-09 0 1.01407 1.01407 507487 1 8.94676e-09 1.07494e-14 
0.0073 0.0112006 2.0299e+06 0 0 1.52242e+06 1 -1.59473e-08 0 1.01406 1.01406 507475 1 1.82435e-08 2.55216e-14 
0.01095 0.0112008 2.02985e+06 0 0 1.52239e+06 1 -3.18946e-08 0 1.01406 1.01406 507462 1 3.55316e-08 4.57674e-14 
0.0146 0.0112011 2.0298e+06 0 0 1.52235e+06 1 -5.7809e-08 0 1.01406 1.01406 507450 1 5.74392e-08 7.47402e-14 
0.01825 0.0112014 2.02975e+06 0 0 1.52231e+06 1 -8.77102e-08 0 1.01405 1.01405 507437 1 8.79199e-08 1.14221e-13 
0.0219 0.0112017 2.0297e+06 0 0 1.52227e+06 1 -1.30569e-07 0 1.01405 1.01405 507425 1 1.29197e-07 1.68165e-13 
0.02555 0.0112019 2.02965e+06 0 0 1.52224e+06 1 -1.86384e-07 0 1.01404 1.01404 507412 1 1.86945e-07 2.40927e-13 
0.0292 0.0112022 2.0296e+06 0 0 1.5222e+06 1 -2.6014e-07 0 1.01404 1.01404 507400 1 2.63197e-07 3.37936e-13 
0.03285 0.0112025 2.02955e+06 0 0 1.52216e+06 1 -3.59811e-07 0 1.01403 1.01403 507387 1 3.61992e-07 4.66093e-13 
0.0365 0.0112028 2.0295e+06 0 0 1.52212e+06 1 -4.92373e-07 0 1.01403 1.01403 507375 1 4.93945e-07 6.34962e-13 
0.04015 0.011203 2.02945e+06 0 0 1.52209e+06 1 -6.6281e-07 0 1.01402 1.01402 507362 1 6.67641e-07 8.54808e-13 
0.0438 0.0112033 2.0294e+06 0 0 1.52205e+06 1 -8.88066e-07 0 1.01402 1.01402 507350 1 8.91826e-07 1.14078e-12 
0.04745 0.0112036 2.02935e+06 0 0 1.52201e+06 1 -1.1791e-06 0 1.01401 1.01401 507337 1 1.18316e-06 1.51006e-12 
0.0511 0.0112039 2.0293e+06 0 0 1.52197e+06 1 -1.55686e-06 0 1.01401 1.01401 507325 1 1.55868e-06 1.98552e-12 
0.05475 0.0112041 2.02925e+06 0 0 1.52194e+06 1 -2.03826e-06 0 1.014 1.014 507312 1 2.04077e-06 2.59511e-12 
0.0584 0.0112044 2.0292e+06 0 0 1.5219e+06 1 -2.65822e-06 0 1.014 1.014 507300 1 2.65898e-06 3.37408e-12 
0.06205 0.0112047 2.02915e+06 0 0 1.52186e+06 1 -3.44761e-06 0 1.01399 1.01399 507287 1 3.44753e-06 4.3665e-12 
0.0657 0.011205 2.0291e+06 0 0 1.52182e+06 1 -4.4493e-06 0 1.01399 1.01399 507275 1 4.45092e-06 5.62732e-12 
0.06935 0.0112052 2.02905e+06 0 0 1.52179e+06 1 -5.72409e-06 0 1.01398 1.01398 507262 1 5.72516e-06 7.2252e-12 
0.073 0.0112055 2.029e+06 0 0 1.52175e+06 1 -7.33975e-06 0 1.01398 1.01398 507250 1 7.34127e-06 9.24536e-12 
0.07665 0.0112058 2.02895e+06 0 0 1.52171e+06 1 -9.37901e-06 0 1.01397 1.01397 507237 1 9.37984e-06 1.17945e-11 
0.0803 0.0112061 2.0289e+06 0 0 1.52167e+06 1 -1.19505e-05 0 1.01397 1.01397 507225 1 1.19554e-05 1.50043e-11 
0.08395 0.0112063 2.02885e+06 0 0 1.52164e+06 1 -1.51938e-05 0 1.01396 1.01396 507212 1 1.51964e-05 1.90394e-11 
0.0876 0.0112066 2.0288e+06 0 0 1.5216e+06 1 -1.92693e-05 0 1.01396 1.01396 507200 1 1.92712e-05 2.41047e-11 
0.09125 0.0112069 2.02875e+06 0 0 1.52156e+06 1 -2.43824e-05 0 1.01395 1.01395 507187 1 2.43869e-05 3.04529e-11 
0.0949 0.0112072 2.0287e+06 0 0 1.52152e+06 1 -3.07972e-05 0 1.01395 1.01395 507175 1 3.07977e-05 3.83992e-11 
0.09855 0.0112075 2.02865e+06 0 0 1.52149e+06 1 -3.88227e-05 0 1.01394 1.01394 507162 1 3.88256e-05 4.83337e-11 
0.1022 0.0112077 2.0286e+06 0 0 1.52145e+06 1 -4.88625e-05 0 1.01394 1.01394 507150 1 4.88639e-05 6.07401e-11 
0.10585 0.011208 2.02855e+06 0 0 1.52141e+06 1 -6.14011e-05 0 1.01393 1.01393 507137 1 6.14016e-05 7.62181e-11 
0.1095 0.0112083 2.0285e+06 0 0 1.52137e+06 1 -7.70464e-05 0 1.01393 1.01393 507125 1 7.70486e-05 9.55106e-11 
0.11315 0.0112086 2.02845e+06 0 0 1.52134e+06 1 -9.65549e-05 0 1.01392 1.01392 507112 1 9.65568e-05 1.19537e-10 
0.1168 0.0112088 2.0284e+06 0 0 1.5213e+06 1 -0.000120856 0 1.01392 1.01392 507100 1 0.000120859 1.49437e-10 
0.12045 0.0112091 2.02835e+06 0 0 1.52126e+06 1 -0.000151108 0 1.01391 1.01391 507087 1 0.000151108 1.86621e-10 
0.1241 0.0112094 2.0283e+06 0 0 1.52122e+06 1 -0.000188735 0 1.01391 1.01391 507075 1 0.000188739 2.32833e-10 
0.12775 0.0112097 2.02825e+06 0 0 1.52119e+06 1 -0.000235519 0 1.0139 1.0139 507062 1 0.000235519 2.90233e-10 
0.1314 0.0112099 2.0282e+06 0 0 1.52115e+06 1 -0.000293638 0 1.0139 1.0139 507050 1 0.000293639 3.61493e-10 
0.13505 0.0112102 2.02815e+06 0 0 1.52111e+06 1 -0.00036581 0 1.01389 1.01389 507037 1 0.00036581 4.49916e-10 
0.1387 0.0112105 2.0281e+06 0 0 1.52107e+06 1 -0.000455384 0 1.01389 1.01389 507025 1 0.000455386 5.59589e-10 
0.14235 0.0112108 2.02805e+06 0 0 1.52104e+06 1 -0.000566515 0 1.01388 1.01388 507012 1 0.000566519 6.95568e-10 
0.146 0.011211 2.028e+06 0 0 1.521e+06 1 -0.000704334 0 1.01388 1.01388 507000 1 0.000704335 8.64103e-10 
0.14965 0.0112113 2.02795e+06 0 0 1.52096e+06 1 -0.000875179 0 1.01387 1.01387 506987 1 0.000875183 1.07292e-09 
0.1533 0.0112116 2.0279e+06 0 0 1.52092e+06 1 -0.00108691 0 1.01387 1.01387 506975 1 0.00108691 1.33157e-09 
0.15695 0.0112119 2.02785e+06 0 0 1.52089e+06 1 -0.00134921 0 1.01386 1.01386 506962 1 0.00134921 1.65188e-09 
0.1606 0.0112122 2.0278e+06 0 0 1.52085e+06 1 -0.00167409 0 1.01386 1.01386 506950 1 0.00167409 2.04843e-09 
0.16425 0.0112124 2.02775e+06 0 0 1.52081e+06 1 -0.00207636 0 1.01386 1.01386 506937 1 0.00207637 2.53928e-09 
0.1679 0.0112127 2.0277e+06 0 0 1.52077e+06 1 -0.00257437 0 1.01385 1.01385 506925 1 0.00257437 3.14674e-09 
0.17155 0.011213 2.02765e+06 0 0 1.52074e+06 1 -0.00319076 0 1.01385 1.01385 506912 1 0.00319076 3.89839e-09 
0.1752 0.0112133 2.0276e+06 0 0 1.5207e+06 1 -0.00395353 0 1.01384 1.01384 506900 1 0.00395353 4.82829e-09 
0.17885 0.0112135 2.02755e+06 0 0 1.52066e+06 1 -0.00489729 0 1.01384 1.01384 506887 1 0.0048973 5.97857e-09 
0.1825 0.0112138 2.0275e+06 0 0 1.52062e+06 1 -0.00606482 0 1.01383 1.01383 506875 1 0.00606482 7.4013e-09 
0.18615 0.0112141 2.02745e+06 0 0 1.52059e+06 1 -0.00750895 0 1.01383 1.01383 506862 1 0.00750895 9.16078e-09 
0.1898 0.0112144 2.0274e+06 0 0 1.52055e+06 1 -0.00929501 0 1.01382 1.01382 506850 1 0.00929502 1.13365e-08 
0.19345 0.0112146 2.02735e+06 0 0 1.52051e+06 1 -0.0115037 0 1.01382 1.01382 506837 1 0.0115037 1.40268e-08 
0.1971 0.0112149 2.0273e+06 0 0 1.52048e+06 1 -0.0142348 0 1.01381 1.01381 506825 1 0.0142348 1.7353e-08 
0.20075 0.0112152 2.02725e+06 0 0 1.52044e+06 1 -0.0176114 0 1.01381 1.01381 506812 0.999999 0.0176114 2.1465e-08 
0.2044 0.0112155 2.0272e+06 0 0 1.5204e+06 1 -0.0217857 0 1.0138 1.0138 506800 0.999999 0.0217857 2.65484e-08 
0.20805 0.0112157 2.02715e+06 0 0 1.52036e+06 1 -0.0269459 0 1.0138 1.0138 506787 0.999999 0.0269459 3.28321e-08 
0.2117 0.011216 2.0271e+06 0 0 1.52033e+06 1 -0.0333243 0 1.01379 1.01379 506774 0.999999 0.0333243 4.05991e-08 
0.21535 0.0112163 2.02705e+06 0 0 1.52029e+06 1 -0.0412076 0 1.01379 1.01379 506762 0.999999 0.0412076 5.0199e-08 
0.219 0.0112166 2.027e+06 0 0 1.52025e+06 1 -0.0509504 0 1.01378 1.01378 506749 0.999999 0.0509504 6.20638e-08 
0.22265 0.0112168 2.02695e+06 0 0 1.52021e+06 1 -0.0629901 0 1.01378 1.01378 506736 0.999998 0.0629901 7.67271e-08 
0.2263 0.0112171 2.0269e+06 0 0 1.52018e+06 1 -0.0778671 0 1.01377 1.01377 506724 0.999998 0.0778671 9.4848e-08 
0.22995 0.0112174 2.02685e+06 0 0 1.52014e+06 1 -0.0962484 0 1.01377 1.01377 506711 0.999997 0.0962484 1.17241e-07 
0.2336 0.0112177 2.0268e+06 0 0 1.5201e+06 1 -0.118957 0 1.01376 1.01376 506698 0.999997 0.118957 1.44911e-07 
0.23725 0.0112179 2.02675e+06 0 0 1.52006e+06 1 -0.147009 0 1.01375 1.01376 506685 0.999996 0.147009 1.79099e-07 
0.2409 0.0112182 2.0267e+06 0 0 1.52003e+06 1 -0.181658 0 1.01375 1.01375 506672 0.999995 0.181658 2.2134e-07 
0.24455 0.0112185 2.02665e+06 0 0 1.51999e+06 1 -0.224448 0 1.01374 1.01375 506659 0.999993 0.224448 2.73525e-07 
0.2482 0.0112188 2.0266e+06 0 0 1.51995e+06 1 -0.277283 0 1.01374 1.01374 506646 0.999992 0.277283 3.37989e-07 
0.25185 0.011219 2.02655e+06 0 0 1.51992e+06 1 -0.342511 0 1.01373 1.01374 506632 0.99999 0.342511 4.17615e-07 
0.2555 0.0112193 2.0265e+06 0 0 1.51988e+06 1 -0.42302 0 1.01373 1.01373 506619 0.999988 0.42302 5.15955e-07 
0.25915 0.0112196 2.02645e+06 0 0 1.51984e+06 1.00001 -0.522364 0 1.01372 1.01373 506605 0.999985 0.522364 6.3739e-07 
0.2628 0.0112198 2.0264e+06 0 0 1.51981e+06 1.00001 -0.644912 0 1.01371 1.01372 506590 0.999981 0.644912 7.87318e-07 
0.26645 0.0112201 2.02635e+06 0 0 1.51977e+06 1.00001 -0.796029 0 1.0137 1.01371 506576 0.999977 0.796029 9.72387e-07 
0.2701 0.0112204 2.0263e+06 0 0 1.51974e+06 1.00001 -0.982294 0 1.0137 1.01371 506560 0.999971 0.982294 1.20078e-06 
0.27375 0.0112206 2.02625e+06 0 0 1.51971e+06 1.00001 -1.21176 0 1.01369 1.0137 506545 0.999965 1.21176 1.48254e-06 
0.2774 0.0112209 2.0262e+06 0 0 1.51967e+06 1.00001 -1.49429 0 1.01368 1.01369 506528 0.999956 1.49429 1.83002e-06 
0.28105 0.0112211 2.02615e+06 0 0 1.51964e+06 1.00002 -1.84189 0 1.01367 1.01369 506510 0.999946 1.84189 2.25837e-06 
0.2847 0.0112213 2.0261e+06 0 0 1.51961e+06 1.00002 -2.26919 0 1.01365 1.01368 506491 0.999934 2.26919 2.78612e-06 
0.28835 0.0112216 2.02605e+06 0 0 1.51958e+06 1.00003 -2.79391 0 1.01364 1.01367 506471 0.999919 2.79391 3.43592e-06 
0.292 0.0112218 2.026e+06 0 0 1.51955e+06 1.00003 -3.43751 0 1.01362 1.01366 506449 0.9999 3.43751 4.23537e-06 
0.29565 0.011222 2.02595e+06 0 0 1.51952e+06 1.00004 -4.22578 0 1.0136 1.01365 506425 0.999877 4.22578 5.21802e-06 
0.2993 0.0112222 2.0259e+06 0 0 1.5195e+06 1.00005 -5.1896 0 1.01358 1.01364 506399 0.99985 5.1896 6.42449e-06 
0.30295 0.0112223 2.02585e+06 0 0 1.51948e+06 1.00006 -6.3657 0 1.01355 1.01363 506369 0.999816 6.3657 7.90372e-06 
0.3066 0.0112225 2.0258e+06 0 0 1.51946e+06 1.00008 -7.79739 0 1.01352 1.01362 506336 0.999775 7.79739 9.71437e-06 
0.31025 0.0112226 2.02575e+06 0 0 1.51945e+06 1.00009 -9.53524 0 1.01348 1.01361 506298 0.999725 9.53524 1.19262e-05 
0.3139 0.0112227 2.0257e+06 0 0 1.51944e+06 1.00011 -11.6376 0 1.01344 1.01359 506255 0.999665 11.6376 1.46216e-05 
0.31755 0.0112227 2.02565e+06 0 0 1.51944e+06 1.00014 -14.1705 0 1.01339 1.01357 506206 0.999593 14.1705 1.78963e-05 
0.3212 0.0112227 2.0256e+06 0 0 1.51945e+06 1.00016 -17.2073 0 1.01333 1.01355 506150 0.999506 17.2073 2.18604e-05 
0.32485 0.0112227 2.02555e+06 0 0 1.51946e+06 1.0002 -20.8268 0 1.01325 1.01352 506086 0.999404 20.8268 2.66373e-05 
0.3285 0.0112225 2.0255e+06 0 0 1.51949e+06 1.00024 -25.1101 0 1.01317 1.01349 506012 0.999283 25.1101 3.23613e-05 
0.33215 0.0112224 2.02545e+06 0 0 1.51952e+06 1.00029 -30.1349 0 1.01307 1.01346 505928 0.999142 30.1349 3.91721e-05 
0.3358 0.0112221 2.0254e+06 0 0 1.51957e+06 1.00034 -35.9658 0 1.01295 1.01342 505833 0.998979 35.9658 4.72036e-05 
0.33945 0.0112218 2.02535e+06 0 0 1.51962e+06 1.0004 -42.6409 0 1.01281 1.01338 505726 0.998793 42.6409 5.65654e-05 
0.3431 0.0112214 2.0253e+06 0 0 1.51969e+06 1.00047 -50.1507 0 1.01266 1.01333 505608 0.998585 50.1507 6.7312e-05 
0.34675 0.011221 2.02525e+06 0 0 1.51977e+06 1.00055 -58.4092 0 1.01249 1.01328 505481 0.998358 58.4092 7.93942e-05 
0.3504 0.0112205 2.0252e+06 0 0 1.51985e+06 1.00063 -67.2137 0 1.0123 1.01323 505346 0.998117 67.2137 9.25845e-05 
0.35405 0.0112201 2.02515e+06 0 0 1.51994e+06 1.00071 -76.1927 0 1.01211 1.01318 505211 0.997873 76.1927 0.000106369 
0.3577 0.0112197 2.0251e+06 0 0 1.52002e+06 1.00079 -84.7396 0 1.01192 1.01313 505082 0.997645 84.7396 0.000119798 
0.36135 0.0112195 2.02505e+06 0 0 1.52007e+06 1.00085 -91.933 0 1.01176 1.01309 504975 0.997457 91.933 0.000131315 
0.365 0.0112196 2.025e+06 0 0 1.52009e+06 1.00088 -96.4462 0 1.01166 1.01306 504908 0.997349 96.4462 0.000138606 


0 0.0112 2.03e+06 0 0 1.5225e+06 1 0 0 1.01407 1.01407 507500 1 0 8.77098e-15 
0.00365 0.0112003 2.02995e+06 0 0 1.52246e+06 1 -2.99012e-09 0 1.01407 1.01407 507487 1 5.73581e-09 8.77098e-15 
0.0073 0.0112006 2.0299e+06 0 0 1.52242e+06 1 -1.19605e-08 0 1.01406 1.01406 507475 1 1.41016e-08 1.88829e-14 
0.01095 0.0112008 2.02985e+06 0 0 1.52239e+06 1 -2.19275e-08 0 1.01406 1.01406 507462 1 2.39394e-08 3.33913e-14 
0.0146 0.0112011 2.0298e+06 0 0 1.52235e+06 1 -4.0865e-08 0 1.01406 1.01406 507450 1 4.11257e-08 5.3725e-14 
0.01825 0.0112014 2.02975e+06 0 0 1.52231e+06 1 -6.17958e-08 0 1.01405 1.01405 507437 1 6.19765e-08 8.1313e-14 
0.0219 0.0112017 2.0297e+06 0 0 1.52227e+06 1 -8.87069e-08 0 1.01405 1.01405 507425 1 9.24357e-08 1.19562e-13 
0.02555 0.0112019 2.02965e+06 0 0 1.52224e+06 1 -1.30569e-07 0 1.01404 1.01404 507412 1 1.31762e-07 1.71045e-13 
0.0292 0.0112022 2.0296e+06 0 0 1.5222e+06 1 -1.84391e-07 0 1.01404 1.01404 507400 1 1.8676e-07 2.3974e-13 
0.03285 0.0112025 2.02955e+06 0 0 1.52216e+06 1 -2.53163e-07 0 1.01403 1.01403 507387 1 2.56767e-07 3.30594e-13 
0.0365 0.0112028 2.0295e+06 0 0 1.52212e+06 1 -3.46854e-07 0 1.01403 1.01403 507375 1 3.50569e-07 4.50266e-13 
0.04015 0.011203 2.02945e+06 0 0 1.52209e+06 1 -4.71442e-07 0 1.01402 1.01402 507362 1 4.72132e-07 6.06319e-13 
0.0438 0.0112033 2.0294e+06 0 0 1.52205e+06 1 -6.29919e-07 0 1.01402 1.01402 507350 1 6.33042e-07 8.09195e-13 
0.04745 0.0112036 2.02935e+06 0 0 1.52201e+06 1 -8.3823e-07 0 1.01401 1.01401 507337 1 8.39736e-07 1.0714e-12 
0.0511 0.0112039 2.0293e+06 0 0 1.52197e+06 1 -1.10535e-06 0 1.01401 1.01401 507325 1 1.10648e-06 1.40892e-12 
0.05475 0.0112041 2.02925e+06 0 0 1.52194e+06 1 -1.44921e-06 0 1.014 1.014 507312 1 1.44918e-06 1.84186e-12 
0.0584 0.0112044 2.0292e+06 0 0 1.5219e+06 1 -1.88577e-06 0 1.014 1.014 507300 1 1.88864e-06 2.39551e-12 
0.06205 0.0112047 2.02915e+06 0 0 1.52186e+06 1 -2.44691e-06 0 1.01399 1.01399 507287 1 2.44784e-06 3.10071e-12 
0.0657 0.011205 2.0291e+06 0 0 1.52182e+06 1 -3.16056e-06 0 1.01399 1.01399 507275 1 3.16204e-06 3.99711e-12 
0.06935 0.0112052 2.02905e+06 0 0 1.52179e+06 1 -4.06856e-06 0 1.01398 1.01398 507262 1 4.06927e-06 5.13351e-12 
0.073 0.0112055 2.029e+06 0 0 1.52175e+06 1 -5.21577e-06 0 1.01398 1.01398 507250 1 5.21714e-06 6.5705e-12 
0.07665 0.0112058 2.02895e+06 0 0 1.52171e+06 1 -6.66697e-06 0 1.01397 1.01397 507237 1 6.66906e-06 8.38431e-12 
0.0803 0.0112061 2.0289e+06 0 0 1.52167e+06 1 -8.49892e-06 0 1.01397 1.01397 507225 1 8.50158e-06 1.06689e-11 
0.08395 0.0112063 2.02885e+06 0 0 1.52164e+06 1 -1.08093e-05 0 1.01396 1.01396 507212 1 1.08095e-05 1.35415e-11 
0.0876 0.0112066 2.0288e+06 0 0 1.5216e+06 1 -1.37097e-05 0 1.01396 1.01396 507200 1 1.37111e-05 1.71487e-11 
0.09125 0.0112069 2.02875e+06 0 0 1.52156e+06 1 -1.73527e-05 0 1.01395 1.01395 507187 1 1.73542e-05 2.16705e-11 
0.0949 0.0112072 2.0287e+06 0 0 1.52152e+06 1 -2.19196e-05 0 1.01395 1.01395 507175 1 2.19218e-05 2.73317e-11 
0.09855 0.0112075 2.02865e+06 0 0 1.52149e+06 1 -2.76397e-05 0 1.01394 1.01394 507162 1 2.76416e-05 3.44111e-11 
0.1022 0.0112077 2.0286e+06 0 0 1.52145e+06 1 -3.4791e-05 0 1.01394 1.01394 507150 1 3.4796e-05 4.32539e-11 
0.10585 0.011208 2.02855e+06 0 0 1.52141e+06 1 -4.37315e-05 0 1.01393 1.01393 507137 1 4.37334e-05 5.42882e-11 
0.1095 0.0112083 2.0285e+06 0 0 1.52137e+06 1 -5.48856e-05 0 1.01393 1.01393 507125 1 5.48885e-05 6.80443e-11 
0.11315 0.0112086 2.02845e+06 0 0 1.52134e+06 1 -6.87977e-05 0 1.01392 1.01392 507112 1 6.87992e-05 8.51792e-11 
0.1168 0.0112088 2.0284e+06 0 0 1.5213e+06 1 -8.61284e-05 0 1.01392 1.01392 507100 1 8.61304e-05 1.06506e-10 
0.12045 0.0112091 2.02835e+06 0 0 1.52126e+06 1 -0.000107709 0 1.01391 1.01391 507087 1 0.000107709 1.33033e-10 
0.1241 0.0112094 2.0283e+06 0 0 1.52122e+06 1 -0.000134552 0 1.01391 1.01391 507075 1 0.000134553 1.66005e-10 
0.12775 0.0112097 2.02825e+06 0 0 1.52119e+06 1 -0.000167928 0 1.0139 1.0139 507062 1 0.00016793 2.06966e-10 
0.1314 0.0112099 2.0282e+06 0 0 1.52115e+06 1 -0.000209401 0 1.0139 1.0139 507050 1 0.000209406 2.57823e-10 
0.13505 0.0112102 2.02815e+06 0 0 1.52111e+06 1 -0.000260911 0 1.01389 1.01389 507037 1 0.000260913 3.20937e-10 
0.1387 0.0112105 2.0281e+06 0 0 1.52107e+06 1 -0.000324849 0 1.01389 1.01389 507025 1 0.00032485 3.99229e-10 
0.14235 0.0112108 2.02805e+06 0 0 1.52104e+06 1 -0.000404179 0 1.01388 1.01388 507012 1 0.000404179 4.96308e-10 
0.146 0.011211 2.028e+06 0 0 1.521e+06 1 -0.000502569 0 1.01388 1.01388 507000 1 0.00050257 6.16643e-10 
0.14965 0.0112113 2.02795e+06 0 0 1.52096e+06 1 -0.000624547 0 1.01387 1.01387 506987 1 0.000624551 7.65752e-10 
0.1533 0.0112116 2.0279e+06 0 0 1.52092e+06 1 -0.000775731 0 1.01387 1.01387 506975 1 0.000775731 9.50465e-10 
0.15695 0.0112119 2.02785e+06 0 0 1.52089e+06 1 -0.000963041 0 1.01386 1.01386 506962 1 0.000963044 1.17922e-09 
0.1606 0.0112122 2.0278e+06 0 0 1.52085e+06 1 -0.00119505 0 1.01386 1.01386 506950 1 0.00119505 1.46245e-09 
0.16425 0.0112124 2.02775e+06 0 0 1.52081e+06 1 -0.00148236 0 1.01386 1.01386 506937 1 0.00148236 1.81305e-09 
0.1679 0.0112127 2.0277e+06 0 0 1.52077e+06 1 -0.00183806 0 1.01385 1.01385 506925 1 0.00183806 2.24697e-09 
0.17155 0.011213 2.02765e+06 0 0 1.52074e+06 1 -0.00227834 0 1.01385 1.01385 506912 1 0.00227834 2.78391e-09 
0.1752 0.0112133 2.0276e+06 0 0 1.5207e+06 1 -0.00282321 0 1.01384 1.01384 506900 1 0.00282321 3.44823e-09 
0.17885 0.0112135 2.02755e+06 0 0 1.52066e+06 1 -0.00349739 0 1.01384 1.01384 506887 1 0.00349739 4.27002e-09 
0.1825 0.0112138 2.0275e+06 0 0 1.52062e+06 1 -0.00433146 0 1.01383 1.01383 506875 1 0.00433146 5.28648e-09 
0.18615 0.0112141 2.02745e+06 0 0 1.52059e+06 1 -0.00536316 0 1.01383 1.01383 506862 1 0.00536317 6.54359e-09 
0.1898 0.0112144 2.0274e+06 0 0 1.52055e+06 1 -0.00663919 0 1.01382 1.01382 506850 1 0.0066392 8.09815e-09 
0.19345 0.0112146 2.02735e+06 0 0 1.52051e+06 1 -0.00821721 0 1.01382 1.01382 506837 1 0.00821721 1.00204e-08 
0.1971 0.0112149 2.0273e+06 0 0 1.52047e+06 1 -0.0101685 0 1.01381 1.01381 506825 1 0.0101685 1.2397e-08 
0.20075 0.0112152 2.02725e+06 0 0 1.52044e+06 1 -0.012581 0 1.01381 1.01381 506812 1 0.012581 1.53353e-08 
0.2044 0.0112155 2.0272e+06 0 0 1.5204e+06 1 -0.0155635 0 1.0138 1.0138 506800 1 0.0155635 1.89676e-08 
0.20805 0.0112157 2.02715e+06 0 0 1.52036e+06 1 -0.0192505 0 1.0138 1.0138 506787 0.999999 0.0192505 2.34577e-08 
0.2117 0.011216 2.0271e+06 0 0 1.52033e+06 1 -0.0238078 0 1.01379 1.01379 506775 0.999999 0.0238078 2.90077e-08 
0.21535 0.0112163 2.02705e+06 0 0 1.52029e+06 1 -0.0294404 0 1.01379 1.01379 506762 0.999999 0.0294404 3.58675e-08 
0.219 0.0112166 2.027e+06 0 0 1.52025e+06 1 -0.0364015 0 1.01378 1.01378 506749 0.999999 0.0364015 4.43457e-08 
0.22265 0.0112169 2.02695e+06 0 0 1.52021e+06 1 -0.0450036 0 1.01378 1.01378 506737 0.999999 0.0450036 5.48235e-08 
0.2263 0.0112171 2.0269e+06 0 0 1.52018e+06 1 -0.0556326 0 1.01377 1.01377 506724 0.999998 0.0556326 6.77718e-08 
0.22995 0.0112174 2.02685e+06 0 0 1.52014e+06 1 -0.0687648 0 1.01377 1.01377 506711 0.999998 0.0687648 8.37722e-08 
0.2336 0.0112177 2.0268e+06 0 0 1.5201e+06 1 -0.084988 0 1.01376 1.01376 506699 0.999998 0.084988 1.03543e-07 
0.23725 0.011218 2.02675e+06 0 0 1.52006e+06 1 -0.105027 0 1.01376 1.01376 506686 0.999997 0.105027 1.27971e-07 
0.2409 0.0112182 2.0267e+06 0 0 1.52003e+06 1 -0.129777 0 1.01375 1.01375 506673 0.999996 0.129777 1.5815e-07 
0.24455 0.0112185 2.02665e+06 0 0 1.51999e+06 1 -0.160341 0 1.01374 1.01375 506660 0.999995 0.160341 1.95433e-07 
0.2482 0.0112188 2.0266e+06 0 0 1.51995e+06 1 -0.198076 0 1.01374 1.01374 506647 0.999994 0.198076 2.41485e-07 
0.25185 0.011219 2.02655e+06 0 0 1.51992e+06 1 -0.244656 0 1.01373 1.01374 506634 0.999993 0.244656 2.98363e-07 
0.2555 0.0112193 2.0265e+06 0 0 1.51988e+06 1 -0.302142 0 1.01373 1.01373 506620 0.999991 0.302142 3.68604e-07 
0.25915 0.0112196 2.02645e+06 0 0 1.51984e+06 1 -0.373065 0 1.01372 1.01373 506607 0.999989 0.373065 4.5533e-07 
0.2628 0.0112199 2.0264e+06 0 0 1.51981e+06 1 -0.460538 0 1.01371 1.01372 506593 0.999987 0.460538 5.62392e-07 
0.26645 0.0112201 2.02635e+06 0 0 1.51977e+06 1.00001 -0.568382 0 1.01371 1.01371 506579 0.999983 0.568382 6.94526e-07 
0.2701 0.0112204 2.0263e+06 0 0 1.51974e+06 1.00001 -0.701277 0 1.0137 1.01371 506565 0.99998 0.701277 8.5756e-07 
0.27375 0.0112206 2.02625e+06 0 0 1.5197e+06 1.00001 -0.864955 0 1.01369 1.0137 506550 0.999975 0.864955 1.05865e-06 
0.2774 0.0112209 2.0262e+06 0 0 1.51967e+06 1.00001 -1.06641 0 1.01368 1.0137 506534 0.999969 1.06641 1.30658e-06 
0.28105 0.0112212 2.02615e+06 0 0 1.51963e+06 1.00001 -1.31419 0 1.01367 1.01369 506518 0.999962 1.31419 1.61212e-06 
0.2847 0.0112214 2.0261e+06 0 0 1.5196e+06 1.00002 -1.61865 0 1.01366 1.01368 506501 0.999953 1.61865 1.98842e-06 
0.28835 0.0112216 2.02605e+06 0 0 1.51957e+06 1.00002 -1.99236 0 1.01365 1.01368 506483 0.999942 1.99236 2.45157e-06 
0.292 0.0112219 2.026e+06 0 0 1.51954e+06 1.00002 -2.45051 0 1.01364 1.01367 506464 0.999929 2.45051 3.02111e-06 
0.29565 0.0112221 2.02595e+06 0 0 1.51951e+06 1.00003 -3.01132 0 1.01362 1.01366 506443 0.999913 3.01132 3.7208e-06 
0.2993 0.0112223 2.0259e+06 0 0 1.51948e+06 1.00004 -3.69659 0 1.01361 1.01365 506421 0.999893 3.69659 4.57931e-06 
0.30295 0.0112225 2.02585e+06 0 0 1.51945e+06 1.00004 -4.53221 0 1.01359 1.01364 506396 0.999869 4.53221 5.63116e-06 
0.3066 0.0112227 2.0258e+06 0 0 1.51943e+06 1.00005 -5.54864 0 1.01356 1.01363 506369 0.99984 5.54864 6.91762e-06 
0.31025 0.0112229 2.02575e+06 0 0 1.51941e+06 1.00007 -6.78138 0 1.01354 1.01362 506338 0.999804 6.78138 8.48766e-06 
0.3139 0.011223 2.0257e+06 0 0 1.5194e+06 1.00008 -8.27127 0 1.0135 1.01361 506304 0.999762 8.27127 1.03989e-05 
0.31755 0.0112231 2.02565e+06 0 0 1.51938e+06 1.0001 -10.0645 0 1.01346 1.01359 506266 0.999711 10.0645 1.27181e-05 
0.3212 0.0112232 2.0256e+06 0 0 1.51938e+06 1.00012 -12.2121 0 1.01342 1.01358 506223 0.99965 12.2121 1.55216e-05 
0.32485 0.0112232 2.02555e+06 0 0 1.51938e+06 1.00014 -14.7689 0 1.01337 1.01356 506173 0.999577 14.7689 1.88948e-05 
0.3285 0.0112232 2.0255e+06 0 0 1.51938e+06 1.00017 -17.7908 0 1.0133 1.01353 506118 0.999492 17.7908 2.29297e-05 
0.33215 0.0112232 2.02545e+06 0 0 1.51939e+06 1.0002 -21.3312 0 1.01323 1.01351 506055 0.999393 21.3312 2.77214e-05 
0.3358 0.0112231 2.0254e+06 0 0 1.51942e+06 1.00024 -25.434 0 1.01315 1.01348 505984 0.999278 25.434 3.33598e-05 
0.33945 0.011223 2.02535e+06 0 0 1.51944e+06 1.00028 -30.1244 0 1.01305 1.01345 505906 0.999148 30.1244 3.99163e-05 
0.3431 0.0112228 2.0253e+06 0 0 1.51948e+06 1.00033 -35.3939 0 1.01294 1.01342 505819 0.999002 35.3939 4.74232e-05 
0.34675 0.0112225 2.02525e+06 0 0 1.51952e+06 1.00039 -41.1809 0 1.01282 1.01338 505726 0.998843 41.1809 5.58395e-05 
0.3504 0.0112223 2.0252e+06 0 0 1.51957e+06 1.00044 -47.3425 0 1.01269 1.01334 505629 0.998675 47.3425 6.50007e-05 
0.35405 0.0112221 2.02515e+06 0 0 1.51962e+06 1.0005 -53.619 0 1.01255 1.0133 505531 0.998505 53.619 7.45462e-05 
0.3577 0.0112219 2.0251e+06 0 0 1.51966e+06 1.00055 -59.5876 0 1.01242 1.01327 505438 0.998348 59.5876 8.38207e-05 
0.36135 0.0112219 2.02505e+06 0 0 1.51969e+06 1.00059 -64.6075 0 1.01231 1.01324 505361 0.99822 64.6075 9.17571e-05 
0.365 0.011222 2.025e+06 0 0 1.51969e+06 1.00062 -67.7558 0 1.01224 1.01322 505313 0.998149 67.7558 9.67765e-05 


0 0.0112 2.03e+06 0 0 1.5225e+06 1 0 0 1.01407 1.01407 507500 1 0 8.77098e-15 
0.00365 0.0112003 2.02995e+06 0 0 1.52246e+06 1 -3.98683e-09 0 1.01407 1.01407 507487 1 4.7189e-09 8.81495e-15 
0.0073 0.0112006 2.0299e+06 0 0 1.52242e+06 1 -8.97036e-09 0 1.01406 1.01406 507475 1 9.83554e-09 1.36291e-14 
0.01095 0.0112008 2.02985e+06 0 0 1.52239e+06 1 -1.19605e-08 0 1.01406 1.01406 507462 1 1.79169e-08 2.35651e-14 
0.0146 0.0112011 2.0298e+06 0 0 1.52235e+06 1 -2.89045e-08 0 1.01406 1.01406 507450 1 2.81517e-08 3.8777e-14 
0.01825 0.0112014 2.02975e+06 0 0 1.52231e+06 1 -4.38551e-08 0 1.01405 1.01405 507437 1 4.38415e-08 5.83413e-14 
0.0219 0.0112017 2.0297e+06 0 0 1.52227e+06 1 -6.27925e-08 0 1.01405 1.01405 507425 1 6.56771e-08 8.51379e-14 
0.02555 0.0112019 2.02965e+06 0 0 1.52224e+06 1 -9.07003e-08 0 1.01404 1.01404 507412 1 9.38792e-08 1.21651e-13 
0.0292 0.0112022 2.0296e+06 0 0 1.5222e+06 1 -1.29572e-07 0 1.01404 1.01404 507400 1 1.31668e-07 1.70188e-13 
0.03285 0.0112025 2.02955e+06 0 0 1.52216e+06 1 -1.77414e-07 0 1.01403 1.01403 507387 1 1.81894e-07 2.34662e-13 
0.0365 0.0112028 2.0295e+06 0 0 1.52212e+06 1 -2.47183e-07 0 1.01403 1.01403 507375 1 2.49852e-07 3.1947e-13 
0.04015 0.011203 2.02945e+06 0 0 1.52209e+06 1 -3.34893e-07 0 1.01402 1.01402 507362 1 3.35169e-07 4.30108e-13 
0.0438 0.0112033 2.0294e+06 0 0 1.52205e+06 1 -4.49515e-07 0 1.01402 1.01402 507350 1 4.49288e-07 5.74071e-13 
0.04745 0.0112036 2.02935e+06 0 0 1.52201e+06 1 -5.94037e-07 0 1.01401 1.01401 507337 1 5.95409e-07 7.6046e-13 
0.0511 0.0112039 2.0293e+06 0 0 1.52197e+06 1 -7.84408e-07 0 1.01401 1.01401 507325 1 7.85737e-07 9.99914e-13 
0.05475 0.0112041 2.02925e+06 0 0 1.52194e+06 1 -1.02661e-06 0 1.014 1.014 507312 1 1.02893e-06 1.30756e-12 
0.0584 0.0112044 2.0292e+06 0 0 1.5219e+06 1 -1.34157e-06 0 1.014 1.014 507300 1 1.34136e-06 1.70098e-12 
0.06205 0.0112047 2.02915e+06 0 0 1.52186e+06 1 -1.73527e-06 0 1.01399 1.01399 507287 1 1.73925e-06 2.20218e-12 
0.0657 0.011205 2.0291e+06 0 0 1.52182e+06 1 -2.24558e-06 0 1.01399 1.01399 507275 1 2.24626e-06 2.83923e-12 
0.06935 0.0112052 2.02905e+06 0 0 1.52179e+06 1 -2.88846e-06 0 1.01398 1.01398 507262 1 2.89249e-06 3.64759e-12 
0.073 0.0112055 2.029e+06 0 0 1.52175e+06 1 -3.70775e-06 0 1.01398 1.01398 507250 1 3.70803e-06 4.66972e-12 
0.07665 0.0112058 2.02895e+06 0 0 1.52171e+06 1 -4.74034e-06 0 1.01397 1.01397 507237 1 4.74273e-06 5.96038e-12 
0.0803 0.0112061 2.0289e+06 0 0 1.52167e+06 1 -6.04403e-06 0 1.01397 1.01397 507225 1 6.04535e-06 7.58657e-12 
0.08395 0.0112063 2.02885e+06 0 0 1.52164e+06 1 -7.6866e-06 0 1.01396 1.01396 507212 1 7.68855e-06 9.63179e-12 
0.0876 0.0112066 2.0288e+06 0 0 1.5216e+06 1 -9.75477e-06 0 1.01396 1.01396 507200 1 9.75471e-06 1.22002e-11 
0.09125 0.0112069 2.02875e+06 0 0 1.52156e+06 1 -1.23482e-05 0 1.01395 1.01395 507187 1 1.23505e-05 1.54209e-11 
0.0949 0.0112072 2.0287e+06 0 0 1.52152e+06 1 -1.56034e-05 0 1.01395 1.01395 507175 1 1.56031e-05 1.94544e-11 
0.09855 0.0112075 2.02865e+06 0 0 1.52149e+06 1 -1.9677e-05 0 1.01394 1.01394 507162 1 1.96792e-05 2.44991e-11 
0.1022 0.0112077 2.0286e+06 0 0 1.52145e+06 1 -2.47761e-05 0 1.01394 1.01394 507150 1 2.4778e-05 3.08016e-11 
0.10585 0.011208 2.02855e+06 0 0 1.52141e+06 1 -3.11491e-05 0 1.01393 1.01393 507137 1 3.11495e-05 3.8668e-11 
0.1095 0.0112083 2.0285e+06 0 0 1.52137e+06 1 -3.90988e-05 0 1.01393 1.01393 507125 1 3.90999e-05 4.84763e-11 
0.11315 0.0112086 2.02845e+06 0 0 1.52134e+06 1 -4.9019e-05 0 1.01392 1.01392 507112 1 4.90218e-05 6.0696e-11 
0.1168 0.0112088 2.0284e+06 0 0 1.5213e+06 1 -6.13772e-05 0 1.01392 1.01392 507100 1 6.13801e-05 7.5908e-11 
0.12045 0.0112091 2.02835e+06 0 0 1.52126e+06 1 -7.67713e-05 0 1.01391 1.01391 507087 1 7.67732e-05 9.48312e-11 
0.1241 0.0112094 2.0283e+06 0 0 1.52122e+06 1 -9.5922e-05 0 1.01391 1.01391 507075 1 9.59235e-05 1.18357e-10 
0.12775 0.0112097 2.02825e+06 0 0 1.52119e+06 1 -0.000119736 0 1.0139 1.0139 507062 1 0.000119737 1.47585e-10 
0.1314 0.0112099 2.0282e+06 0 0 1.52115e+06 1 -0.000149332 0 1.0139 1.0139 507050 1 0.000149333 1.83881e-10 
0.13505 0.0112102 2.02815e+06 0 0 1.52111e+06 1 -0.00018609 0 1.01389 1.01389 507037 1 0.000186092 2.2893e-10 
0.1387 0.0112105 2.0281e+06 0 0 1.52107e+06 1 -0.000231724 0 1.01389 1.01389 507025 1 0.000231727 2.84817e-10 
0.14235 0.0112108 2.02805e+06 0 0 1.52104e+06 1 -0.000288357 0 1.01388 1.01388 507012 1 0.000288357 3.54124e-10 
0.146 0.011211 2.028e+06 0 0 1.521e+06 1 -0.000358592 0 1.01388 1.01388 507000 1 0.000358595 4.40042e-10 
0.14965 0.0112113 2.02795e+06 0 0 1.52096e+06 1 -0.000445684 0 1.01387 1.01387 506987 1 0.000445687 5.46514e-10 
0.1533 0.0112116 2.0279e+06 0 0 1.52092e+06 1 -0.000553632 0 1.01387 1.01387 506975 1 0.000553634 6.78419e-10 
0.15695 0.0112119 2.02785e+06 0 0 1.52089e+06 1 -0.000687391 0 1.01386 1.01386 506962 1 0.000687393 8.41789e-10 
0.1606 0.0112122 2.0278e+06 0 0 1.52085e+06 1 -0.000853078 0 1.01386 1.01386 506950 1 0.000853081 1.04408e-09 
0.16425 0.0112124 2.02775e+06 0 0 1.52081e+06 1 -0.00105827 0 1.01386 1.01386 506937 1 0.00105827 1.2945e-09 
0.1679 0.0112127 2.0277e+06 0 0 1.52077e+06 1 -0.00131232 0 1.01385 1.01385 506925 1 0.00131233 1.60445e-09 
0.17155 0.011213 2.02765e+06 0 0 1.52074e+06 1 -0.0016268 0 1.01385 1.01385 506912 1 0.00162681 1.98801e-09 
0.1752 0.0112133 2.0276e+06 0 0 1.5207e+06 1 -0.00201601 0 1.01384 1.01384 506900 1 0.00201601 2.46259e-09 
0.17885 0.0112135 2.02755e+06 0 0 1.52066e+06 1 -0.00249761 0 1.01384 1.01384 506887 1 0.00249762 3.04968e-09 
0.1825 0.0112138 2.0275e+06 0 0 1.52062e+06 1 -0.00309345 0 1.01383 1.01383 506875 1 0.00309345 3.77588e-09 
0.18615 0.0112141 2.02745e+06 0 0 1.52059e+06 1 -0.00383051 0 1.01383 1.01383 506862 1 0.00383051 4.67404e-09 
0.1898 0.0112144 2.0274e+06 0 0 1.52055e+06 1 -0.00474213 0 1.01382 1.01382 506850 1 0.00474213 5.78476e-09 
0.19345 0.0112146 2.02735e+06 0 0 1.52051e+06 1 -0.00586953 0 1.01382 1.01382 506837 1 0.00586954 7.1582e-09 
0.1971 0.0112149 2.0273e+06 0 0 1.52047e+06 1 -0.00726362 0 1.01381 1.01381 506825 1 0.00726363 8.85636e-09 
0.20075 0.0112152 2.02725e+06 0 0 1.52044e+06 1 -0.00898731 0 1.01381 1.01381 506812 1 0.00898731 1.09558e-08 
0.2044 0.0112155 2.0272e+06 0 0 1.5204e+06 1 -0.0111183 0 1.0138 1.0138 506800 1 0.0111183 1.35513e-08 
0.20805 0.0112157 2.02715e+06 0 0 1.52036e+06 1 -0.0137526 0 1.0138 1.0138 506787 1 0.0137526 1.67597e-08 
0.2117 0.011216 2.0271e+06 0 0 1.52033e+06 1 -0.0170087 0 1.01379 1.01379 506775 1 0.0170087 2.07255e-08 
0.21535 0.0112163 2.02705e+06 0 0 1.52029e+06 1 -0.0210331 0 1.01379 1.01379 506762 0.999999 0.0210331 2.56272e-08 
0.219 0.0112166 2.027e+06 0 0 1.52025e+06 1 -0.0260066 0 1.01378 1.01378 506750 0.999999 0.0260066 3.16853e-08 
0.22265 0.0112169 2.02695e+06 0 0 1.52021e+06 1 -0.0321524 0 1.01378 1.01378 506737 0.999999 0.0321524 3.91722e-08 
0.2263 0.0112171 2.0269e+06 0 0 1.52018e+06 1 -0.0397462 0 1.01377 1.01377 506724 0.999999 0.0397462 4.84242e-08 
0.22995 0.0112174 2.02685e+06 0 0 1.52014e+06 1 -0.049128 0 1.01377 1.01377 506712 0.999999 0.049128 5.98569e-08 
0.2336 0.0112177 2.0268e+06 0 0 1.5201e+06 1 -0.0607176 0 1.01376 1.01376 506699 0.999998 0.0607176 7.39831e-08 
0.23725 0.011218 2.02675e+06 0 0 1.52006e+06 1 -0.0750326 0 1.01376 1.01376 506686 0.999998 0.0750326 9.14361e-08 
0.2409 0.0112182 2.0267e+06 0 0 1.52003e+06 1 -0.0927113 0 1.01375 1.01375 506674 0.999997 0.0927113 1.12998e-07 
0.24455 0.0112185 2.02665e+06 0 0 1.51999e+06 1 -0.114541 0 1.01375 1.01375 506661 0.999997 0.114541 1.39632e-07 
0.2482 0.0112188 2.0266e+06 0 0 1.51995e+06 1 -0.14149 0 1.01374 1.01374 506648 0.999996 0.14149 1.7253e-07 
0.25185 0.0112191 2.02655e+06 0 0 1.51991e+06 1 -0.174752 0 1.01373 1.01374 506635 0.999995 0.174752 2.13158e-07 
0.2555 0.0112193 2.0265e+06 0 0 1.51988e+06 1 -0.215796 0 1.01373 1.01373 506622 0.999994 0.215796 2.63325e-07 
0.25915 0.0112196 2.02645e+06 0 0 1.51984e+06 1 -0.266426 0 1.01372 1.01373 506608 0.999992 0.266426 3.25259e-07 
0.2628 0.0112199 2.0264e+06 0 0 1.5198e+06 1 -0.32886 0 1.01372 1.01372 506595 0.99999 0.32886 4.01706e-07 
0.26645 0.0112201 2.02635e+06 0 0 1.51977e+06 1 -0.405817 0 1.01371 1.01372 506581 0.999988 0.405817 4.96039e-07 
0.2701 0.0112204 2.0263e+06 0 0 1.51973e+06 1 -0.500628 0 1.0137 1.01371 506568 0.999985 0.500628 6.12409e-07 
0.27375 0.0112207 2.02625e+06 0 0 1.5197e+06 1.00001 -0.617368 0 1.0137 1.0137 506553 0.999982 0.617368 7.55911e-07 
0.2774 0.0112209 2.0262e+06 0 0 1.51966e+06 1.00001 -0.761011 0 1.01369 1.0137 506539 0.999978 0.761011 9.32794e-07 
0.28105 0.0112212 2.02615e+06 0 0 1.51963e+06 1.00001 -0.937614 0 1.01368 1.01369 506524 0.999973 0.937614 1.15071e-06 
0.2847 0.0112214 2.0261e+06 0 0 1.51959e+06 1.00001 -1.15453 0 1.01367 1.01369 506508 0.999966 1.15453 1.419e-06 
0.28835 0.0112217 2.02605e+06 0 0 1.51956e+06 1.00001 -1.42068 0 1.01366 1.01368 506491 0.999959 1.42068 1.74906e-06 
0.292 0.0112219 2.026e+06 0 0 1.51953e+06 1.00002 -1.74679 0 1.01365 1.01367 506474 0.999949 1.74679 2.15477e-06 
0.29565 0.0112222 2.02595e+06 0 0 1.51949e+06 1.00002 -2.14575 0 1.01364 1.01367 506456 0.999938 2.14575 2.6529e-06 
0.2993 0.0112224 2.0259e+06 0 0 1.51946e+06 1.00003 -2.63295 0 1.01363 1.01366 506436 0.999924 2.63295 3.26372e-06 
0.30295 0.0112226 2.02585e+06 0 0 1.51943e+06 1.00003 -3.22663 0 1.01361 1.01365 506415 0.999907 3.22663 4.01156e-06 
0.3066 0.0112228 2.0258e+06 0 0 1.51941e+06 1.00004 -3.94823 0 1.01359 1.01364 506392 0.999886 3.94823 4.92547e-06 
0.31025 0.011223 2.02575e+06 0 0 1.51938e+06 1.00005 -4.82267 0 1.01357 1.01363 506367 0.999861 4.82267 6.03979e-06 
0.3139 0.0112232 2.0257e+06 0 0 1.51936e+06 1.00006 -5.87857 0 1.01355 1.01362 506339 0.999831 5.87857 7.39483e-06 
0.31755 0.0112234 2.02565e+06 0 0 1.51934e+06 1.00007 -7.1482 0 1.01352 1.01361 506308 0.999795 7.1482 9.03718e-06 
0.3212 0.0112235 2.0256e+06 0 0 1.51933e+06 1.00008 -8.66715 0 1.01348 1.0136 506274 0.999751 8.66715 1.10199e-05 
0.32485 0.0112236 2.02555e+06 0 0 1.51931e+06 1.0001 -10.4734 0 1.01345 1.01358 506236 0.9997 10.4734 1.34018e-05 
0.3285 0.0112237 2.0255e+06 0 0 1.51931e+06 1.00012 -12.6058 0 1.0134 1.01356 506193 0.99964 12.6058 1.62463e-05 
0.33215 0.0112238 2.02545e+06 0 0 1.5193e+06 1.00014 -15.1009 0 1.01335 1.01355 506145 0.99957 15.1009 1.96179e-05 
0.3358 0.0112238 2.0254e+06 0 0 1.51931e+06 1.00017 -17.9887 0 1.01329 1.01352 506091 0.99949 17.9887 2.3577e-05 
0.33945 0.0112238 2.02535e+06 0 0 1.51932e+06 1.0002 -21.2856 0 1.01322 1.0135 506033 0.999398 21.2856 2.81705e-05 
0.3431 0.0112237 2.0253e+06 0 0 1.51933e+06 1.00023 -24.9848 0 1.01314 1.01348 505968 0.999296 24.9848 3.34168e-05 
0.34675 0.0112236 2.02525e+06 0 0 1.51935e+06 1.00027 -29.0419 0 1.01305 1.01345 505900 0.999185 29.0419 3.9283e-05 
0.3504 0.0112236 2.0252e+06 0 0 1.51937e+06 1.00031 -33.3564 0 1.01296 1.01342 505828 0.999068 33.3564 4.56509e-05 
0.35405 0.0112235 2.02515e+06 0 0 1.51939e+06 1.00035 -37.7464 0 1.01287 1.01339 505756 0.99895 37.7464 5.22677e-05 
0.3577 0.0112235 2.0251e+06 0 0 1.51941e+06 1.00039 -41.9171 0 1.01278 1.01337 505689 0.998842 41.9171 5.868e-05 
0.36135 0.0112235 2.02505e+06 0 0 1.51942e+06 1.00041 -45.4225 0 1.0127 1.01334 505632 0.998756 45.4225 6.41561e-05 
0.365 0.0112238 2.025e+06 0 0 1.5194e+06 1.00043 -47.6202 0 1.01265 1.01333 505597 0.998711 47.6202 6.76162e-05 


0 0.0112 2.03e+06 0 0 1.5225e+06 1 0 0 1.01407 1.01407 507500 1 0 8.77098e-15 
0.00365 0.0112003 2.02995e+06 0 0 1.52246e+06 1 -3.98683e-09 0 1.01407 1.01407 507487 1 3.30618e-09 8.8809e-15 
0.0073 0.0112006 2.0299e+06 0 0 1.52242e+06 1 -6.97695e-09 0 1.01406 1.01406 507475 1 6.97406e-09 9.71623e-15 
0.01095 0.0112008 2.02985e+06 0 0 1.52239e+06 1 -1.09638e-08 0 1.01406 1.01406 507462 1 1.16283e-08 1.7498e-14 
0.0146 0.0112011 2.0298e+06 0 0 1.52235e+06 1 -1.99341e-08 0 1.01406 1.01406 507450 1 2.12951e-08 2.76759e-14 
0.01825 0.0112014 2.02975e+06 0 0 1.52231e+06 1 -2.99012e-08 0 1.01405 1.01405 507437 1 3.10211e-08 4.17886e-14 
0.0219 0.0112017 2.0297e+06 0 0 1.52227e+06 1 -4.58485e-08 0 1.01405 1.01405 507425 1 4.67308e-08 6.07374e-14 
0.02555 0.0112019 2.02965e+06 0 0 1.52224e+06 1 -6.27925e-08 0 1.01404 1.01404 507412 1 6.48438e-08 8.66767e-14 
0.0292 0.0112022 2.0296e+06 0 0 1.5222e+06 1 -9.07003e-08 0 1.01404 1.01404 507400 1 9.5722e-08 1.21035e-13 
0.03285 0.0112025 2.02955e+06 0 0 1.52216e+06 1 -1.26582e-07 0 1.01403 1.01403 507387 1 1.29065e-07 1.66649e-13 
0.0365 0.0112028 2.0295e+06 0 0 1.52212e+06 1 -1.7542e-07 0 1.01403 1.01403 507375 1 1.76916e-07 2.26924e-13 
0.04015 0.011203 2.02945e+06 0 0 1.52209e+06 1 -2.34226e-07 0 1.01402 1.01402 507362 1 2.38515e-07 3.0527e-13 
0.0438 0.0112033 2.0294e+06 0 0 1.52205e+06 1 -3.17949e-07 0 1.01402 1.01402 507350 1 3.18943e-07 4.07334e-13 
0.04745 0.0112036 2.02935e+06 0 0 1.52201e+06 1 -4.22604e-07 0 1.01401 1.01401 507337 1 4.23401e-07 5.39756e-13 
0.0511 0.0112039 2.0293e+06 0 0 1.52197e+06 1 -5.57159e-07 0 1.01401 1.01401 507325 1 5.58003e-07 7.0979e-13 
0.05475 0.0112041 2.02925e+06 0 0 1.52194e+06 1 -7.29589e-07 0 1.014 1.014 507312 1 7.30988e-07 9.28361e-13 
0.0584 0.0112044 2.0292e+06 0 0 1.5219e+06 1 -9.50858e-07 0 1.014 1.014 507300 1 9.5196e-07 1.20782e-12 
0.06205 0.0112047 2.02915e+06 0 0 1.52186e+06 1 -1.23293e-06 0 1.01399 1.01399 507287 1 1.23562e-06 1.5642e-12 
0.0657 0.011205 2.0291e+06 0 0 1.52182e+06 1 -1.59373e-06 0 1.01399 1.01399 507275 1 1.59587e-06 2.01713e-12 
0.06935 0.0112052 2.02905e+06 0 0 1.52179e+06 1 -2.05322e-06 0 1.01398 1.01398 507262 1 2.05586e-06 2.5921e-12 
0.073 0.0112055 2.029e+06 0 0 1.52175e+06 1 -2.6343e-06 0 1.01398 1.01398 507250 1 2.63649e-06 3.31904e-12 
0.07665 0.0112058 2.02895e+06 0 0 1.52171e+06 1 -3.36787e-06 0 1.01397 1.01397 507237 1 3.37158e-06 4.2374e-12 
0.0803 0.0112061 2.0289e+06 0 0 1.52167e+06 1 -4.2968e-06 0 1.01397 1.01397 507225 1 4.29952e-06 5.39479e-12 
0.08395 0.0112063 2.02885e+06 0 0 1.52164e+06 1 -5.46694e-06 0 1.01396 1.01396 507212 1 5.46956e-06 6.85086e-12 
0.0876 0.0112066 2.0288e+06 0 0 1.5216e+06 1 -6.94007e-06 0 1.01396 1.01396 507200 1 6.94047e-06 8.67998e-12 
0.09125 0.0112069 2.02875e+06 0 0 1.52156e+06 1 -8.78896e-06 0 1.01395 1.01395 507187 1 8.78923e-06 1.09738e-11 
0.0949 0.0112072 2.0287e+06 0 0 1.52152e+06 1 -1.11033e-05 0 1.01395 1.01395 507175 1 1.11066e-05 1.38476e-11 
0.09855 0.0112075 2.02865e+06 0 0 1.52149e+06 1 -1.40067e-05 0 1.01394 1.01394 507162 1 1.40111e-05 1.74423e-11 
0.1022 0.0112077 2.0286e+06 0 0 1.52145e+06 1 -1.76457e-05 0 1.01394 1.01394 507150 1 1.76444e-05 2.19343e-11 
0.10585 0.011208 2.02855e+06 0 0 1.52141e+06 1 -2.21827e-05 0 1.01393 1.01393 507137 1 2.21857e-05 2.7542e-11 
0.1095 0.0112083 2.0285e+06 0 0 1.52137e+06 1 -2.7855e-05 0 1.01393 1.01393 507125 1 2.78558e-05 3.45353e-11 
0.11315 0.0112086 2.02845e+06 0 0 1.52134e+06 1 -3.49246e-05 0 1.01392 1.01392 507112 1 3.49264e-05 4.32496e-11 
0.1168 0.0112088 2.0284e+06 0 0 1.5213e+06 1 -4.37435e-05 0 1.01392 1.01392 507100 1 4.37443e-05 5.40999e-11 
0.12045 0.0112091 2.02835e+06 0 0 1.52126e+06 1 -5.47192e-05 0 1.01391 1.01391 507087 1 5.47213e-05 6.75986e-11 
0.1241 0.0112094 2.0283e+06 0 0 1.52122e+06 1 -6.8381e-05 0 1.01391 1.01391 507075 1 6.83832e-05 8.43834e-11 
0.12775 0.0112097 2.02825e+06 0 0 1.52119e+06 1 -8.53719e-05 0 1.0139 1.0139 507062 1 8.53744e-05 1.0524e-10 
0.1314 0.0112099 2.0282e+06 0 0 1.52115e+06 1 -0.000106492 0 1.0139 1.0139 507050 1 0.000106492 1.31143e-10 
0.13505 0.0112102 2.02815e+06 0 0 1.52111e+06 1 -0.000132723 0 1.01389 1.01389 507037 1 0.000132726 1.63296e-10 
0.1387 0.0112105 2.0281e+06 0 0 1.52107e+06 1 -0.000165298 0 1.01389 1.01389 507025 1 0.000165298 2.03191e-10 
0.14235 0.0112108 2.02805e+06 0 0 1.52104e+06 1 -0.000205718 0 1.01388 1.01388 507012 1 0.000205719 2.52669e-10 
0.146 0.011211 2.028e+06 0 0 1.521e+06 1 -0.000255864 0 1.01388 1.01388 507000 1 0.000255864 3.14012e-10 
0.14965 0.0112113 2.02795e+06 0 0 1.52096e+06 1 -0.000318039 0 1.01387 1.01387 506987 1 0.000318043 3.90037e-10 
0.1533 0.0112116 2.0279e+06 0 0 1.52092e+06 1 -0.000395119 0 1.01387 1.01387 506975 1 0.00039512 4.84231e-10 
0.15695 0.0112119 2.02785e+06 0 0 1.52089e+06 1 -0.00049063 0 1.01386 1.01386 506962 1 0.000490632 6.00902e-10 
0.1606 0.0112122 2.0278e+06 0 0 1.52085e+06 1 -0.000608955 0 1.01386 1.01386 506950 1 0.000608956 7.45378e-10 
0.16425 0.0112124 2.02775e+06 0 0 1.52081e+06 1 -0.000755497 0 1.01386 1.01386 506937 1 0.0007555 9.24245e-10 
0.1679 0.0112127 2.0277e+06 0 0 1.52077e+06 1 -0.00093695 0 1.01385 1.01385 506925 1 0.00093695 1.14564e-09 
0.17155 0.011213 2.02765e+06 0 0 1.52074e+06 1 -0.00116157 0 1.01385 1.01385 506912 1 0.00116157 1.41963e-09 
0.1752 0.0112133 2.0276e+06 0 0 1.5207e+06 1 -0.00143958 0 1.01384 1.01384 506900 1 0.00143958 1.75865e-09 
0.17885 0.0112135 2.02755e+06 0 0 1.52066e+06 1 -0.00178361 0 1.01384 1.01384 506887 1 0.00178361 2.17807e-09 
0.1825 0.0112138 2.0275e+06 0 0 1.52062e+06 1 -0.00220925 0 1.01383 1.01383 506875 1 0.00220925 2.69689e-09 
0.18615 0.0112141 2.02745e+06 0 0 1.52059e+06 1 -0.0027358 0 1.01383 1.01383 506862 1 0.0027358 3.33859e-09 
0.1898 0.0112144 2.0274e+06 0 0 1.52055e+06 1 -0.00338708 0 1.01382 1.01382 506850 1 0.00338708 4.13217e-09 
0.19345 0.0112146 2.02735e+06 0 0 1.52051e+06 1 -0.00419253 0 1.01382 1.01382 506837 1 0.00419253 5.11348e-09 
0.1971 0.0112149 2.0273e+06 0 0 1.52047e+06 1 -0.00518853 0 1.01381 1.01381 506825 1 0.00518854 6.32684e-09 
0.20075 0.0112152 2.02725e+06 0 0 1.52044e+06 1 -0.00642004 0 1.01381 1.01381 506812 1 0.00642004 7.82697e-09 
0.2044 0.0112155 2.0272e+06 0 0 1.5204e+06 1 -0.00794255 0 1.0138 1.0138 506800 1 0.00794256 9.68152e-09 
0.20805 0.0112157 2.02715e+06 0 0 1.52036e+06 1 -0.00982466 0 1.0138 1.0138 506787 1 0.00982467 1.1974e-08 
0.2117 0.011216 2.0271e+06 0 0 1.52032e+06 1 -0.0121511 0 1.01379 1.01379 506775 1 0.0121511 1.48078e-08 
0.21535 0.0112163 2.02705e+06 0 0 1.52029e+06 1 -0.0150264 0 1.01379 1.01379 506762 1 0.0150264 1.83103e-08 
0.219 0.0112166 2.027e+06 0 0 1.52025e+06 1 -0.0185797 0 1.01378 1.01378 506750 0.999999 0.0185797 2.2639e-08 
0.22265 0.0112169 2.02695e+06 0 0 1.52021e+06 1 -0.0229706 0 1.01378 1.01378 506737 0.999999 0.0229706 2.79886e-08 
0.2263 0.0112171 2.0269e+06 0 0 1.52018e+06 1 -0.0283957 0 1.01377 1.01377 506725 0.999999 0.0283957 3.45994e-08 
0.22995 0.0112174 2.02685e+06 0 0 1.52014e+06 1 -0.035098 0 1.01377 1.01377 506712 0.999999 0.035098 4.27681e-08 
0.2336 0.0112177 2.0268e+06 0 0 1.5201e+06 1 -0.0433772 0 1.01376 1.01376 506699 0.999999 0.0433772 5.2861e-08 
0.23725 0.011218 2.02675e+06 0 0 1.52006e+06 1 -0.0536026 0 1.01376 1.01376 506687 0.999998 0.0536026 6.53303e-08 
0.2409 0.0112182 2.0267e+06 0 0 1.52003e+06 1 -0.06623 0 1.01375 1.01375 506674 0.999998 0.06623 8.07343e-08 
0.24455 0.0112185 2.02665e+06 0 0 1.51999e+06 1 -0.0818206 0 1.01375 1.01375 506661 0.999998 0.0818206 9.97613e-08 
0.2482 0.0112188 2.0266e+06 0 0 1.51995e+06 1 -0.101066 0 1.01374 1.01374 506648 0.999997 0.101066 1.23261e-07 
0.25185 0.0112191 2.02655e+06 0 0 1.51991e+06 1 -0.124817 0 1.01374 1.01374 506636 0.999996 0.124817 1.5228e-07 
0.2555 0.0112193 2.0265e+06 0 0 1.51988e+06 1 -0.15412 0 1.01373 1.01373 506623 0.999995 0.15412 1.88108e-07 
0.25915 0.0112196 2.02645e+06 0 0 1.51984e+06 1 -0.190262 0 1.01372 1.01373 506610 0.999994 0.190262 2.32335e-07 
0.2628 0.0112199 2.0264e+06 0 0 1.5198e+06 1 -0.234821 0 1.01372 1.01372 506596 0.999993 0.234821 2.86917e-07 
0.26645 0.0112201 2.02635e+06 0 0 1.51977e+06 1 -0.289734 0 1.01371 1.01372 506583 0.999992 0.289734 3.54259e-07 
0.2701 0.0112204 2.0263e+06 0 0 1.51973e+06 1 -0.357371 0 1.01371 1.01371 506570 0.99999 0.357371 4.37315e-07 
0.27375 0.0112207 2.02625e+06 0 0 1.51969e+06 1 -0.440628 0 1.0137 1.01371 506556 0.999987 0.440628 5.39713e-07 
0.2774 0.011221 2.0262e+06 0 0 1.51966e+06 1.00001 -0.54304 0 1.01369 1.0137 506542 0.999984 0.54304 6.65894e-07 
0.28105 0.0112212 2.02615e+06 0 0 1.51962e+06 1.00001 -0.668907 0 1.01369 1.01369 506528 0.999981 0.668907 8.21296e-07 
0.2847 0.0112215 2.0261e+06 0 0 1.51959e+06 1.00001 -0.823447 0 1.01368 1.01369 506513 0.999976 0.823447 1.01256e-06 
0.28835 0.0112217 2.02605e+06 0 0 1.51955e+06 1.00001 -1.01297 0 1.01367 1.01368 506497 0.999971 1.01297 1.24776e-06 
0.292 0.011222 2.026e+06 0 0 1.51952e+06 1.00001 -1.24508 0 1.01366 1.01368 506482 0.999964 1.24508 1.53671e-06 
0.29565 0.0112222 2.02595e+06 0 0 1.51948e+06 1.00001 -1.52889 0 1.01365 1.01367 506465 0.999956 1.52889 1.89131e-06 
0.2993 0.0112225 2.0259e+06 0 0 1.51945e+06 1.00002 -1.87526 0 1.01364 1.01366 506447 0.999946 1.87526 2.32585e-06 
0.30295 0.0112227 2.02585e+06 0 0 1.51942e+06 1.00002 -2.29704 0 1.01363 1.01366 506429 0.999934 2.29704 2.85749e-06 
0.3066 0.011223 2.0258e+06 0 0 1.51939e+06 1.00003 -2.80932 0 1.01361 1.01365 506409 0.999919 2.80932 3.50666e-06 
0.31025 0.0112232 2.02575e+06 0 0 1.51936e+06 1.00003 -3.4296 0 1.0136 1.01364 506387 0.999901 3.4296 4.29746e-06 
0.3139 0.0112234 2.0257e+06 0 0 1.51934e+06 1.00004 -4.17795 0 1.01358 1.01363 506364 0.99988 4.17795 5.2581e-06 
0.31755 0.0112236 2.02565e+06 0 0 1.51931e+06 1.00005 -5.07693 0 1.01356 1.01362 506339 0.999854 5.07693 6.42107e-06 
0.3212 0.0112238 2.0256e+06 0 0 1.51929e+06 1.00006 -6.15135 0 1.01353 1.01361 506311 0.999824 6.15135 7.82322e-06 
0.32485 0.0112239 2.02555e+06 0 0 1.51927e+06 1.00007 -7.42764 0 1.0135 1.0136 506280 0.999788 7.42764 9.50525e-06 
0.3285 0.0112241 2.0255e+06 0 0 1.51925e+06 1.00008 -8.93262 0 1.01347 1.01358 506246 0.999745 8.93262 1.15107e-05 
0.33215 0.0112242 2.02545e+06 0 0 1.51924e+06 1.0001 -10.6915 0 1.01343 1.01357 506208 0.999696 10.6915 1.38835e-05 
0.3358 0.0112243 2.0254e+06 0 0 1.51923e+06 1.00012 -12.7247 0 1.01339 1.01355 506167 0.999639 12.7247 1.66643e-05 
0.33945 0.0112243 2.02535e+06 0 0 1.51923e+06 1.00014 -15.043 0 1.01334 1.01354 506122 0.999575 15.043 1.98836e-05 
0.3431 0.0112244 2.0253e+06 0 0 1.51923e+06 1.00017 -17.6409 0 1.01328 1.01352 506073 0.999503 17.6409 2.35519e-05 
0.34675 0.0112244 2.02525e+06 0 0 1.51923e+06 1.00019 -20.4867 0 1.01322 1.0135 506022 0.999426 20.4867 2.76434e-05 
0.3504 0.0112245 2.0252e+06 0 0 1.51923e+06 1.00022 -23.5094 0 1.01315 1.01348 505968 0.999345 23.5094 3.20734e-05 
0.35405 0.0112245 2.02515e+06 0 0 1.51923e+06 1.00025 -26.5818 0 1.01309 1.01345 505915 0.999264 26.5818 3.66644e-05 
0.3577 0.0112246 2.0251e+06 0 0 1.51923e+06 1.00027 -29.4982 0 1.01302 1.01344 505865 0.99919 29.4982 4.1103e-05 
0.36135 0.0112247 2.02505e+06 0 0 1.51923e+06 1.00029 -31.9477 0 1.01297 1.01342 505823 0.999132 31.9477 4.48864e-05 
0.365 0.011225 2.025e+06 0 0 1.5192e+06 1.0003 -33.4828 0 1.01293 1.01341 505797 0.999106 33.4828 4.72748e-05 


